record_id,label,class_name
btmri_00000,0,glioma
btmri_00001,0,glioma
btmri_00002,0,glioma
btmri_00003,0,glioma
btmri_00004,0,glioma
btmri_00005,0,glioma
btmri_00006,0,glioma
btmri_00007,0,glioma
btmri_00008,0,glioma
btmri_00009,0,glioma
btmri_00010,0,glioma
btmri_00011,0,glioma
btmri_00012,0,glioma
btmri_00013,0,glioma
btmri_00014,0,glioma
btmri_00015,0,glioma
btmri_00016,0,glioma
btmri_00017,0,glioma
btmri_00018,0,glioma
btmri_00019,0,glioma
btmri_00020,0,glioma
btmri_00021,0,glioma
btmri_00022,0,glioma
btmri_00023,0,glioma
btmri_00024,0,glioma
btmri_00025,0,glioma
btmri_00026,0,glioma
btmri_00027,0,glioma
btmri_00028,0,glioma
btmri_00029,0,glioma
btmri_00030,0,glioma
btmri_00031,0,glioma
btmri_00032,0,glioma
btmri_00033,0,glioma
btmri_00034,0,glioma
btmri_00035,0,glioma
btmri_00036,0,glioma
btmri_00037,0,glioma
btmri_00038,0,glioma
btmri_00039,0,glioma
btmri_00040,0,glioma
btmri_00041,0,glioma
btmri_00042,0,glioma
btmri_00043,0,glioma
btmri_00044,0,glioma
btmri_00045,0,glioma
btmri_00046,0,glioma
btmri_00047,0,glioma
btmri_00048,0,glioma
btmri_00049,0,glioma
btmri_00050,0,glioma
btmri_00051,0,glioma
btmri_00052,0,glioma
btmri_00053,0,glioma
btmri_00054,0,glioma
btmri_00055,0,glioma
btmri_00056,0,glioma
btmri_00057,0,glioma
btmri_00058,0,glioma
btmri_00059,0,glioma
btmri_00060,0,glioma
btmri_00061,0,glioma
btmri_00062,0,glioma
btmri_00063,0,glioma
btmri_00064,0,glioma
btmri_00065,0,glioma
btmri_00066,0,glioma
btmri_00067,0,glioma
btmri_00068,0,glioma
btmri_00069,0,glioma
btmri_00070,0,glioma
btmri_00071,0,glioma
btmri_00072,0,glioma
btmri_00073,0,glioma
btmri_00074,0,glioma
btmri_00075,0,glioma
btmri_00076,0,glioma
btmri_00077,0,glioma
btmri_00078,0,glioma
btmri_00079,0,glioma
btmri_00080,0,glioma
btmri_00081,0,glioma
btmri_00082,0,glioma
btmri_00083,0,glioma
btmri_00084,0,glioma
btmri_00085,0,glioma
btmri_00086,0,glioma
btmri_00087,0,glioma
btmri_00088,0,glioma
btmri_00089,0,glioma
btmri_00090,0,glioma
btmri_00091,0,glioma
btmri_00092,0,glioma
btmri_00093,0,glioma
btmri_00094,0,glioma
btmri_00095,0,glioma
btmri_00096,0,glioma
btmri_00097,0,glioma
btmri_00098,0,glioma
btmri_00099,0,glioma
btmri_00100,0,glioma
btmri_00101,0,glioma
btmri_00102,0,glioma
btmri_00103,0,glioma
btmri_00104,0,glioma
btmri_00105,0,glioma
btmri_00106,0,glioma
btmri_00107,0,glioma
btmri_00108,0,glioma
btmri_00109,0,glioma
btmri_00110,0,glioma
btmri_00111,0,glioma
btmri_00112,0,glioma
btmri_00113,0,glioma
btmri_00114,0,glioma
btmri_00115,0,glioma
btmri_00116,0,glioma
btmri_00117,0,glioma
btmri_00118,0,glioma
btmri_00119,0,glioma
btmri_00120,0,glioma
btmri_00121,0,glioma
btmri_00122,0,glioma
btmri_00123,0,glioma
btmri_00124,0,glioma
btmri_00125,0,glioma
btmri_00126,0,glioma
btmri_00127,0,glioma
btmri_00128,0,glioma
btmri_00129,0,glioma
btmri_00130,0,glioma
btmri_00131,0,glioma
btmri_00132,0,glioma
btmri_00133,0,glioma
btmri_00134,0,glioma
btmri_00135,0,glioma
btmri_00136,0,glioma
btmri_00137,0,glioma
btmri_00138,0,glioma
btmri_00139,0,glioma
btmri_00140,0,glioma
btmri_00141,0,glioma
btmri_00142,0,glioma
btmri_00143,0,glioma
btmri_00144,0,glioma
btmri_00145,0,glioma
btmri_00146,0,glioma
btmri_00147,0,glioma
btmri_00148,0,glioma
btmri_00149,0,glioma
btmri_00150,0,glioma
btmri_00151,0,glioma
btmri_00152,0,glioma
btmri_00153,0,glioma
btmri_00154,0,glioma
btmri_00155,0,glioma
btmri_00156,0,glioma
btmri_00157,0,glioma
btmri_00158,0,glioma
btmri_00159,0,glioma
btmri_00160,0,glioma
btmri_00161,0,glioma
btmri_00162,0,glioma
btmri_00163,0,glioma
btmri_00164,0,glioma
btmri_00165,0,glioma
btmri_00166,0,glioma
btmri_00167,0,glioma
btmri_00168,0,glioma
btmri_00169,0,glioma
btmri_00170,0,glioma
btmri_00171,0,glioma
btmri_00172,0,glioma
btmri_00173,0,glioma
btmri_00174,0,glioma
btmri_00175,0,glioma
btmri_00176,0,glioma
btmri_00177,0,glioma
btmri_00178,0,glioma
btmri_00179,0,glioma
btmri_00180,0,glioma
btmri_00181,0,glioma
btmri_00182,0,glioma
btmri_00183,0,glioma
btmri_00184,0,glioma
btmri_00185,0,glioma
btmri_00186,0,glioma
btmri_00187,0,glioma
btmri_00188,0,glioma
btmri_00189,0,glioma
btmri_00190,0,glioma
btmri_00191,0,glioma
btmri_00192,0,glioma
btmri_00193,0,glioma
btmri_00194,0,glioma
btmri_00195,0,glioma
btmri_00196,0,glioma
btmri_00197,0,glioma
btmri_00198,0,glioma
btmri_00199,0,glioma
btmri_00200,0,glioma
btmri_00201,0,glioma
btmri_00202,0,glioma
btmri_00203,0,glioma
btmri_00204,0,glioma
btmri_00205,0,glioma
btmri_00206,0,glioma
btmri_00207,0,glioma
btmri_00208,0,glioma
btmri_00209,0,glioma
btmri_00210,0,glioma
btmri_00211,0,glioma
btmri_00212,0,glioma
btmri_00213,0,glioma
btmri_00214,0,glioma
btmri_00215,0,glioma
btmri_00216,0,glioma
btmri_00217,0,glioma
btmri_00218,0,glioma
btmri_00219,0,glioma
btmri_00220,0,glioma
btmri_00221,0,glioma
btmri_00222,0,glioma
btmri_00223,0,glioma
btmri_00224,0,glioma
btmri_00225,0,glioma
btmri_00226,0,glioma
btmri_00227,0,glioma
btmri_00228,0,glioma
btmri_00229,0,glioma
btmri_00230,0,glioma
btmri_00231,0,glioma
btmri_00232,0,glioma
btmri_00233,0,glioma
btmri_00234,0,glioma
btmri_00235,0,glioma
btmri_00236,0,glioma
btmri_00237,0,glioma
btmri_00238,0,glioma
btmri_00239,0,glioma
btmri_00240,0,glioma
btmri_00241,0,glioma
btmri_00242,0,glioma
btmri_00243,0,glioma
btmri_00244,0,glioma
btmri_00245,0,glioma
btmri_00246,0,glioma
btmri_00247,0,glioma
btmri_00248,0,glioma
btmri_00249,0,glioma
btmri_00250,0,glioma
btmri_00251,0,glioma
btmri_00252,0,glioma
btmri_00253,0,glioma
btmri_00254,0,glioma
btmri_00255,0,glioma
btmri_00256,0,glioma
btmri_00257,0,glioma
btmri_00258,0,glioma
btmri_00259,0,glioma
btmri_00260,0,glioma
btmri_00261,0,glioma
btmri_00262,0,glioma
btmri_00263,0,glioma
btmri_00264,0,glioma
btmri_00265,0,glioma
btmri_00266,0,glioma
btmri_00267,0,glioma
btmri_00268,0,glioma
btmri_00269,0,glioma
btmri_00270,0,glioma
btmri_00271,0,glioma
btmri_00272,0,glioma
btmri_00273,0,glioma
btmri_00274,0,glioma
btmri_00275,0,glioma
btmri_00276,0,glioma
btmri_00277,0,glioma
btmri_00278,0,glioma
btmri_00279,0,glioma
btmri_00280,0,glioma
btmri_00281,0,glioma
btmri_00282,0,glioma
btmri_00283,0,glioma
btmri_00284,0,glioma
btmri_00285,0,glioma
btmri_00286,0,glioma
btmri_00287,0,glioma
btmri_00288,0,glioma
btmri_00289,0,glioma
btmri_00290,0,glioma
btmri_00291,0,glioma
btmri_00292,0,glioma
btmri_00293,0,glioma
btmri_00294,0,glioma
btmri_00295,0,glioma
btmri_00296,0,glioma
btmri_00297,0,glioma
btmri_00298,0,glioma
btmri_00299,0,glioma
btmri_00300,1,meningioma
btmri_00301,1,meningioma
btmri_00302,1,meningioma
btmri_00303,1,meningioma
btmri_00304,1,meningioma
btmri_00305,1,meningioma
btmri_00306,1,meningioma
btmri_00307,1,meningioma
btmri_00308,1,meningioma
btmri_00309,1,meningioma
btmri_00310,1,meningioma
btmri_00311,1,meningioma
btmri_00312,1,meningioma
btmri_00313,1,meningioma
btmri_00314,1,meningioma
btmri_00315,1,meningioma
btmri_00316,1,meningioma
btmri_00317,1,meningioma
btmri_00318,1,meningioma
btmri_00319,1,meningioma
btmri_00320,1,meningioma
btmri_00321,1,meningioma
btmri_00322,1,meningioma
btmri_00323,1,meningioma
btmri_00324,1,meningioma
btmri_00325,1,meningioma
btmri_00326,1,meningioma
btmri_00327,1,meningioma
btmri_00328,1,meningioma
btmri_00329,1,meningioma
btmri_00330,1,meningioma
btmri_00331,1,meningioma
btmri_00332,1,meningioma
btmri_00333,1,meningioma
btmri_00334,1,meningioma
btmri_00335,1,meningioma
btmri_00336,1,meningioma
btmri_00337,1,meningioma
btmri_00338,1,meningioma
btmri_00339,1,meningioma
btmri_00340,1,meningioma
btmri_00341,1,meningioma
btmri_00342,1,meningioma
btmri_00343,1,meningioma
btmri_00344,1,meningioma
btmri_00345,1,meningioma
btmri_00346,1,meningioma
btmri_00347,1,meningioma
btmri_00348,1,meningioma
btmri_00349,1,meningioma
btmri_00350,1,meningioma
btmri_00351,1,meningioma
btmri_00352,1,meningioma
btmri_00353,1,meningioma
btmri_00354,1,meningioma
btmri_00355,1,meningioma
btmri_00356,1,meningioma
btmri_00357,1,meningioma
btmri_00358,1,meningioma
btmri_00359,1,meningioma
btmri_00360,1,meningioma
btmri_00361,1,meningioma
btmri_00362,1,meningioma
btmri_00363,1,meningioma
btmri_00364,1,meningioma
btmri_00365,1,meningioma
btmri_00366,1,meningioma
btmri_00367,1,meningioma
btmri_00368,1,meningioma
btmri_00369,1,meningioma
btmri_00370,1,meningioma
btmri_00371,1,meningioma
btmri_00372,1,meningioma
btmri_00373,1,meningioma
btmri_00374,1,meningioma
btmri_00375,1,meningioma
btmri_00376,1,meningioma
btmri_00377,1,meningioma
btmri_00378,1,meningioma
btmri_00379,1,meningioma
btmri_00380,1,meningioma
btmri_00381,1,meningioma
btmri_00382,1,meningioma
btmri_00383,1,meningioma
btmri_00384,1,meningioma
btmri_00385,1,meningioma
btmri_00386,1,meningioma
btmri_00387,1,meningioma
btmri_00388,1,meningioma
btmri_00389,1,meningioma
btmri_00390,1,meningioma
btmri_00391,1,meningioma
btmri_00392,1,meningioma
btmri_00393,1,meningioma
btmri_00394,1,meningioma
btmri_00395,1,meningioma
btmri_00396,1,meningioma
btmri_00397,1,meningioma
btmri_00398,1,meningioma
btmri_00399,1,meningioma
btmri_00400,1,meningioma
btmri_00401,1,meningioma
btmri_00402,1,meningioma
btmri_00403,1,meningioma
btmri_00404,1,meningioma
btmri_00405,1,meningioma
btmri_00406,1,meningioma
btmri_00407,1,meningioma
btmri_00408,1,meningioma
btmri_00409,1,meningioma
btmri_00410,1,meningioma
btmri_00411,1,meningioma
btmri_00412,1,meningioma
btmri_00413,1,meningioma
btmri_00414,1,meningioma
btmri_00415,1,meningioma
btmri_00416,1,meningioma
btmri_00417,1,meningioma
btmri_00418,1,meningioma
btmri_00419,1,meningioma
btmri_00420,1,meningioma
btmri_00421,1,meningioma
btmri_00422,1,meningioma
btmri_00423,1,meningioma
btmri_00424,1,meningioma
btmri_00425,1,meningioma
btmri_00426,1,meningioma
btmri_00427,1,meningioma
btmri_00428,1,meningioma
btmri_00429,1,meningioma
btmri_00430,1,meningioma
btmri_00431,1,meningioma
btmri_00432,1,meningioma
btmri_00433,1,meningioma
btmri_00434,1,meningioma
btmri_00435,1,meningioma
btmri_00436,1,meningioma
btmri_00437,1,meningioma
btmri_00438,1,meningioma
btmri_00439,1,meningioma
btmri_00440,1,meningioma
btmri_00441,1,meningioma
btmri_00442,1,meningioma
btmri_00443,1,meningioma
btmri_00444,1,meningioma
btmri_00445,1,meningioma
btmri_00446,1,meningioma
btmri_00447,1,meningioma
btmri_00448,1,meningioma
btmri_00449,1,meningioma
btmri_00450,1,meningioma
btmri_00451,1,meningioma
btmri_00452,1,meningioma
btmri_00453,1,meningioma
btmri_00454,1,meningioma
btmri_00455,1,meningioma
btmri_00456,1,meningioma
btmri_00457,1,meningioma
btmri_00458,1,meningioma
btmri_00459,1,meningioma
btmri_00460,1,meningioma
btmri_00461,1,meningioma
btmri_00462,1,meningioma
btmri_00463,1,meningioma
btmri_00464,1,meningioma
btmri_00465,1,meningioma
btmri_00466,1,meningioma
btmri_00467,1,meningioma
btmri_00468,1,meningioma
btmri_00469,1,meningioma
btmri_00470,1,meningioma
btmri_00471,1,meningioma
btmri_00472,1,meningioma
btmri_00473,1,meningioma
btmri_00474,1,meningioma
btmri_00475,1,meningioma
btmri_00476,1,meningioma
btmri_00477,1,meningioma
btmri_00478,1,meningioma
btmri_00479,1,meningioma
btmri_00480,1,meningioma
btmri_00481,1,meningioma
btmri_00482,1,meningioma
btmri_00483,1,meningioma
btmri_00484,1,meningioma
btmri_00485,1,meningioma
btmri_00486,1,meningioma
btmri_00487,1,meningioma
btmri_00488,1,meningioma
btmri_00489,1,meningioma
btmri_00490,1,meningioma
btmri_00491,1,meningioma
btmri_00492,1,meningioma
btmri_00493,1,meningioma
btmri_00494,1,meningioma
btmri_00495,1,meningioma
btmri_00496,1,meningioma
btmri_00497,1,meningioma
btmri_00498,1,meningioma
btmri_00499,1,meningioma
btmri_00500,1,meningioma
btmri_00501,1,meningioma
btmri_00502,1,meningioma
btmri_00503,1,meningioma
btmri_00504,1,meningioma
btmri_00505,1,meningioma
btmri_00506,1,meningioma
btmri_00507,1,meningioma
btmri_00508,1,meningioma
btmri_00509,1,meningioma
btmri_00510,1,meningioma
btmri_00511,1,meningioma
btmri_00512,1,meningioma
btmri_00513,1,meningioma
btmri_00514,1,meningioma
btmri_00515,1,meningioma
btmri_00516,1,meningioma
btmri_00517,1,meningioma
btmri_00518,1,meningioma
btmri_00519,1,meningioma
btmri_00520,1,meningioma
btmri_00521,1,meningioma
btmri_00522,1,meningioma
btmri_00523,1,meningioma
btmri_00524,1,meningioma
btmri_00525,1,meningioma
btmri_00526,1,meningioma
btmri_00527,1,meningioma
btmri_00528,1,meningioma
btmri_00529,1,meningioma
btmri_00530,1,meningioma
btmri_00531,1,meningioma
btmri_00532,1,meningioma
btmri_00533,1,meningioma
btmri_00534,1,meningioma
btmri_00535,1,meningioma
btmri_00536,1,meningioma
btmri_00537,1,meningioma
btmri_00538,1,meningioma
btmri_00539,1,meningioma
btmri_00540,1,meningioma
btmri_00541,1,meningioma
btmri_00542,1,meningioma
btmri_00543,1,meningioma
btmri_00544,1,meningioma
btmri_00545,1,meningioma
btmri_00546,1,meningioma
btmri_00547,1,meningioma
btmri_00548,1,meningioma
btmri_00549,1,meningioma
btmri_00550,1,meningioma
btmri_00551,1,meningioma
btmri_00552,1,meningioma
btmri_00553,1,meningioma
btmri_00554,1,meningioma
btmri_00555,1,meningioma
btmri_00556,1,meningioma
btmri_00557,1,meningioma
btmri_00558,1,meningioma
btmri_00559,1,meningioma
btmri_00560,1,meningioma
btmri_00561,1,meningioma
btmri_00562,1,meningioma
btmri_00563,1,meningioma
btmri_00564,1,meningioma
btmri_00565,1,meningioma
btmri_00566,1,meningioma
btmri_00567,1,meningioma
btmri_00568,1,meningioma
btmri_00569,1,meningioma
btmri_00570,1,meningioma
btmri_00571,1,meningioma
btmri_00572,1,meningioma
btmri_00573,1,meningioma
btmri_00574,1,meningioma
btmri_00575,1,meningioma
btmri_00576,1,meningioma
btmri_00577,1,meningioma
btmri_00578,1,meningioma
btmri_00579,1,meningioma
btmri_00580,1,meningioma
btmri_00581,1,meningioma
btmri_00582,1,meningioma
btmri_00583,1,meningioma
btmri_00584,1,meningioma
btmri_00585,1,meningioma
btmri_00586,1,meningioma
btmri_00587,1,meningioma
btmri_00588,1,meningioma
btmri_00589,1,meningioma
btmri_00590,1,meningioma
btmri_00591,1,meningioma
btmri_00592,1,meningioma
btmri_00593,1,meningioma
btmri_00594,1,meningioma
btmri_00595,1,meningioma
btmri_00596,1,meningioma
btmri_00597,1,meningioma
btmri_00598,1,meningioma
btmri_00599,1,meningioma
btmri_00600,1,meningioma
btmri_00601,1,meningioma
btmri_00602,1,meningioma
btmri_00603,1,meningioma
btmri_00604,1,meningioma
btmri_00605,1,meningioma
btmri_00606,2,notumor
btmri_00607,2,notumor
btmri_00608,2,notumor
btmri_00609,2,notumor
btmri_00610,2,notumor
btmri_00611,2,notumor
btmri_00612,2,notumor
btmri_00613,2,notumor
btmri_00614,2,notumor
btmri_00615,2,notumor
btmri_00616,2,notumor
btmri_00617,2,notumor
btmri_00618,2,notumor
btmri_00619,2,notumor
btmri_00620,2,notumor
btmri_00621,2,notumor
btmri_00622,2,notumor
btmri_00623,2,notumor
btmri_00624,2,notumor
btmri_00625,2,notumor
btmri_00626,2,notumor
btmri_00627,2,notumor
btmri_00628,2,notumor
btmri_00629,2,notumor
btmri_00630,2,notumor
btmri_00631,2,notumor
btmri_00632,2,notumor
btmri_00633,2,notumor
btmri_00634,2,notumor
btmri_00635,2,notumor
btmri_00636,2,notumor
btmri_00637,2,notumor
btmri_00638,2,notumor
btmri_00639,2,notumor
btmri_00640,2,notumor
btmri_00641,2,notumor
btmri_00642,2,notumor
btmri_00643,2,notumor
btmri_00644,2,notumor
btmri_00645,2,notumor
btmri_00646,2,notumor
btmri_00647,2,notumor
btmri_00648,2,notumor
btmri_00649,2,notumor
btmri_00650,2,notumor
btmri_00651,2,notumor
btmri_00652,2,notumor
btmri_00653,2,notumor
btmri_00654,2,notumor
btmri_00655,2,notumor
btmri_00656,2,notumor
btmri_00657,2,notumor
btmri_00658,2,notumor
btmri_00659,2,notumor
btmri_00660,2,notumor
btmri_00661,2,notumor
btmri_00662,2,notumor
btmri_00663,2,notumor
btmri_00664,2,notumor
btmri_00665,2,notumor
btmri_00666,2,notumor
btmri_00667,2,notumor
btmri_00668,2,notumor
btmri_00669,2,notumor
btmri_00670,2,notumor
btmri_00671,2,notumor
btmri_00672,2,notumor
btmri_00673,2,notumor
btmri_00674,2,notumor
btmri_00675,2,notumor
btmri_00676,2,notumor
btmri_00677,2,notumor
btmri_00678,2,notumor
btmri_00679,2,notumor
btmri_00680,2,notumor
btmri_00681,2,notumor
btmri_00682,2,notumor
btmri_00683,2,notumor
btmri_00684,2,notumor
btmri_00685,2,notumor
btmri_00686,2,notumor
btmri_00687,2,notumor
btmri_00688,2,notumor
btmri_00689,2,notumor
btmri_00690,2,notumor
btmri_00691,2,notumor
btmri_00692,2,notumor
btmri_00693,2,notumor
btmri_00694,2,notumor
btmri_00695,2,notumor
btmri_00696,2,notumor
btmri_00697,2,notumor
btmri_00698,2,notumor
btmri_00699,2,notumor
btmri_00700,2,notumor
btmri_00701,2,notumor
btmri_00702,2,notumor
btmri_00703,2,notumor
btmri_00704,2,notumor
btmri_00705,2,notumor
btmri_00706,2,notumor
btmri_00707,2,notumor
btmri_00708,2,notumor
btmri_00709,2,notumor
btmri_00710,2,notumor
btmri_00711,2,notumor
btmri_00712,2,notumor
btmri_00713,2,notumor
btmri_00714,2,notumor
btmri_00715,2,notumor
btmri_00716,2,notumor
btmri_00717,2,notumor
btmri_00718,2,notumor
btmri_00719,2,notumor
btmri_00720,2,notumor
btmri_00721,2,notumor
btmri_00722,2,notumor
btmri_00723,2,notumor
btmri_00724,2,notumor
btmri_00725,2,notumor
btmri_00726,2,notumor
btmri_00727,2,notumor
btmri_00728,2,notumor
btmri_00729,2,notumor
btmri_00730,2,notumor
btmri_00731,2,notumor
btmri_00732,2,notumor
btmri_00733,2,notumor
btmri_00734,2,notumor
btmri_00735,2,notumor
btmri_00736,2,notumor
btmri_00737,2,notumor
btmri_00738,2,notumor
btmri_00739,2,notumor
btmri_00740,2,notumor
btmri_00741,2,notumor
btmri_00742,2,notumor
btmri_00743,2,notumor
btmri_00744,2,notumor
btmri_00745,2,notumor
btmri_00746,2,notumor
btmri_00747,2,notumor
btmri_00748,2,notumor
btmri_00749,2,notumor
btmri_00750,2,notumor
btmri_00751,2,notumor
btmri_00752,2,notumor
btmri_00753,2,notumor
btmri_00754,2,notumor
btmri_00755,2,notumor
btmri_00756,2,notumor
btmri_00757,2,notumor
btmri_00758,2,notumor
btmri_00759,2,notumor
btmri_00760,2,notumor
btmri_00761,2,notumor
btmri_00762,2,notumor
btmri_00763,2,notumor
btmri_00764,2,notumor
btmri_00765,2,notumor
btmri_00766,2,notumor
btmri_00767,2,notumor
btmri_00768,2,notumor
btmri_00769,2,notumor
btmri_00770,2,notumor
btmri_00771,2,notumor
btmri_00772,2,notumor
btmri_00773,2,notumor
btmri_00774,2,notumor
btmri_00775,2,notumor
btmri_00776,2,notumor
btmri_00777,2,notumor
btmri_00778,2,notumor
btmri_00779,2,notumor
btmri_00780,2,notumor
btmri_00781,2,notumor
btmri_00782,2,notumor
btmri_00783,2,notumor
btmri_00784,2,notumor
btmri_00785,2,notumor
btmri_00786,2,notumor
btmri_00787,2,notumor
btmri_00788,2,notumor
btmri_00789,2,notumor
btmri_00790,2,notumor
btmri_00791,2,notumor
btmri_00792,2,notumor
btmri_00793,2,notumor
btmri_00794,2,notumor
btmri_00795,2,notumor
btmri_00796,2,notumor
btmri_00797,2,notumor
btmri_00798,2,notumor
btmri_00799,2,notumor
btmri_00800,2,notumor
btmri_00801,2,notumor
btmri_00802,2,notumor
btmri_00803,2,notumor
btmri_00804,2,notumor
btmri_00805,2,notumor
btmri_00806,2,notumor
btmri_00807,2,notumor
btmri_00808,2,notumor
btmri_00809,2,notumor
btmri_00810,2,notumor
btmri_00811,2,notumor
btmri_00812,2,notumor
btmri_00813,2,notumor
btmri_00814,2,notumor
btmri_00815,2,notumor
btmri_00816,2,notumor
btmri_00817,2,notumor
btmri_00818,2,notumor
btmri_00819,2,notumor
btmri_00820,2,notumor
btmri_00821,2,notumor
btmri_00822,2,notumor
btmri_00823,2,notumor
btmri_00824,2,notumor
btmri_00825,2,notumor
btmri_00826,2,notumor
btmri_00827,2,notumor
btmri_00828,2,notumor
btmri_00829,2,notumor
btmri_00830,2,notumor
btmri_00831,2,notumor
btmri_00832,2,notumor
btmri_00833,2,notumor
btmri_00834,2,notumor
btmri_00835,2,notumor
btmri_00836,2,notumor
btmri_00837,2,notumor
btmri_00838,2,notumor
btmri_00839,2,notumor
btmri_00840,2,notumor
btmri_00841,2,notumor
btmri_00842,2,notumor
btmri_00843,2,notumor
btmri_00844,2,notumor
btmri_00845,2,notumor
btmri_00846,2,notumor
btmri_00847,2,notumor
btmri_00848,2,notumor
btmri_00849,2,notumor
btmri_00850,2,notumor
btmri_00851,2,notumor
btmri_00852,2,notumor
btmri_00853,2,notumor
btmri_00854,2,notumor
btmri_00855,2,notumor
btmri_00856,2,notumor
btmri_00857,2,notumor
btmri_00858,2,notumor
btmri_00859,2,notumor
btmri_00860,2,notumor
btmri_00861,2,notumor
btmri_00862,2,notumor
btmri_00863,2,notumor
btmri_00864,2,notumor
btmri_00865,2,notumor
btmri_00866,2,notumor
btmri_00867,2,notumor
btmri_00868,2,notumor
btmri_00869,2,notumor
btmri_00870,2,notumor
btmri_00871,2,notumor
btmri_00872,2,notumor
btmri_00873,2,notumor
btmri_00874,2,notumor
btmri_00875,2,notumor
btmri_00876,2,notumor
btmri_00877,2,notumor
btmri_00878,2,notumor
btmri_00879,2,notumor
btmri_00880,2,notumor
btmri_00881,2,notumor
btmri_00882,2,notumor
btmri_00883,2,notumor
btmri_00884,2,notumor
btmri_00885,2,notumor
btmri_00886,2,notumor
btmri_00887,2,notumor
btmri_00888,2,notumor
btmri_00889,2,notumor
btmri_00890,2,notumor
btmri_00891,2,notumor
btmri_00892,2,notumor
btmri_00893,2,notumor
btmri_00894,2,notumor
btmri_00895,2,notumor
btmri_00896,2,notumor
btmri_00897,2,notumor
btmri_00898,2,notumor
btmri_00899,2,notumor
btmri_00900,2,notumor
btmri_00901,2,notumor
btmri_00902,2,notumor
btmri_00903,2,notumor
btmri_00904,2,notumor
btmri_00905,2,notumor
btmri_00906,2,notumor
btmri_00907,2,notumor
btmri_00908,2,notumor
btmri_00909,2,notumor
btmri_00910,2,notumor
btmri_00911,2,notumor
btmri_00912,2,notumor
btmri_00913,2,notumor
btmri_00914,2,notumor
btmri_00915,2,notumor
btmri_00916,2,notumor
btmri_00917,2,notumor
btmri_00918,2,notumor
btmri_00919,2,notumor
btmri_00920,2,notumor
btmri_00921,2,notumor
btmri_00922,2,notumor
btmri_00923,2,notumor
btmri_00924,2,notumor
btmri_00925,2,notumor
btmri_00926,2,notumor
btmri_00927,2,notumor
btmri_00928,2,notumor
btmri_00929,2,notumor
btmri_00930,2,notumor
btmri_00931,2,notumor
btmri_00932,2,notumor
btmri_00933,2,notumor
btmri_00934,2,notumor
btmri_00935,2,notumor
btmri_00936,2,notumor
btmri_00937,2,notumor
btmri_00938,2,notumor
btmri_00939,2,notumor
btmri_00940,2,notumor
btmri_00941,2,notumor
btmri_00942,2,notumor
btmri_00943,2,notumor
btmri_00944,2,notumor
btmri_00945,2,notumor
btmri_00946,2,notumor
btmri_00947,2,notumor
btmri_00948,2,notumor
btmri_00949,2,notumor
btmri_00950,2,notumor
btmri_00951,2,notumor
btmri_00952,2,notumor
btmri_00953,2,notumor
btmri_00954,2,notumor
btmri_00955,2,notumor
btmri_00956,2,notumor
btmri_00957,2,notumor
btmri_00958,2,notumor
btmri_00959,2,notumor
btmri_00960,2,notumor
btmri_00961,2,notumor
btmri_00962,2,notumor
btmri_00963,2,notumor
btmri_00964,2,notumor
btmri_00965,2,notumor
btmri_00966,2,notumor
btmri_00967,2,notumor
btmri_00968,2,notumor
btmri_00969,2,notumor
btmri_00970,2,notumor
btmri_00971,2,notumor
btmri_00972,2,notumor
btmri_00973,2,notumor
btmri_00974,2,notumor
btmri_00975,2,notumor
btmri_00976,2,notumor
btmri_00977,2,notumor
btmri_00978,2,notumor
btmri_00979,2,notumor
btmri_00980,2,notumor
btmri_00981,2,notumor
btmri_00982,2,notumor
btmri_00983,2,notumor
btmri_00984,2,notumor
btmri_00985,2,notumor
btmri_00986,2,notumor
btmri_00987,2,notumor
btmri_00988,2,notumor
btmri_00989,2,notumor
btmri_00990,2,notumor
btmri_00991,2,notumor
btmri_00992,2,notumor
btmri_00993,2,notumor
btmri_00994,2,notumor
btmri_00995,2,notumor
btmri_00996,2,notumor
btmri_00997,2,notumor
btmri_00998,2,notumor
btmri_00999,2,notumor
btmri_01000,2,notumor
btmri_01001,2,notumor
btmri_01002,2,notumor
btmri_01003,2,notumor
btmri_01004,2,notumor
btmri_01005,2,notumor
btmri_01006,2,notumor
btmri_01007,2,notumor
btmri_01008,2,notumor
btmri_01009,2,notumor
btmri_01010,2,notumor
btmri_01011,3,pituitary
btmri_01012,3,pituitary
btmri_01013,3,pituitary
btmri_01014,3,pituitary
btmri_01015,3,pituitary
btmri_01016,3,pituitary
btmri_01017,3,pituitary
btmri_01018,3,pituitary
btmri_01019,3,pituitary
btmri_01020,3,pituitary
btmri_01021,3,pituitary
btmri_01022,3,pituitary
btmri_01023,3,pituitary
btmri_01024,3,pituitary
btmri_01025,3,pituitary
btmri_01026,3,pituitary
btmri_01027,3,pituitary
btmri_01028,3,pituitary
btmri_01029,3,pituitary
btmri_01030,3,pituitary
btmri_01031,3,pituitary
btmri_01032,3,pituitary
btmri_01033,3,pituitary
btmri_01034,3,pituitary
btmri_01035,3,pituitary
btmri_01036,3,pituitary
btmri_01037,3,pituitary
btmri_01038,3,pituitary
btmri_01039,3,pituitary
btmri_01040,3,pituitary
btmri_01041,3,pituitary
btmri_01042,3,pituitary
btmri_01043,3,pituitary
btmri_01044,3,pituitary
btmri_01045,3,pituitary
btmri_01046,3,pituitary
btmri_01047,3,pituitary
btmri_01048,3,pituitary
btmri_01049,3,pituitary
btmri_01050,3,pituitary
btmri_01051,3,pituitary
btmri_01052,3,pituitary
btmri_01053,3,pituitary
btmri_01054,3,pituitary
btmri_01055,3,pituitary
btmri_01056,3,pituitary
btmri_01057,3,pituitary
btmri_01058,3,pituitary
btmri_01059,3,pituitary
btmri_01060,3,pituitary
btmri_01061,3,pituitary
btmri_01062,3,pituitary
btmri_01063,3,pituitary
btmri_01064,3,pituitary
btmri_01065,3,pituitary
btmri_01066,3,pituitary
btmri_01067,3,pituitary
btmri_01068,3,pituitary
btmri_01069,3,pituitary
btmri_01070,3,pituitary
btmri_01071,3,pituitary
btmri_01072,3,pituitary
btmri_01073,3,pituitary
btmri_01074,3,pituitary
btmri_01075,3,pituitary
btmri_01076,3,pituitary
btmri_01077,3,pituitary
btmri_01078,3,pituitary
btmri_01079,3,pituitary
btmri_01080,3,pituitary
btmri_01081,3,pituitary
btmri_01082,3,pituitary
btmri_01083,3,pituitary
btmri_01084,3,pituitary
btmri_01085,3,pituitary
btmri_01086,3,pituitary
btmri_01087,3,pituitary
btmri_01088,3,pituitary
btmri_01089,3,pituitary
btmri_01090,3,pituitary
btmri_01091,3,pituitary
btmri_01092,3,pituitary
btmri_01093,3,pituitary
btmri_01094,3,pituitary
btmri_01095,3,pituitary
btmri_01096,3,pituitary
btmri_01097,3,pituitary
btmri_01098,3,pituitary
btmri_01099,3,pituitary
btmri_01100,3,pituitary
btmri_01101,3,pituitary
btmri_01102,3,pituitary
btmri_01103,3,pituitary
btmri_01104,3,pituitary
btmri_01105,3,pituitary
btmri_01106,3,pituitary
btmri_01107,3,pituitary
btmri_01108,3,pituitary
btmri_01109,3,pituitary
btmri_01110,3,pituitary
btmri_01111,3,pituitary
btmri_01112,3,pituitary
btmri_01113,3,pituitary
btmri_01114,3,pituitary
btmri_01115,3,pituitary
btmri_01116,3,pituitary
btmri_01117,3,pituitary
btmri_01118,3,pituitary
btmri_01119,3,pituitary
btmri_01120,3,pituitary
btmri_01121,3,pituitary
btmri_01122,3,pituitary
btmri_01123,3,pituitary
btmri_01124,3,pituitary
btmri_01125,3,pituitary
btmri_01126,3,pituitary
btmri_01127,3,pituitary
btmri_01128,3,pituitary
btmri_01129,3,pituitary
btmri_01130,3,pituitary
btmri_01131,3,pituitary
btmri_01132,3,pituitary
btmri_01133,3,pituitary
btmri_01134,3,pituitary
btmri_01135,3,pituitary
btmri_01136,3,pituitary
btmri_01137,3,pituitary
btmri_01138,3,pituitary
btmri_01139,3,pituitary
btmri_01140,3,pituitary
btmri_01141,3,pituitary
btmri_01142,3,pituitary
btmri_01143,3,pituitary
btmri_01144,3,pituitary
btmri_01145,3,pituitary
btmri_01146,3,pituitary
btmri_01147,3,pituitary
btmri_01148,3,pituitary
btmri_01149,3,pituitary
btmri_01150,3,pituitary
btmri_01151,3,pituitary
btmri_01152,3,pituitary
btmri_01153,3,pituitary
btmri_01154,3,pituitary
btmri_01155,3,pituitary
btmri_01156,3,pituitary
btmri_01157,3,pituitary
btmri_01158,3,pituitary
btmri_01159,3,pituitary
btmri_01160,3,pituitary
btmri_01161,3,pituitary
btmri_01162,3,pituitary
btmri_01163,3,pituitary
btmri_01164,3,pituitary
btmri_01165,3,pituitary
btmri_01166,3,pituitary
btmri_01167,3,pituitary
btmri_01168,3,pituitary
btmri_01169,3,pituitary
btmri_01170,3,pituitary
btmri_01171,3,pituitary
btmri_01172,3,pituitary
btmri_01173,3,pituitary
btmri_01174,3,pituitary
btmri_01175,3,pituitary
btmri_01176,3,pituitary
btmri_01177,3,pituitary
btmri_01178,3,pituitary
btmri_01179,3,pituitary
btmri_01180,3,pituitary
btmri_01181,3,pituitary
btmri_01182,3,pituitary
btmri_01183,3,pituitary
btmri_01184,3,pituitary
btmri_01185,3,pituitary
btmri_01186,3,pituitary
btmri_01187,3,pituitary
btmri_01188,3,pituitary
btmri_01189,3,pituitary
btmri_01190,3,pituitary
btmri_01191,3,pituitary
btmri_01192,3,pituitary
btmri_01193,3,pituitary
btmri_01194,3,pituitary
btmri_01195,3,pituitary
btmri_01196,3,pituitary
btmri_01197,3,pituitary
btmri_01198,3,pituitary
btmri_01199,3,pituitary
btmri_01200,3,pituitary
btmri_01201,3,pituitary
btmri_01202,3,pituitary
btmri_01203,3,pituitary
btmri_01204,3,pituitary
btmri_01205,3,pituitary
btmri_01206,3,pituitary
btmri_01207,3,pituitary
btmri_01208,3,pituitary
btmri_01209,3,pituitary
btmri_01210,3,pituitary
btmri_01211,3,pituitary
btmri_01212,3,pituitary
btmri_01213,3,pituitary
btmri_01214,3,pituitary
btmri_01215,3,pituitary
btmri_01216,3,pituitary
btmri_01217,3,pituitary
btmri_01218,3,pituitary
btmri_01219,3,pituitary
btmri_01220,3,pituitary
btmri_01221,3,pituitary
btmri_01222,3,pituitary
btmri_01223,3,pituitary
btmri_01224,3,pituitary
btmri_01225,3,pituitary
btmri_01226,3,pituitary
btmri_01227,3,pituitary
btmri_01228,3,pituitary
btmri_01229,3,pituitary
btmri_01230,3,pituitary
btmri_01231,3,pituitary
btmri_01232,3,pituitary
btmri_01233,3,pituitary
btmri_01234,3,pituitary
btmri_01235,3,pituitary
btmri_01236,3,pituitary
btmri_01237,3,pituitary
btmri_01238,3,pituitary
btmri_01239,3,pituitary
btmri_01240,3,pituitary
btmri_01241,3,pituitary
btmri_01242,3,pituitary
btmri_01243,3,pituitary
btmri_01244,3,pituitary
btmri_01245,3,pituitary
btmri_01246,3,pituitary
btmri_01247,3,pituitary
btmri_01248,3,pituitary
btmri_01249,3,pituitary
btmri_01250,3,pituitary
btmri_01251,3,pituitary
btmri_01252,3,pituitary
btmri_01253,3,pituitary
btmri_01254,3,pituitary
btmri_01255,3,pituitary
btmri_01256,3,pituitary
btmri_01257,3,pituitary
btmri_01258,3,pituitary
btmri_01259,3,pituitary
btmri_01260,3,pituitary
btmri_01261,3,pituitary
btmri_01262,3,pituitary
btmri_01263,3,pituitary
btmri_01264,3,pituitary
btmri_01265,3,pituitary
btmri_01266,3,pituitary
btmri_01267,3,pituitary
btmri_01268,3,pituitary
btmri_01269,3,pituitary
btmri_01270,3,pituitary
btmri_01271,3,pituitary
btmri_01272,3,pituitary
btmri_01273,3,pituitary
btmri_01274,3,pituitary
btmri_01275,3,pituitary
btmri_01276,3,pituitary
btmri_01277,3,pituitary
btmri_01278,3,pituitary
btmri_01279,3,pituitary
btmri_01280,3,pituitary
btmri_01281,3,pituitary
btmri_01282,3,pituitary
btmri_01283,3,pituitary
btmri_01284,3,pituitary
btmri_01285,3,pituitary
btmri_01286,3,pituitary
btmri_01287,3,pituitary
btmri_01288,3,pituitary
btmri_01289,3,pituitary
btmri_01290,3,pituitary
btmri_01291,3,pituitary
btmri_01292,3,pituitary
btmri_01293,3,pituitary
btmri_01294,3,pituitary
btmri_01295,3,pituitary
btmri_01296,3,pituitary
btmri_01297,3,pituitary
btmri_01298,3,pituitary
btmri_01299,3,pituitary
btmri_01300,3,pituitary
btmri_01301,3,pituitary
btmri_01302,3,pituitary
btmri_01303,3,pituitary
btmri_01304,3,pituitary
btmri_01305,3,pituitary
btmri_01306,3,pituitary
btmri_01307,3,pituitary
btmri_01308,3,pituitary
btmri_01309,3,pituitary
btmri_01310,3,pituitary
btmri_01311,0,glioma
btmri_01312,0,glioma
btmri_01313,0,glioma
btmri_01314,0,glioma
btmri_01315,0,glioma
btmri_01316,0,glioma
btmri_01317,0,glioma
btmri_01318,0,glioma
btmri_01319,0,glioma
btmri_01320,0,glioma
btmri_01321,0,glioma
btmri_01322,0,glioma
btmri_01323,0,glioma
btmri_01324,0,glioma
btmri_01325,0,glioma
btmri_01326,0,glioma
btmri_01327,0,glioma
btmri_01328,0,glioma
btmri_01329,0,glioma
btmri_01330,0,glioma
btmri_01331,0,glioma
btmri_01332,0,glioma
btmri_01333,0,glioma
btmri_01334,0,glioma
btmri_01335,0,glioma
btmri_01336,0,glioma
btmri_01337,0,glioma
btmri_01338,0,glioma
btmri_01339,0,glioma
btmri_01340,0,glioma
btmri_01341,0,glioma
btmri_01342,0,glioma
btmri_01343,0,glioma
btmri_01344,0,glioma
btmri_01345,0,glioma
btmri_01346,0,glioma
btmri_01347,0,glioma
btmri_01348,0,glioma
btmri_01349,0,glioma
btmri_01350,0,glioma
btmri_01351,0,glioma
btmri_01352,0,glioma
btmri_01353,0,glioma
btmri_01354,0,glioma
btmri_01355,0,glioma
btmri_01356,0,glioma
btmri_01357,0,glioma
btmri_01358,0,glioma
btmri_01359,0,glioma
btmri_01360,0,glioma
btmri_01361,0,glioma
btmri_01362,0,glioma
btmri_01363,0,glioma
btmri_01364,0,glioma
btmri_01365,0,glioma
btmri_01366,0,glioma
btmri_01367,0,glioma
btmri_01368,0,glioma
btmri_01369,0,glioma
btmri_01370,0,glioma
btmri_01371,0,glioma
btmri_01372,0,glioma
btmri_01373,0,glioma
btmri_01374,0,glioma
btmri_01375,0,glioma
btmri_01376,0,glioma
btmri_01377,0,glioma
btmri_01378,0,glioma
btmri_01379,0,glioma
btmri_01380,0,glioma
btmri_01381,0,glioma
btmri_01382,0,glioma
btmri_01383,0,glioma
btmri_01384,0,glioma
btmri_01385,0,glioma
btmri_01386,0,glioma
btmri_01387,0,glioma
btmri_01388,0,glioma
btmri_01389,0,glioma
btmri_01390,0,glioma
btmri_01391,0,glioma
btmri_01392,0,glioma
btmri_01393,0,glioma
btmri_01394,0,glioma
btmri_01395,0,glioma
btmri_01396,0,glioma
btmri_01397,0,glioma
btmri_01398,0,glioma
btmri_01399,0,glioma
btmri_01400,0,glioma
btmri_01401,0,glioma
btmri_01402,0,glioma
btmri_01403,0,glioma
btmri_01404,0,glioma
btmri_01405,0,glioma
btmri_01406,0,glioma
btmri_01407,0,glioma
btmri_01408,0,glioma
btmri_01409,0,glioma
btmri_01410,0,glioma
btmri_01411,0,glioma
btmri_01412,0,glioma
btmri_01413,0,glioma
btmri_01414,0,glioma
btmri_01415,0,glioma
btmri_01416,0,glioma
btmri_01417,0,glioma
btmri_01418,0,glioma
btmri_01419,0,glioma
btmri_01420,0,glioma
btmri_01421,0,glioma
btmri_01422,0,glioma
btmri_01423,0,glioma
btmri_01424,0,glioma
btmri_01425,0,glioma
btmri_01426,0,glioma
btmri_01427,0,glioma
btmri_01428,0,glioma
btmri_01429,0,glioma
btmri_01430,0,glioma
btmri_01431,0,glioma
btmri_01432,0,glioma
btmri_01433,0,glioma
btmri_01434,0,glioma
btmri_01435,0,glioma
btmri_01436,0,glioma
btmri_01437,0,glioma
btmri_01438,0,glioma
btmri_01439,0,glioma
btmri_01440,0,glioma
btmri_01441,0,glioma
btmri_01442,0,glioma
btmri_01443,0,glioma
btmri_01444,0,glioma
btmri_01445,0,glioma
btmri_01446,0,glioma
btmri_01447,0,glioma
btmri_01448,0,glioma
btmri_01449,0,glioma
btmri_01450,0,glioma
btmri_01451,0,glioma
btmri_01452,0,glioma
btmri_01453,0,glioma
btmri_01454,0,glioma
btmri_01455,0,glioma
btmri_01456,0,glioma
btmri_01457,0,glioma
btmri_01458,0,glioma
btmri_01459,0,glioma
btmri_01460,0,glioma
btmri_01461,0,glioma
btmri_01462,0,glioma
btmri_01463,0,glioma
btmri_01464,0,glioma
btmri_01465,0,glioma
btmri_01466,0,glioma
btmri_01467,0,glioma
btmri_01468,0,glioma
btmri_01469,0,glioma
btmri_01470,0,glioma
btmri_01471,0,glioma
btmri_01472,0,glioma
btmri_01473,0,glioma
btmri_01474,0,glioma
btmri_01475,0,glioma
btmri_01476,0,glioma
btmri_01477,0,glioma
btmri_01478,0,glioma
btmri_01479,0,glioma
btmri_01480,0,glioma
btmri_01481,0,glioma
btmri_01482,0,glioma
btmri_01483,0,glioma
btmri_01484,0,glioma
btmri_01485,0,glioma
btmri_01486,0,glioma
btmri_01487,0,glioma
btmri_01488,0,glioma
btmri_01489,0,glioma
btmri_01490,0,glioma
btmri_01491,0,glioma
btmri_01492,0,glioma
btmri_01493,0,glioma
btmri_01494,0,glioma
btmri_01495,0,glioma
btmri_01496,0,glioma
btmri_01497,0,glioma
btmri_01498,0,glioma
btmri_01499,0,glioma
btmri_01500,0,glioma
btmri_01501,0,glioma
btmri_01502,0,glioma
btmri_01503,0,glioma
btmri_01504,0,glioma
btmri_01505,0,glioma
btmri_01506,0,glioma
btmri_01507,0,glioma
btmri_01508,0,glioma
btmri_01509,0,glioma
btmri_01510,0,glioma
btmri_01511,0,glioma
btmri_01512,0,glioma
btmri_01513,0,glioma
btmri_01514,0,glioma
btmri_01515,0,glioma
btmri_01516,0,glioma
btmri_01517,0,glioma
btmri_01518,0,glioma
btmri_01519,0,glioma
btmri_01520,0,glioma
btmri_01521,0,glioma
btmri_01522,0,glioma
btmri_01523,0,glioma
btmri_01524,0,glioma
btmri_01525,0,glioma
btmri_01526,0,glioma
btmri_01527,0,glioma
btmri_01528,0,glioma
btmri_01529,0,glioma
btmri_01530,0,glioma
btmri_01531,0,glioma
btmri_01532,0,glioma
btmri_01533,0,glioma
btmri_01534,0,glioma
btmri_01535,0,glioma
btmri_01536,0,glioma
btmri_01537,0,glioma
btmri_01538,0,glioma
btmri_01539,0,glioma
btmri_01540,0,glioma
btmri_01541,0,glioma
btmri_01542,0,glioma
btmri_01543,0,glioma
btmri_01544,0,glioma
btmri_01545,0,glioma
btmri_01546,0,glioma
btmri_01547,0,glioma
btmri_01548,0,glioma
btmri_01549,0,glioma
btmri_01550,0,glioma
btmri_01551,0,glioma
btmri_01552,0,glioma
btmri_01553,0,glioma
btmri_01554,0,glioma
btmri_01555,0,glioma
btmri_01556,0,glioma
btmri_01557,0,glioma
btmri_01558,0,glioma
btmri_01559,0,glioma
btmri_01560,0,glioma
btmri_01561,0,glioma
btmri_01562,0,glioma
btmri_01563,0,glioma
btmri_01564,0,glioma
btmri_01565,0,glioma
btmri_01566,0,glioma
btmri_01567,0,glioma
btmri_01568,0,glioma
btmri_01569,0,glioma
btmri_01570,0,glioma
btmri_01571,0,glioma
btmri_01572,0,glioma
btmri_01573,0,glioma
btmri_01574,0,glioma
btmri_01575,0,glioma
btmri_01576,0,glioma
btmri_01577,0,glioma
btmri_01578,0,glioma
btmri_01579,0,glioma
btmri_01580,0,glioma
btmri_01581,0,glioma
btmri_01582,0,glioma
btmri_01583,0,glioma
btmri_01584,0,glioma
btmri_01585,0,glioma
btmri_01586,0,glioma
btmri_01587,0,glioma
btmri_01588,0,glioma
btmri_01589,0,glioma
btmri_01590,0,glioma
btmri_01591,0,glioma
btmri_01592,0,glioma
btmri_01593,0,glioma
btmri_01594,0,glioma
btmri_01595,0,glioma
btmri_01596,0,glioma
btmri_01597,0,glioma
btmri_01598,0,glioma
btmri_01599,0,glioma
btmri_01600,0,glioma
btmri_01601,0,glioma
btmri_01602,0,glioma
btmri_01603,0,glioma
btmri_01604,0,glioma
btmri_01605,0,glioma
btmri_01606,0,glioma
btmri_01607,0,glioma
btmri_01608,0,glioma
btmri_01609,0,glioma
btmri_01610,0,glioma
btmri_01611,0,glioma
btmri_01612,0,glioma
btmri_01613,0,glioma
btmri_01614,0,glioma
btmri_01615,0,glioma
btmri_01616,0,glioma
btmri_01617,0,glioma
btmri_01618,0,glioma
btmri_01619,0,glioma
btmri_01620,0,glioma
btmri_01621,0,glioma
btmri_01622,0,glioma
btmri_01623,0,glioma
btmri_01624,0,glioma
btmri_01625,0,glioma
btmri_01626,0,glioma
btmri_01627,0,glioma
btmri_01628,0,glioma
btmri_01629,0,glioma
btmri_01630,0,glioma
btmri_01631,0,glioma
btmri_01632,0,glioma
btmri_01633,0,glioma
btmri_01634,0,glioma
btmri_01635,0,glioma
btmri_01636,0,glioma
btmri_01637,0,glioma
btmri_01638,0,glioma
btmri_01639,0,glioma
btmri_01640,0,glioma
btmri_01641,0,glioma
btmri_01642,0,glioma
btmri_01643,0,glioma
btmri_01644,0,glioma
btmri_01645,0,glioma
btmri_01646,0,glioma
btmri_01647,0,glioma
btmri_01648,0,glioma
btmri_01649,0,glioma
btmri_01650,0,glioma
btmri_01651,0,glioma
btmri_01652,0,glioma
btmri_01653,0,glioma
btmri_01654,0,glioma
btmri_01655,0,glioma
btmri_01656,0,glioma
btmri_01657,0,glioma
btmri_01658,0,glioma
btmri_01659,0,glioma
btmri_01660,0,glioma
btmri_01661,0,glioma
btmri_01662,0,glioma
btmri_01663,0,glioma
btmri_01664,0,glioma
btmri_01665,0,glioma
btmri_01666,0,glioma
btmri_01667,0,glioma
btmri_01668,0,glioma
btmri_01669,0,glioma
btmri_01670,0,glioma
btmri_01671,0,glioma
btmri_01672,0,glioma
btmri_01673,0,glioma
btmri_01674,0,glioma
btmri_01675,0,glioma
btmri_01676,0,glioma
btmri_01677,0,glioma
btmri_01678,0,glioma
btmri_01679,0,glioma
btmri_01680,0,glioma
btmri_01681,0,glioma
btmri_01682,0,glioma
btmri_01683,0,glioma
btmri_01684,0,glioma
btmri_01685,0,glioma
btmri_01686,0,glioma
btmri_01687,0,glioma
btmri_01688,0,glioma
btmri_01689,0,glioma
btmri_01690,0,glioma
btmri_01691,0,glioma
btmri_01692,0,glioma
btmri_01693,0,glioma
btmri_01694,0,glioma
btmri_01695,0,glioma
btmri_01696,0,glioma
btmri_01697,0,glioma
btmri_01698,0,glioma
btmri_01699,0,glioma
btmri_01700,0,glioma
btmri_01701,0,glioma
btmri_01702,0,glioma
btmri_01703,0,glioma
btmri_01704,0,glioma
btmri_01705,0,glioma
btmri_01706,0,glioma
btmri_01707,0,glioma
btmri_01708,0,glioma
btmri_01709,0,glioma
btmri_01710,0,glioma
btmri_01711,0,glioma
btmri_01712,0,glioma
btmri_01713,0,glioma
btmri_01714,0,glioma
btmri_01715,0,glioma
btmri_01716,0,glioma
btmri_01717,0,glioma
btmri_01718,0,glioma
btmri_01719,0,glioma
btmri_01720,0,glioma
btmri_01721,0,glioma
btmri_01722,0,glioma
btmri_01723,0,glioma
btmri_01724,0,glioma
btmri_01725,0,glioma
btmri_01726,0,glioma
btmri_01727,0,glioma
btmri_01728,0,glioma
btmri_01729,0,glioma
btmri_01730,0,glioma
btmri_01731,0,glioma
btmri_01732,0,glioma
btmri_01733,0,glioma
btmri_01734,0,glioma
btmri_01735,0,glioma
btmri_01736,0,glioma
btmri_01737,0,glioma
btmri_01738,0,glioma
btmri_01739,0,glioma
btmri_01740,0,glioma
btmri_01741,0,glioma
btmri_01742,0,glioma
btmri_01743,0,glioma
btmri_01744,0,glioma
btmri_01745,0,glioma
btmri_01746,0,glioma
btmri_01747,0,glioma
btmri_01748,0,glioma
btmri_01749,0,glioma
btmri_01750,0,glioma
btmri_01751,0,glioma
btmri_01752,0,glioma
btmri_01753,0,glioma
btmri_01754,0,glioma
btmri_01755,0,glioma
btmri_01756,0,glioma
btmri_01757,0,glioma
btmri_01758,0,glioma
btmri_01759,0,glioma
btmri_01760,0,glioma
btmri_01761,0,glioma
btmri_01762,0,glioma
btmri_01763,0,glioma
btmri_01764,0,glioma
btmri_01765,0,glioma
btmri_01766,0,glioma
btmri_01767,0,glioma
btmri_01768,0,glioma
btmri_01769,0,glioma
btmri_01770,0,glioma
btmri_01771,0,glioma
btmri_01772,0,glioma
btmri_01773,0,glioma
btmri_01774,0,glioma
btmri_01775,0,glioma
btmri_01776,0,glioma
btmri_01777,0,glioma
btmri_01778,0,glioma
btmri_01779,0,glioma
btmri_01780,0,glioma
btmri_01781,0,glioma
btmri_01782,0,glioma
btmri_01783,0,glioma
btmri_01784,0,glioma
btmri_01785,0,glioma
btmri_01786,0,glioma
btmri_01787,0,glioma
btmri_01788,0,glioma
btmri_01789,0,glioma
btmri_01790,0,glioma
btmri_01791,0,glioma
btmri_01792,0,glioma
btmri_01793,0,glioma
btmri_01794,0,glioma
btmri_01795,0,glioma
btmri_01796,0,glioma
btmri_01797,0,glioma
btmri_01798,0,glioma
btmri_01799,0,glioma
btmri_01800,0,glioma
btmri_01801,0,glioma
btmri_01802,0,glioma
btmri_01803,0,glioma
btmri_01804,0,glioma
btmri_01805,0,glioma
btmri_01806,0,glioma
btmri_01807,0,glioma
btmri_01808,0,glioma
btmri_01809,0,glioma
btmri_01810,0,glioma
btmri_01811,0,glioma
btmri_01812,0,glioma
btmri_01813,0,glioma
btmri_01814,0,glioma
btmri_01815,0,glioma
btmri_01816,0,glioma
btmri_01817,0,glioma
btmri_01818,0,glioma
btmri_01819,0,glioma
btmri_01820,0,glioma
btmri_01821,0,glioma
btmri_01822,0,glioma
btmri_01823,0,glioma
btmri_01824,0,glioma
btmri_01825,0,glioma
btmri_01826,0,glioma
btmri_01827,0,glioma
btmri_01828,0,glioma
btmri_01829,0,glioma
btmri_01830,0,glioma
btmri_01831,0,glioma
btmri_01832,0,glioma
btmri_01833,0,glioma
btmri_01834,0,glioma
btmri_01835,0,glioma
btmri_01836,0,glioma
btmri_01837,0,glioma
btmri_01838,0,glioma
btmri_01839,0,glioma
btmri_01840,0,glioma
btmri_01841,0,glioma
btmri_01842,0,glioma
btmri_01843,0,glioma
btmri_01844,0,glioma
btmri_01845,0,glioma
btmri_01846,0,glioma
btmri_01847,0,glioma
btmri_01848,0,glioma
btmri_01849,0,glioma
btmri_01850,0,glioma
btmri_01851,0,glioma
btmri_01852,0,glioma
btmri_01853,0,glioma
btmri_01854,0,glioma
btmri_01855,0,glioma
btmri_01856,0,glioma
btmri_01857,0,glioma
btmri_01858,0,glioma
btmri_01859,0,glioma
btmri_01860,0,glioma
btmri_01861,0,glioma
btmri_01862,0,glioma
btmri_01863,0,glioma
btmri_01864,0,glioma
btmri_01865,0,glioma
btmri_01866,0,glioma
btmri_01867,0,glioma
btmri_01868,0,glioma
btmri_01869,0,glioma
btmri_01870,0,glioma
btmri_01871,0,glioma
btmri_01872,0,glioma
btmri_01873,0,glioma
btmri_01874,0,glioma
btmri_01875,0,glioma
btmri_01876,0,glioma
btmri_01877,0,glioma
btmri_01878,0,glioma
btmri_01879,0,glioma
btmri_01880,0,glioma
btmri_01881,0,glioma
btmri_01882,0,glioma
btmri_01883,0,glioma
btmri_01884,0,glioma
btmri_01885,0,glioma
btmri_01886,0,glioma
btmri_01887,0,glioma
btmri_01888,0,glioma
btmri_01889,0,glioma
btmri_01890,0,glioma
btmri_01891,0,glioma
btmri_01892,0,glioma
btmri_01893,0,glioma
btmri_01894,0,glioma
btmri_01895,0,glioma
btmri_01896,0,glioma
btmri_01897,0,glioma
btmri_01898,0,glioma
btmri_01899,0,glioma
btmri_01900,0,glioma
btmri_01901,0,glioma
btmri_01902,0,glioma
btmri_01903,0,glioma
btmri_01904,0,glioma
btmri_01905,0,glioma
btmri_01906,0,glioma
btmri_01907,0,glioma
btmri_01908,0,glioma
btmri_01909,0,glioma
btmri_01910,0,glioma
btmri_01911,0,glioma
btmri_01912,0,glioma
btmri_01913,0,glioma
btmri_01914,0,glioma
btmri_01915,0,glioma
btmri_01916,0,glioma
btmri_01917,0,glioma
btmri_01918,0,glioma
btmri_01919,0,glioma
btmri_01920,0,glioma
btmri_01921,0,glioma
btmri_01922,0,glioma
btmri_01923,0,glioma
btmri_01924,0,glioma
btmri_01925,0,glioma
btmri_01926,0,glioma
btmri_01927,0,glioma
btmri_01928,0,glioma
btmri_01929,0,glioma
btmri_01930,0,glioma
btmri_01931,0,glioma
btmri_01932,0,glioma
btmri_01933,0,glioma
btmri_01934,0,glioma
btmri_01935,0,glioma
btmri_01936,0,glioma
btmri_01937,0,glioma
btmri_01938,0,glioma
btmri_01939,0,glioma
btmri_01940,0,glioma
btmri_01941,0,glioma
btmri_01942,0,glioma
btmri_01943,0,glioma
btmri_01944,0,glioma
btmri_01945,0,glioma
btmri_01946,0,glioma
btmri_01947,0,glioma
btmri_01948,0,glioma
btmri_01949,0,glioma
btmri_01950,0,glioma
btmri_01951,0,glioma
btmri_01952,0,glioma
btmri_01953,0,glioma
btmri_01954,0,glioma
btmri_01955,0,glioma
btmri_01956,0,glioma
btmri_01957,0,glioma
btmri_01958,0,glioma
btmri_01959,0,glioma
btmri_01960,0,glioma
btmri_01961,0,glioma
btmri_01962,0,glioma
btmri_01963,0,glioma
btmri_01964,0,glioma
btmri_01965,0,glioma
btmri_01966,0,glioma
btmri_01967,0,glioma
btmri_01968,0,glioma
btmri_01969,0,glioma
btmri_01970,0,glioma
btmri_01971,0,glioma
btmri_01972,0,glioma
btmri_01973,0,glioma
btmri_01974,0,glioma
btmri_01975,0,glioma
btmri_01976,0,glioma
btmri_01977,0,glioma
btmri_01978,0,glioma
btmri_01979,0,glioma
btmri_01980,0,glioma
btmri_01981,0,glioma
btmri_01982,0,glioma
btmri_01983,0,glioma
btmri_01984,0,glioma
btmri_01985,0,glioma
btmri_01986,0,glioma
btmri_01987,0,glioma
btmri_01988,0,glioma
btmri_01989,0,glioma
btmri_01990,0,glioma
btmri_01991,0,glioma
btmri_01992,0,glioma
btmri_01993,0,glioma
btmri_01994,0,glioma
btmri_01995,0,glioma
btmri_01996,0,glioma
btmri_01997,0,glioma
btmri_01998,0,glioma
btmri_01999,0,glioma
btmri_02000,0,glioma
btmri_02001,0,glioma
btmri_02002,0,glioma
btmri_02003,0,glioma
btmri_02004,0,glioma
btmri_02005,0,glioma
btmri_02006,0,glioma
btmri_02007,0,glioma
btmri_02008,0,glioma
btmri_02009,0,glioma
btmri_02010,0,glioma
btmri_02011,0,glioma
btmri_02012,0,glioma
btmri_02013,0,glioma
btmri_02014,0,glioma
btmri_02015,0,glioma
btmri_02016,0,glioma
btmri_02017,0,glioma
btmri_02018,0,glioma
btmri_02019,0,glioma
btmri_02020,0,glioma
btmri_02021,0,glioma
btmri_02022,0,glioma
btmri_02023,0,glioma
btmri_02024,0,glioma
btmri_02025,0,glioma
btmri_02026,0,glioma
btmri_02027,0,glioma
btmri_02028,0,glioma
btmri_02029,0,glioma
btmri_02030,0,glioma
btmri_02031,0,glioma
btmri_02032,0,glioma
btmri_02033,0,glioma
btmri_02034,0,glioma
btmri_02035,0,glioma
btmri_02036,0,glioma
btmri_02037,0,glioma
btmri_02038,0,glioma
btmri_02039,0,glioma
btmri_02040,0,glioma
btmri_02041,0,glioma
btmri_02042,0,glioma
btmri_02043,0,glioma
btmri_02044,0,glioma
btmri_02045,0,glioma
btmri_02046,0,glioma
btmri_02047,0,glioma
btmri_02048,0,glioma
btmri_02049,0,glioma
btmri_02050,0,glioma
btmri_02051,0,glioma
btmri_02052,0,glioma
btmri_02053,0,glioma
btmri_02054,0,glioma
btmri_02055,0,glioma
btmri_02056,0,glioma
btmri_02057,0,glioma
btmri_02058,0,glioma
btmri_02059,0,glioma
btmri_02060,0,glioma
btmri_02061,0,glioma
btmri_02062,0,glioma
btmri_02063,0,glioma
btmri_02064,0,glioma
btmri_02065,0,glioma
btmri_02066,0,glioma
btmri_02067,0,glioma
btmri_02068,0,glioma
btmri_02069,0,glioma
btmri_02070,0,glioma
btmri_02071,0,glioma
btmri_02072,0,glioma
btmri_02073,0,glioma
btmri_02074,0,glioma
btmri_02075,0,glioma
btmri_02076,0,glioma
btmri_02077,0,glioma
btmri_02078,0,glioma
btmri_02079,0,glioma
btmri_02080,0,glioma
btmri_02081,0,glioma
btmri_02082,0,glioma
btmri_02083,0,glioma
btmri_02084,0,glioma
btmri_02085,0,glioma
btmri_02086,0,glioma
btmri_02087,0,glioma
btmri_02088,0,glioma
btmri_02089,0,glioma
btmri_02090,0,glioma
btmri_02091,0,glioma
btmri_02092,0,glioma
btmri_02093,0,glioma
btmri_02094,0,glioma
btmri_02095,0,glioma
btmri_02096,0,glioma
btmri_02097,0,glioma
btmri_02098,0,glioma
btmri_02099,0,glioma
btmri_02100,0,glioma
btmri_02101,0,glioma
btmri_02102,0,glioma
btmri_02103,0,glioma
btmri_02104,0,glioma
btmri_02105,0,glioma
btmri_02106,0,glioma
btmri_02107,0,glioma
btmri_02108,0,glioma
btmri_02109,0,glioma
btmri_02110,0,glioma
btmri_02111,0,glioma
btmri_02112,0,glioma
btmri_02113,0,glioma
btmri_02114,0,glioma
btmri_02115,0,glioma
btmri_02116,0,glioma
btmri_02117,0,glioma
btmri_02118,0,glioma
btmri_02119,0,glioma
btmri_02120,0,glioma
btmri_02121,0,glioma
btmri_02122,0,glioma
btmri_02123,0,glioma
btmri_02124,0,glioma
btmri_02125,0,glioma
btmri_02126,0,glioma
btmri_02127,0,glioma
btmri_02128,0,glioma
btmri_02129,0,glioma
btmri_02130,0,glioma
btmri_02131,0,glioma
btmri_02132,0,glioma
btmri_02133,0,glioma
btmri_02134,0,glioma
btmri_02135,0,glioma
btmri_02136,0,glioma
btmri_02137,0,glioma
btmri_02138,0,glioma
btmri_02139,0,glioma
btmri_02140,0,glioma
btmri_02141,0,glioma
btmri_02142,0,glioma
btmri_02143,0,glioma
btmri_02144,0,glioma
btmri_02145,0,glioma
btmri_02146,0,glioma
btmri_02147,0,glioma
btmri_02148,0,glioma
btmri_02149,0,glioma
btmri_02150,0,glioma
btmri_02151,0,glioma
btmri_02152,0,glioma
btmri_02153,0,glioma
btmri_02154,0,glioma
btmri_02155,0,glioma
btmri_02156,0,glioma
btmri_02157,0,glioma
btmri_02158,0,glioma
btmri_02159,0,glioma
btmri_02160,0,glioma
btmri_02161,0,glioma
btmri_02162,0,glioma
btmri_02163,0,glioma
btmri_02164,0,glioma
btmri_02165,0,glioma
btmri_02166,0,glioma
btmri_02167,0,glioma
btmri_02168,0,glioma
btmri_02169,0,glioma
btmri_02170,0,glioma
btmri_02171,0,glioma
btmri_02172,0,glioma
btmri_02173,0,glioma
btmri_02174,0,glioma
btmri_02175,0,glioma
btmri_02176,0,glioma
btmri_02177,0,glioma
btmri_02178,0,glioma
btmri_02179,0,glioma
btmri_02180,0,glioma
btmri_02181,0,glioma
btmri_02182,0,glioma
btmri_02183,0,glioma
btmri_02184,0,glioma
btmri_02185,0,glioma
btmri_02186,0,glioma
btmri_02187,0,glioma
btmri_02188,0,glioma
btmri_02189,0,glioma
btmri_02190,0,glioma
btmri_02191,0,glioma
btmri_02192,0,glioma
btmri_02193,0,glioma
btmri_02194,0,glioma
btmri_02195,0,glioma
btmri_02196,0,glioma
btmri_02197,0,glioma
btmri_02198,0,glioma
btmri_02199,0,glioma
btmri_02200,0,glioma
btmri_02201,0,glioma
btmri_02202,0,glioma
btmri_02203,0,glioma
btmri_02204,0,glioma
btmri_02205,0,glioma
btmri_02206,0,glioma
btmri_02207,0,glioma
btmri_02208,0,glioma
btmri_02209,0,glioma
btmri_02210,0,glioma
btmri_02211,0,glioma
btmri_02212,0,glioma
btmri_02213,0,glioma
btmri_02214,0,glioma
btmri_02215,0,glioma
btmri_02216,0,glioma
btmri_02217,0,glioma
btmri_02218,0,glioma
btmri_02219,0,glioma
btmri_02220,0,glioma
btmri_02221,0,glioma
btmri_02222,0,glioma
btmri_02223,0,glioma
btmri_02224,0,glioma
btmri_02225,0,glioma
btmri_02226,0,glioma
btmri_02227,0,glioma
btmri_02228,0,glioma
btmri_02229,0,glioma
btmri_02230,0,glioma
btmri_02231,0,glioma
btmri_02232,0,glioma
btmri_02233,0,glioma
btmri_02234,0,glioma
btmri_02235,0,glioma
btmri_02236,0,glioma
btmri_02237,0,glioma
btmri_02238,0,glioma
btmri_02239,0,glioma
btmri_02240,0,glioma
btmri_02241,0,glioma
btmri_02242,0,glioma
btmri_02243,0,glioma
btmri_02244,0,glioma
btmri_02245,0,glioma
btmri_02246,0,glioma
btmri_02247,0,glioma
btmri_02248,0,glioma
btmri_02249,0,glioma
btmri_02250,0,glioma
btmri_02251,0,glioma
btmri_02252,0,glioma
btmri_02253,0,glioma
btmri_02254,0,glioma
btmri_02255,0,glioma
btmri_02256,0,glioma
btmri_02257,0,glioma
btmri_02258,0,glioma
btmri_02259,0,glioma
btmri_02260,0,glioma
btmri_02261,0,glioma
btmri_02262,0,glioma
btmri_02263,0,glioma
btmri_02264,0,glioma
btmri_02265,0,glioma
btmri_02266,0,glioma
btmri_02267,0,glioma
btmri_02268,0,glioma
btmri_02269,0,glioma
btmri_02270,0,glioma
btmri_02271,0,glioma
btmri_02272,0,glioma
btmri_02273,0,glioma
btmri_02274,0,glioma
btmri_02275,0,glioma
btmri_02276,0,glioma
btmri_02277,0,glioma
btmri_02278,0,glioma
btmri_02279,0,glioma
btmri_02280,0,glioma
btmri_02281,0,glioma
btmri_02282,0,glioma
btmri_02283,0,glioma
btmri_02284,0,glioma
btmri_02285,0,glioma
btmri_02286,0,glioma
btmri_02287,0,glioma
btmri_02288,0,glioma
btmri_02289,0,glioma
btmri_02290,0,glioma
btmri_02291,0,glioma
btmri_02292,0,glioma
btmri_02293,0,glioma
btmri_02294,0,glioma
btmri_02295,0,glioma
btmri_02296,0,glioma
btmri_02297,0,glioma
btmri_02298,0,glioma
btmri_02299,0,glioma
btmri_02300,0,glioma
btmri_02301,0,glioma
btmri_02302,0,glioma
btmri_02303,0,glioma
btmri_02304,0,glioma
btmri_02305,0,glioma
btmri_02306,0,glioma
btmri_02307,0,glioma
btmri_02308,0,glioma
btmri_02309,0,glioma
btmri_02310,0,glioma
btmri_02311,0,glioma
btmri_02312,0,glioma
btmri_02313,0,glioma
btmri_02314,0,glioma
btmri_02315,0,glioma
btmri_02316,0,glioma
btmri_02317,0,glioma
btmri_02318,0,glioma
btmri_02319,0,glioma
btmri_02320,0,glioma
btmri_02321,0,glioma
btmri_02322,0,glioma
btmri_02323,0,glioma
btmri_02324,0,glioma
btmri_02325,0,glioma
btmri_02326,0,glioma
btmri_02327,0,glioma
btmri_02328,0,glioma
btmri_02329,0,glioma
btmri_02330,0,glioma
btmri_02331,0,glioma
btmri_02332,0,glioma
btmri_02333,0,glioma
btmri_02334,0,glioma
btmri_02335,0,glioma
btmri_02336,0,glioma
btmri_02337,0,glioma
btmri_02338,0,glioma
btmri_02339,0,glioma
btmri_02340,0,glioma
btmri_02341,0,glioma
btmri_02342,0,glioma
btmri_02343,0,glioma
btmri_02344,0,glioma
btmri_02345,0,glioma
btmri_02346,0,glioma
btmri_02347,0,glioma
btmri_02348,0,glioma
btmri_02349,0,glioma
btmri_02350,0,glioma
btmri_02351,0,glioma
btmri_02352,0,glioma
btmri_02353,0,glioma
btmri_02354,0,glioma
btmri_02355,0,glioma
btmri_02356,0,glioma
btmri_02357,0,glioma
btmri_02358,0,glioma
btmri_02359,0,glioma
btmri_02360,0,glioma
btmri_02361,0,glioma
btmri_02362,0,glioma
btmri_02363,0,glioma
btmri_02364,0,glioma
btmri_02365,0,glioma
btmri_02366,0,glioma
btmri_02367,0,glioma
btmri_02368,0,glioma
btmri_02369,0,glioma
btmri_02370,0,glioma
btmri_02371,0,glioma
btmri_02372,0,glioma
btmri_02373,0,glioma
btmri_02374,0,glioma
btmri_02375,0,glioma
btmri_02376,0,glioma
btmri_02377,0,glioma
btmri_02378,0,glioma
btmri_02379,0,glioma
btmri_02380,0,glioma
btmri_02381,0,glioma
btmri_02382,0,glioma
btmri_02383,0,glioma
btmri_02384,0,glioma
btmri_02385,0,glioma
btmri_02386,0,glioma
btmri_02387,0,glioma
btmri_02388,0,glioma
btmri_02389,0,glioma
btmri_02390,0,glioma
btmri_02391,0,glioma
btmri_02392,0,glioma
btmri_02393,0,glioma
btmri_02394,0,glioma
btmri_02395,0,glioma
btmri_02396,0,glioma
btmri_02397,0,glioma
btmri_02398,0,glioma
btmri_02399,0,glioma
btmri_02400,0,glioma
btmri_02401,0,glioma
btmri_02402,0,glioma
btmri_02403,0,glioma
btmri_02404,0,glioma
btmri_02405,0,glioma
btmri_02406,0,glioma
btmri_02407,0,glioma
btmri_02408,0,glioma
btmri_02409,0,glioma
btmri_02410,0,glioma
btmri_02411,0,glioma
btmri_02412,0,glioma
btmri_02413,0,glioma
btmri_02414,0,glioma
btmri_02415,0,glioma
btmri_02416,0,glioma
btmri_02417,0,glioma
btmri_02418,0,glioma
btmri_02419,0,glioma
btmri_02420,0,glioma
btmri_02421,0,glioma
btmri_02422,0,glioma
btmri_02423,0,glioma
btmri_02424,0,glioma
btmri_02425,0,glioma
btmri_02426,0,glioma
btmri_02427,0,glioma
btmri_02428,0,glioma
btmri_02429,0,glioma
btmri_02430,0,glioma
btmri_02431,0,glioma
btmri_02432,0,glioma
btmri_02433,0,glioma
btmri_02434,0,glioma
btmri_02435,0,glioma
btmri_02436,0,glioma
btmri_02437,0,glioma
btmri_02438,0,glioma
btmri_02439,0,glioma
btmri_02440,0,glioma
btmri_02441,0,glioma
btmri_02442,0,glioma
btmri_02443,0,glioma
btmri_02444,0,glioma
btmri_02445,0,glioma
btmri_02446,0,glioma
btmri_02447,0,glioma
btmri_02448,0,glioma
btmri_02449,0,glioma
btmri_02450,0,glioma
btmri_02451,0,glioma
btmri_02452,0,glioma
btmri_02453,0,glioma
btmri_02454,0,glioma
btmri_02455,0,glioma
btmri_02456,0,glioma
btmri_02457,0,glioma
btmri_02458,0,glioma
btmri_02459,0,glioma
btmri_02460,0,glioma
btmri_02461,0,glioma
btmri_02462,0,glioma
btmri_02463,0,glioma
btmri_02464,0,glioma
btmri_02465,0,glioma
btmri_02466,0,glioma
btmri_02467,0,glioma
btmri_02468,0,glioma
btmri_02469,0,glioma
btmri_02470,0,glioma
btmri_02471,0,glioma
btmri_02472,0,glioma
btmri_02473,0,glioma
btmri_02474,0,glioma
btmri_02475,0,glioma
btmri_02476,0,glioma
btmri_02477,0,glioma
btmri_02478,0,glioma
btmri_02479,0,glioma
btmri_02480,0,glioma
btmri_02481,0,glioma
btmri_02482,0,glioma
btmri_02483,0,glioma
btmri_02484,0,glioma
btmri_02485,0,glioma
btmri_02486,0,glioma
btmri_02487,0,glioma
btmri_02488,0,glioma
btmri_02489,0,glioma
btmri_02490,0,glioma
btmri_02491,0,glioma
btmri_02492,0,glioma
btmri_02493,0,glioma
btmri_02494,0,glioma
btmri_02495,0,glioma
btmri_02496,0,glioma
btmri_02497,0,glioma
btmri_02498,0,glioma
btmri_02499,0,glioma
btmri_02500,0,glioma
btmri_02501,0,glioma
btmri_02502,0,glioma
btmri_02503,0,glioma
btmri_02504,0,glioma
btmri_02505,0,glioma
btmri_02506,0,glioma
btmri_02507,0,glioma
btmri_02508,0,glioma
btmri_02509,0,glioma
btmri_02510,0,glioma
btmri_02511,0,glioma
btmri_02512,0,glioma
btmri_02513,0,glioma
btmri_02514,0,glioma
btmri_02515,0,glioma
btmri_02516,0,glioma
btmri_02517,0,glioma
btmri_02518,0,glioma
btmri_02519,0,glioma
btmri_02520,0,glioma
btmri_02521,0,glioma
btmri_02522,0,glioma
btmri_02523,0,glioma
btmri_02524,0,glioma
btmri_02525,0,glioma
btmri_02526,0,glioma
btmri_02527,0,glioma
btmri_02528,0,glioma
btmri_02529,0,glioma
btmri_02530,0,glioma
btmri_02531,0,glioma
btmri_02532,0,glioma
btmri_02533,0,glioma
btmri_02534,0,glioma
btmri_02535,0,glioma
btmri_02536,0,glioma
btmri_02537,0,glioma
btmri_02538,0,glioma
btmri_02539,0,glioma
btmri_02540,0,glioma
btmri_02541,0,glioma
btmri_02542,0,glioma
btmri_02543,0,glioma
btmri_02544,0,glioma
btmri_02545,0,glioma
btmri_02546,0,glioma
btmri_02547,0,glioma
btmri_02548,0,glioma
btmri_02549,0,glioma
btmri_02550,0,glioma
btmri_02551,0,glioma
btmri_02552,0,glioma
btmri_02553,0,glioma
btmri_02554,0,glioma
btmri_02555,0,glioma
btmri_02556,0,glioma
btmri_02557,0,glioma
btmri_02558,0,glioma
btmri_02559,0,glioma
btmri_02560,0,glioma
btmri_02561,0,glioma
btmri_02562,0,glioma
btmri_02563,0,glioma
btmri_02564,0,glioma
btmri_02565,0,glioma
btmri_02566,0,glioma
btmri_02567,0,glioma
btmri_02568,0,glioma
btmri_02569,0,glioma
btmri_02570,0,glioma
btmri_02571,0,glioma
btmri_02572,0,glioma
btmri_02573,0,glioma
btmri_02574,0,glioma
btmri_02575,0,glioma
btmri_02576,0,glioma
btmri_02577,0,glioma
btmri_02578,0,glioma
btmri_02579,0,glioma
btmri_02580,0,glioma
btmri_02581,0,glioma
btmri_02582,0,glioma
btmri_02583,0,glioma
btmri_02584,0,glioma
btmri_02585,0,glioma
btmri_02586,0,glioma
btmri_02587,0,glioma
btmri_02588,0,glioma
btmri_02589,0,glioma
btmri_02590,0,glioma
btmri_02591,0,glioma
btmri_02592,0,glioma
btmri_02593,0,glioma
btmri_02594,0,glioma
btmri_02595,0,glioma
btmri_02596,0,glioma
btmri_02597,0,glioma
btmri_02598,0,glioma
btmri_02599,0,glioma
btmri_02600,0,glioma
btmri_02601,0,glioma
btmri_02602,0,glioma
btmri_02603,0,glioma
btmri_02604,0,glioma
btmri_02605,0,glioma
btmri_02606,0,glioma
btmri_02607,0,glioma
btmri_02608,0,glioma
btmri_02609,0,glioma
btmri_02610,0,glioma
btmri_02611,0,glioma
btmri_02612,0,glioma
btmri_02613,0,glioma
btmri_02614,0,glioma
btmri_02615,0,glioma
btmri_02616,0,glioma
btmri_02617,0,glioma
btmri_02618,0,glioma
btmri_02619,0,glioma
btmri_02620,0,glioma
btmri_02621,0,glioma
btmri_02622,0,glioma
btmri_02623,0,glioma
btmri_02624,0,glioma
btmri_02625,0,glioma
btmri_02626,0,glioma
btmri_02627,0,glioma
btmri_02628,0,glioma
btmri_02629,0,glioma
btmri_02630,0,glioma
btmri_02631,0,glioma
btmri_02632,1,meningioma
btmri_02633,1,meningioma
btmri_02634,1,meningioma
btmri_02635,1,meningioma
btmri_02636,1,meningioma
btmri_02637,1,meningioma
btmri_02638,1,meningioma
btmri_02639,1,meningioma
btmri_02640,1,meningioma
btmri_02641,1,meningioma
btmri_02642,1,meningioma
btmri_02643,1,meningioma
btmri_02644,1,meningioma
btmri_02645,1,meningioma
btmri_02646,1,meningioma
btmri_02647,1,meningioma
btmri_02648,1,meningioma
btmri_02649,1,meningioma
btmri_02650,1,meningioma
btmri_02651,1,meningioma
btmri_02652,1,meningioma
btmri_02653,1,meningioma
btmri_02654,1,meningioma
btmri_02655,1,meningioma
btmri_02656,1,meningioma
btmri_02657,1,meningioma
btmri_02658,1,meningioma
btmri_02659,1,meningioma
btmri_02660,1,meningioma
btmri_02661,1,meningioma
btmri_02662,1,meningioma
btmri_02663,1,meningioma
btmri_02664,1,meningioma
btmri_02665,1,meningioma
btmri_02666,1,meningioma
btmri_02667,1,meningioma
btmri_02668,1,meningioma
btmri_02669,1,meningioma
btmri_02670,1,meningioma
btmri_02671,1,meningioma
btmri_02672,1,meningioma
btmri_02673,1,meningioma
btmri_02674,1,meningioma
btmri_02675,1,meningioma
btmri_02676,1,meningioma
btmri_02677,1,meningioma
btmri_02678,1,meningioma
btmri_02679,1,meningioma
btmri_02680,1,meningioma
btmri_02681,1,meningioma
btmri_02682,1,meningioma
btmri_02683,1,meningioma
btmri_02684,1,meningioma
btmri_02685,1,meningioma
btmri_02686,1,meningioma
btmri_02687,1,meningioma
btmri_02688,1,meningioma
btmri_02689,1,meningioma
btmri_02690,1,meningioma
btmri_02691,1,meningioma
btmri_02692,1,meningioma
btmri_02693,1,meningioma
btmri_02694,1,meningioma
btmri_02695,1,meningioma
btmri_02696,1,meningioma
btmri_02697,1,meningioma
btmri_02698,1,meningioma
btmri_02699,1,meningioma
btmri_02700,1,meningioma
btmri_02701,1,meningioma
btmri_02702,1,meningioma
btmri_02703,1,meningioma
btmri_02704,1,meningioma
btmri_02705,1,meningioma
btmri_02706,1,meningioma
btmri_02707,1,meningioma
btmri_02708,1,meningioma
btmri_02709,1,meningioma
btmri_02710,1,meningioma
btmri_02711,1,meningioma
btmri_02712,1,meningioma
btmri_02713,1,meningioma
btmri_02714,1,meningioma
btmri_02715,1,meningioma
btmri_02716,1,meningioma
btmri_02717,1,meningioma
btmri_02718,1,meningioma
btmri_02719,1,meningioma
btmri_02720,1,meningioma
btmri_02721,1,meningioma
btmri_02722,1,meningioma
btmri_02723,1,meningioma
btmri_02724,1,meningioma
btmri_02725,1,meningioma
btmri_02726,1,meningioma
btmri_02727,1,meningioma
btmri_02728,1,meningioma
btmri_02729,1,meningioma
btmri_02730,1,meningioma
btmri_02731,1,meningioma
btmri_02732,1,meningioma
btmri_02733,1,meningioma
btmri_02734,1,meningioma
btmri_02735,1,meningioma
btmri_02736,1,meningioma
btmri_02737,1,meningioma
btmri_02738,1,meningioma
btmri_02739,1,meningioma
btmri_02740,1,meningioma
btmri_02741,1,meningioma
btmri_02742,1,meningioma
btmri_02743,1,meningioma
btmri_02744,1,meningioma
btmri_02745,1,meningioma
btmri_02746,1,meningioma
btmri_02747,1,meningioma
btmri_02748,1,meningioma
btmri_02749,1,meningioma
btmri_02750,1,meningioma
btmri_02751,1,meningioma
btmri_02752,1,meningioma
btmri_02753,1,meningioma
btmri_02754,1,meningioma
btmri_02755,1,meningioma
btmri_02756,1,meningioma
btmri_02757,1,meningioma
btmri_02758,1,meningioma
btmri_02759,1,meningioma
btmri_02760,1,meningioma
btmri_02761,1,meningioma
btmri_02762,1,meningioma
btmri_02763,1,meningioma
btmri_02764,1,meningioma
btmri_02765,1,meningioma
btmri_02766,1,meningioma
btmri_02767,1,meningioma
btmri_02768,1,meningioma
btmri_02769,1,meningioma
btmri_02770,1,meningioma
btmri_02771,1,meningioma
btmri_02772,1,meningioma
btmri_02773,1,meningioma
btmri_02774,1,meningioma
btmri_02775,1,meningioma
btmri_02776,1,meningioma
btmri_02777,1,meningioma
btmri_02778,1,meningioma
btmri_02779,1,meningioma
btmri_02780,1,meningioma
btmri_02781,1,meningioma
btmri_02782,1,meningioma
btmri_02783,1,meningioma
btmri_02784,1,meningioma
btmri_02785,1,meningioma
btmri_02786,1,meningioma
btmri_02787,1,meningioma
btmri_02788,1,meningioma
btmri_02789,1,meningioma
btmri_02790,1,meningioma
btmri_02791,1,meningioma
btmri_02792,1,meningioma
btmri_02793,1,meningioma
btmri_02794,1,meningioma
btmri_02795,1,meningioma
btmri_02796,1,meningioma
btmri_02797,1,meningioma
btmri_02798,1,meningioma
btmri_02799,1,meningioma
btmri_02800,1,meningioma
btmri_02801,1,meningioma
btmri_02802,1,meningioma
btmri_02803,1,meningioma
btmri_02804,1,meningioma
btmri_02805,1,meningioma
btmri_02806,1,meningioma
btmri_02807,1,meningioma
btmri_02808,1,meningioma
btmri_02809,1,meningioma
btmri_02810,1,meningioma
btmri_02811,1,meningioma
btmri_02812,1,meningioma
btmri_02813,1,meningioma
btmri_02814,1,meningioma
btmri_02815,1,meningioma
btmri_02816,1,meningioma
btmri_02817,1,meningioma
btmri_02818,1,meningioma
btmri_02819,1,meningioma
btmri_02820,1,meningioma
btmri_02821,1,meningioma
btmri_02822,1,meningioma
btmri_02823,1,meningioma
btmri_02824,1,meningioma
btmri_02825,1,meningioma
btmri_02826,1,meningioma
btmri_02827,1,meningioma
btmri_02828,1,meningioma
btmri_02829,1,meningioma
btmri_02830,1,meningioma
btmri_02831,1,meningioma
btmri_02832,1,meningioma
btmri_02833,1,meningioma
btmri_02834,1,meningioma
btmri_02835,1,meningioma
btmri_02836,1,meningioma
btmri_02837,1,meningioma
btmri_02838,1,meningioma
btmri_02839,1,meningioma
btmri_02840,1,meningioma
btmri_02841,1,meningioma
btmri_02842,1,meningioma
btmri_02843,1,meningioma
btmri_02844,1,meningioma
btmri_02845,1,meningioma
btmri_02846,1,meningioma
btmri_02847,1,meningioma
btmri_02848,1,meningioma
btmri_02849,1,meningioma
btmri_02850,1,meningioma
btmri_02851,1,meningioma
btmri_02852,1,meningioma
btmri_02853,1,meningioma
btmri_02854,1,meningioma
btmri_02855,1,meningioma
btmri_02856,1,meningioma
btmri_02857,1,meningioma
btmri_02858,1,meningioma
btmri_02859,1,meningioma
btmri_02860,1,meningioma
btmri_02861,1,meningioma
btmri_02862,1,meningioma
btmri_02863,1,meningioma
btmri_02864,1,meningioma
btmri_02865,1,meningioma
btmri_02866,1,meningioma
btmri_02867,1,meningioma
btmri_02868,1,meningioma
btmri_02869,1,meningioma
btmri_02870,1,meningioma
btmri_02871,1,meningioma
btmri_02872,1,meningioma
btmri_02873,1,meningioma
btmri_02874,1,meningioma
btmri_02875,1,meningioma
btmri_02876,1,meningioma
btmri_02877,1,meningioma
btmri_02878,1,meningioma
btmri_02879,1,meningioma
btmri_02880,1,meningioma
btmri_02881,1,meningioma
btmri_02882,1,meningioma
btmri_02883,1,meningioma
btmri_02884,1,meningioma
btmri_02885,1,meningioma
btmri_02886,1,meningioma
btmri_02887,1,meningioma
btmri_02888,1,meningioma
btmri_02889,1,meningioma
btmri_02890,1,meningioma
btmri_02891,1,meningioma
btmri_02892,1,meningioma
btmri_02893,1,meningioma
btmri_02894,1,meningioma
btmri_02895,1,meningioma
btmri_02896,1,meningioma
btmri_02897,1,meningioma
btmri_02898,1,meningioma
btmri_02899,1,meningioma
btmri_02900,1,meningioma
btmri_02901,1,meningioma
btmri_02902,1,meningioma
btmri_02903,1,meningioma
btmri_02904,1,meningioma
btmri_02905,1,meningioma
btmri_02906,1,meningioma
btmri_02907,1,meningioma
btmri_02908,1,meningioma
btmri_02909,1,meningioma
btmri_02910,1,meningioma
btmri_02911,1,meningioma
btmri_02912,1,meningioma
btmri_02913,1,meningioma
btmri_02914,1,meningioma
btmri_02915,1,meningioma
btmri_02916,1,meningioma
btmri_02917,1,meningioma
btmri_02918,1,meningioma
btmri_02919,1,meningioma
btmri_02920,1,meningioma
btmri_02921,1,meningioma
btmri_02922,1,meningioma
btmri_02923,1,meningioma
btmri_02924,1,meningioma
btmri_02925,1,meningioma
btmri_02926,1,meningioma
btmri_02927,1,meningioma
btmri_02928,1,meningioma
btmri_02929,1,meningioma
btmri_02930,1,meningioma
btmri_02931,1,meningioma
btmri_02932,1,meningioma
btmri_02933,1,meningioma
btmri_02934,1,meningioma
btmri_02935,1,meningioma
btmri_02936,1,meningioma
btmri_02937,1,meningioma
btmri_02938,1,meningioma
btmri_02939,1,meningioma
btmri_02940,1,meningioma
btmri_02941,1,meningioma
btmri_02942,1,meningioma
btmri_02943,1,meningioma
btmri_02944,1,meningioma
btmri_02945,1,meningioma
btmri_02946,1,meningioma
btmri_02947,1,meningioma
btmri_02948,1,meningioma
btmri_02949,1,meningioma
btmri_02950,1,meningioma
btmri_02951,1,meningioma
btmri_02952,1,meningioma
btmri_02953,1,meningioma
btmri_02954,1,meningioma
btmri_02955,1,meningioma
btmri_02956,1,meningioma
btmri_02957,1,meningioma
btmri_02958,1,meningioma
btmri_02959,1,meningioma
btmri_02960,1,meningioma
btmri_02961,1,meningioma
btmri_02962,1,meningioma
btmri_02963,1,meningioma
btmri_02964,1,meningioma
btmri_02965,1,meningioma
btmri_02966,1,meningioma
btmri_02967,1,meningioma
btmri_02968,1,meningioma
btmri_02969,1,meningioma
btmri_02970,1,meningioma
btmri_02971,1,meningioma
btmri_02972,1,meningioma
btmri_02973,1,meningioma
btmri_02974,1,meningioma
btmri_02975,1,meningioma
btmri_02976,1,meningioma
btmri_02977,1,meningioma
btmri_02978,1,meningioma
btmri_02979,1,meningioma
btmri_02980,1,meningioma
btmri_02981,1,meningioma
btmri_02982,1,meningioma
btmri_02983,1,meningioma
btmri_02984,1,meningioma
btmri_02985,1,meningioma
btmri_02986,1,meningioma
btmri_02987,1,meningioma
btmri_02988,1,meningioma
btmri_02989,1,meningioma
btmri_02990,1,meningioma
btmri_02991,1,meningioma
btmri_02992,1,meningioma
btmri_02993,1,meningioma
btmri_02994,1,meningioma
btmri_02995,1,meningioma
btmri_02996,1,meningioma
btmri_02997,1,meningioma
btmri_02998,1,meningioma
btmri_02999,1,meningioma
btmri_03000,1,meningioma
btmri_03001,1,meningioma
btmri_03002,1,meningioma
btmri_03003,1,meningioma
btmri_03004,1,meningioma
btmri_03005,1,meningioma
btmri_03006,1,meningioma
btmri_03007,1,meningioma
btmri_03008,1,meningioma
btmri_03009,1,meningioma
btmri_03010,1,meningioma
btmri_03011,1,meningioma
btmri_03012,1,meningioma
btmri_03013,1,meningioma
btmri_03014,1,meningioma
btmri_03015,1,meningioma
btmri_03016,1,meningioma
btmri_03017,1,meningioma
btmri_03018,1,meningioma
btmri_03019,1,meningioma
btmri_03020,1,meningioma
btmri_03021,1,meningioma
btmri_03022,1,meningioma
btmri_03023,1,meningioma
btmri_03024,1,meningioma
btmri_03025,1,meningioma
btmri_03026,1,meningioma
btmri_03027,1,meningioma
btmri_03028,1,meningioma
btmri_03029,1,meningioma
btmri_03030,1,meningioma
btmri_03031,1,meningioma
btmri_03032,1,meningioma
btmri_03033,1,meningioma
btmri_03034,1,meningioma
btmri_03035,1,meningioma
btmri_03036,1,meningioma
btmri_03037,1,meningioma
btmri_03038,1,meningioma
btmri_03039,1,meningioma
btmri_03040,1,meningioma
btmri_03041,1,meningioma
btmri_03042,1,meningioma
btmri_03043,1,meningioma
btmri_03044,1,meningioma
btmri_03045,1,meningioma
btmri_03046,1,meningioma
btmri_03047,1,meningioma
btmri_03048,1,meningioma
btmri_03049,1,meningioma
btmri_03050,1,meningioma
btmri_03051,1,meningioma
btmri_03052,1,meningioma
btmri_03053,1,meningioma
btmri_03054,1,meningioma
btmri_03055,1,meningioma
btmri_03056,1,meningioma
btmri_03057,1,meningioma
btmri_03058,1,meningioma
btmri_03059,1,meningioma
btmri_03060,1,meningioma
btmri_03061,1,meningioma
btmri_03062,1,meningioma
btmri_03063,1,meningioma
btmri_03064,1,meningioma
btmri_03065,1,meningioma
btmri_03066,1,meningioma
btmri_03067,1,meningioma
btmri_03068,1,meningioma
btmri_03069,1,meningioma
btmri_03070,1,meningioma
btmri_03071,1,meningioma
btmri_03072,1,meningioma
btmri_03073,1,meningioma
btmri_03074,1,meningioma
btmri_03075,1,meningioma
btmri_03076,1,meningioma
btmri_03077,1,meningioma
btmri_03078,1,meningioma
btmri_03079,1,meningioma
btmri_03080,1,meningioma
btmri_03081,1,meningioma
btmri_03082,1,meningioma
btmri_03083,1,meningioma
btmri_03084,1,meningioma
btmri_03085,1,meningioma
btmri_03086,1,meningioma
btmri_03087,1,meningioma
btmri_03088,1,meningioma
btmri_03089,1,meningioma
btmri_03090,1,meningioma
btmri_03091,1,meningioma
btmri_03092,1,meningioma
btmri_03093,1,meningioma
btmri_03094,1,meningioma
btmri_03095,1,meningioma
btmri_03096,1,meningioma
btmri_03097,1,meningioma
btmri_03098,1,meningioma
btmri_03099,1,meningioma
btmri_03100,1,meningioma
btmri_03101,1,meningioma
btmri_03102,1,meningioma
btmri_03103,1,meningioma
btmri_03104,1,meningioma
btmri_03105,1,meningioma
btmri_03106,1,meningioma
btmri_03107,1,meningioma
btmri_03108,1,meningioma
btmri_03109,1,meningioma
btmri_03110,1,meningioma
btmri_03111,1,meningioma
btmri_03112,1,meningioma
btmri_03113,1,meningioma
btmri_03114,1,meningioma
btmri_03115,1,meningioma
btmri_03116,1,meningioma
btmri_03117,1,meningioma
btmri_03118,1,meningioma
btmri_03119,1,meningioma
btmri_03120,1,meningioma
btmri_03121,1,meningioma
btmri_03122,1,meningioma
btmri_03123,1,meningioma
btmri_03124,1,meningioma
btmri_03125,1,meningioma
btmri_03126,1,meningioma
btmri_03127,1,meningioma
btmri_03128,1,meningioma
btmri_03129,1,meningioma
btmri_03130,1,meningioma
btmri_03131,1,meningioma
btmri_03132,1,meningioma
btmri_03133,1,meningioma
btmri_03134,1,meningioma
btmri_03135,1,meningioma
btmri_03136,1,meningioma
btmri_03137,1,meningioma
btmri_03138,1,meningioma
btmri_03139,1,meningioma
btmri_03140,1,meningioma
btmri_03141,1,meningioma
btmri_03142,1,meningioma
btmri_03143,1,meningioma
btmri_03144,1,meningioma
btmri_03145,1,meningioma
btmri_03146,1,meningioma
btmri_03147,1,meningioma
btmri_03148,1,meningioma
btmri_03149,1,meningioma
btmri_03150,1,meningioma
btmri_03151,1,meningioma
btmri_03152,1,meningioma
btmri_03153,1,meningioma
btmri_03154,1,meningioma
btmri_03155,1,meningioma
btmri_03156,1,meningioma
btmri_03157,1,meningioma
btmri_03158,1,meningioma
btmri_03159,1,meningioma
btmri_03160,1,meningioma
btmri_03161,1,meningioma
btmri_03162,1,meningioma
btmri_03163,1,meningioma
btmri_03164,1,meningioma
btmri_03165,1,meningioma
btmri_03166,1,meningioma
btmri_03167,1,meningioma
btmri_03168,1,meningioma
btmri_03169,1,meningioma
btmri_03170,1,meningioma
btmri_03171,1,meningioma
btmri_03172,1,meningioma
btmri_03173,1,meningioma
btmri_03174,1,meningioma
btmri_03175,1,meningioma
btmri_03176,1,meningioma
btmri_03177,1,meningioma
btmri_03178,1,meningioma
btmri_03179,1,meningioma
btmri_03180,1,meningioma
btmri_03181,1,meningioma
btmri_03182,1,meningioma
btmri_03183,1,meningioma
btmri_03184,1,meningioma
btmri_03185,1,meningioma
btmri_03186,1,meningioma
btmri_03187,1,meningioma
btmri_03188,1,meningioma
btmri_03189,1,meningioma
btmri_03190,1,meningioma
btmri_03191,1,meningioma
btmri_03192,1,meningioma
btmri_03193,1,meningioma
btmri_03194,1,meningioma
btmri_03195,1,meningioma
btmri_03196,1,meningioma
btmri_03197,1,meningioma
btmri_03198,1,meningioma
btmri_03199,1,meningioma
btmri_03200,1,meningioma
btmri_03201,1,meningioma
btmri_03202,1,meningioma
btmri_03203,1,meningioma
btmri_03204,1,meningioma
btmri_03205,1,meningioma
btmri_03206,1,meningioma
btmri_03207,1,meningioma
btmri_03208,1,meningioma
btmri_03209,1,meningioma
btmri_03210,1,meningioma
btmri_03211,1,meningioma
btmri_03212,1,meningioma
btmri_03213,1,meningioma
btmri_03214,1,meningioma
btmri_03215,1,meningioma
btmri_03216,1,meningioma
btmri_03217,1,meningioma
btmri_03218,1,meningioma
btmri_03219,1,meningioma
btmri_03220,1,meningioma
btmri_03221,1,meningioma
btmri_03222,1,meningioma
btmri_03223,1,meningioma
btmri_03224,1,meningioma
btmri_03225,1,meningioma
btmri_03226,1,meningioma
btmri_03227,1,meningioma
btmri_03228,1,meningioma
btmri_03229,1,meningioma
btmri_03230,1,meningioma
btmri_03231,1,meningioma
btmri_03232,1,meningioma
btmri_03233,1,meningioma
btmri_03234,1,meningioma
btmri_03235,1,meningioma
btmri_03236,1,meningioma
btmri_03237,1,meningioma
btmri_03238,1,meningioma
btmri_03239,1,meningioma
btmri_03240,1,meningioma
btmri_03241,1,meningioma
btmri_03242,1,meningioma
btmri_03243,1,meningioma
btmri_03244,1,meningioma
btmri_03245,1,meningioma
btmri_03246,1,meningioma
btmri_03247,1,meningioma
btmri_03248,1,meningioma
btmri_03249,1,meningioma
btmri_03250,1,meningioma
btmri_03251,1,meningioma
btmri_03252,1,meningioma
btmri_03253,1,meningioma
btmri_03254,1,meningioma
btmri_03255,1,meningioma
btmri_03256,1,meningioma
btmri_03257,1,meningioma
btmri_03258,1,meningioma
btmri_03259,1,meningioma
btmri_03260,1,meningioma
btmri_03261,1,meningioma
btmri_03262,1,meningioma
btmri_03263,1,meningioma
btmri_03264,1,meningioma
btmri_03265,1,meningioma
btmri_03266,1,meningioma
btmri_03267,1,meningioma
btmri_03268,1,meningioma
btmri_03269,1,meningioma
btmri_03270,1,meningioma
btmri_03271,1,meningioma
btmri_03272,1,meningioma
btmri_03273,1,meningioma
btmri_03274,1,meningioma
btmri_03275,1,meningioma
btmri_03276,1,meningioma
btmri_03277,1,meningioma
btmri_03278,1,meningioma
btmri_03279,1,meningioma
btmri_03280,1,meningioma
btmri_03281,1,meningioma
btmri_03282,1,meningioma
btmri_03283,1,meningioma
btmri_03284,1,meningioma
btmri_03285,1,meningioma
btmri_03286,1,meningioma
btmri_03287,1,meningioma
btmri_03288,1,meningioma
btmri_03289,1,meningioma
btmri_03290,1,meningioma
btmri_03291,1,meningioma
btmri_03292,1,meningioma
btmri_03293,1,meningioma
btmri_03294,1,meningioma
btmri_03295,1,meningioma
btmri_03296,1,meningioma
btmri_03297,1,meningioma
btmri_03298,1,meningioma
btmri_03299,1,meningioma
btmri_03300,1,meningioma
btmri_03301,1,meningioma
btmri_03302,1,meningioma
btmri_03303,1,meningioma
btmri_03304,1,meningioma
btmri_03305,1,meningioma
btmri_03306,1,meningioma
btmri_03307,1,meningioma
btmri_03308,1,meningioma
btmri_03309,1,meningioma
btmri_03310,1,meningioma
btmri_03311,1,meningioma
btmri_03312,1,meningioma
btmri_03313,1,meningioma
btmri_03314,1,meningioma
btmri_03315,1,meningioma
btmri_03316,1,meningioma
btmri_03317,1,meningioma
btmri_03318,1,meningioma
btmri_03319,1,meningioma
btmri_03320,1,meningioma
btmri_03321,1,meningioma
btmri_03322,1,meningioma
btmri_03323,1,meningioma
btmri_03324,1,meningioma
btmri_03325,1,meningioma
btmri_03326,1,meningioma
btmri_03327,1,meningioma
btmri_03328,1,meningioma
btmri_03329,1,meningioma
btmri_03330,1,meningioma
btmri_03331,1,meningioma
btmri_03332,1,meningioma
btmri_03333,1,meningioma
btmri_03334,1,meningioma
btmri_03335,1,meningioma
btmri_03336,1,meningioma
btmri_03337,1,meningioma
btmri_03338,1,meningioma
btmri_03339,1,meningioma
btmri_03340,1,meningioma
btmri_03341,1,meningioma
btmri_03342,1,meningioma
btmri_03343,1,meningioma
btmri_03344,1,meningioma
btmri_03345,1,meningioma
btmri_03346,1,meningioma
btmri_03347,1,meningioma
btmri_03348,1,meningioma
btmri_03349,1,meningioma
btmri_03350,1,meningioma
btmri_03351,1,meningioma
btmri_03352,1,meningioma
btmri_03353,1,meningioma
btmri_03354,1,meningioma
btmri_03355,1,meningioma
btmri_03356,1,meningioma
btmri_03357,1,meningioma
btmri_03358,1,meningioma
btmri_03359,1,meningioma
btmri_03360,1,meningioma
btmri_03361,1,meningioma
btmri_03362,1,meningioma
btmri_03363,1,meningioma
btmri_03364,1,meningioma
btmri_03365,1,meningioma
btmri_03366,1,meningioma
btmri_03367,1,meningioma
btmri_03368,1,meningioma
btmri_03369,1,meningioma
btmri_03370,1,meningioma
btmri_03371,1,meningioma
btmri_03372,1,meningioma
btmri_03373,1,meningioma
btmri_03374,1,meningioma
btmri_03375,1,meningioma
btmri_03376,1,meningioma
btmri_03377,1,meningioma
btmri_03378,1,meningioma
btmri_03379,1,meningioma
btmri_03380,1,meningioma
btmri_03381,1,meningioma
btmri_03382,1,meningioma
btmri_03383,1,meningioma
btmri_03384,1,meningioma
btmri_03385,1,meningioma
btmri_03386,1,meningioma
btmri_03387,1,meningioma
btmri_03388,1,meningioma
btmri_03389,1,meningioma
btmri_03390,1,meningioma
btmri_03391,1,meningioma
btmri_03392,1,meningioma
btmri_03393,1,meningioma
btmri_03394,1,meningioma
btmri_03395,1,meningioma
btmri_03396,1,meningioma
btmri_03397,1,meningioma
btmri_03398,1,meningioma
btmri_03399,1,meningioma
btmri_03400,1,meningioma
btmri_03401,1,meningioma
btmri_03402,1,meningioma
btmri_03403,1,meningioma
btmri_03404,1,meningioma
btmri_03405,1,meningioma
btmri_03406,1,meningioma
btmri_03407,1,meningioma
btmri_03408,1,meningioma
btmri_03409,1,meningioma
btmri_03410,1,meningioma
btmri_03411,1,meningioma
btmri_03412,1,meningioma
btmri_03413,1,meningioma
btmri_03414,1,meningioma
btmri_03415,1,meningioma
btmri_03416,1,meningioma
btmri_03417,1,meningioma
btmri_03418,1,meningioma
btmri_03419,1,meningioma
btmri_03420,1,meningioma
btmri_03421,1,meningioma
btmri_03422,1,meningioma
btmri_03423,1,meningioma
btmri_03424,1,meningioma
btmri_03425,1,meningioma
btmri_03426,1,meningioma
btmri_03427,1,meningioma
btmri_03428,1,meningioma
btmri_03429,1,meningioma
btmri_03430,1,meningioma
btmri_03431,1,meningioma
btmri_03432,1,meningioma
btmri_03433,1,meningioma
btmri_03434,1,meningioma
btmri_03435,1,meningioma
btmri_03436,1,meningioma
btmri_03437,1,meningioma
btmri_03438,1,meningioma
btmri_03439,1,meningioma
btmri_03440,1,meningioma
btmri_03441,1,meningioma
btmri_03442,1,meningioma
btmri_03443,1,meningioma
btmri_03444,1,meningioma
btmri_03445,1,meningioma
btmri_03446,1,meningioma
btmri_03447,1,meningioma
btmri_03448,1,meningioma
btmri_03449,1,meningioma
btmri_03450,1,meningioma
btmri_03451,1,meningioma
btmri_03452,1,meningioma
btmri_03453,1,meningioma
btmri_03454,1,meningioma
btmri_03455,1,meningioma
btmri_03456,1,meningioma
btmri_03457,1,meningioma
btmri_03458,1,meningioma
btmri_03459,1,meningioma
btmri_03460,1,meningioma
btmri_03461,1,meningioma
btmri_03462,1,meningioma
btmri_03463,1,meningioma
btmri_03464,1,meningioma
btmri_03465,1,meningioma
btmri_03466,1,meningioma
btmri_03467,1,meningioma
btmri_03468,1,meningioma
btmri_03469,1,meningioma
btmri_03470,1,meningioma
btmri_03471,1,meningioma
btmri_03472,1,meningioma
btmri_03473,1,meningioma
btmri_03474,1,meningioma
btmri_03475,1,meningioma
btmri_03476,1,meningioma
btmri_03477,1,meningioma
btmri_03478,1,meningioma
btmri_03479,1,meningioma
btmri_03480,1,meningioma
btmri_03481,1,meningioma
btmri_03482,1,meningioma
btmri_03483,1,meningioma
btmri_03484,1,meningioma
btmri_03485,1,meningioma
btmri_03486,1,meningioma
btmri_03487,1,meningioma
btmri_03488,1,meningioma
btmri_03489,1,meningioma
btmri_03490,1,meningioma
btmri_03491,1,meningioma
btmri_03492,1,meningioma
btmri_03493,1,meningioma
btmri_03494,1,meningioma
btmri_03495,1,meningioma
btmri_03496,1,meningioma
btmri_03497,1,meningioma
btmri_03498,1,meningioma
btmri_03499,1,meningioma
btmri_03500,1,meningioma
btmri_03501,1,meningioma
btmri_03502,1,meningioma
btmri_03503,1,meningioma
btmri_03504,1,meningioma
btmri_03505,1,meningioma
btmri_03506,1,meningioma
btmri_03507,1,meningioma
btmri_03508,1,meningioma
btmri_03509,1,meningioma
btmri_03510,1,meningioma
btmri_03511,1,meningioma
btmri_03512,1,meningioma
btmri_03513,1,meningioma
btmri_03514,1,meningioma
btmri_03515,1,meningioma
btmri_03516,1,meningioma
btmri_03517,1,meningioma
btmri_03518,1,meningioma
btmri_03519,1,meningioma
btmri_03520,1,meningioma
btmri_03521,1,meningioma
btmri_03522,1,meningioma
btmri_03523,1,meningioma
btmri_03524,1,meningioma
btmri_03525,1,meningioma
btmri_03526,1,meningioma
btmri_03527,1,meningioma
btmri_03528,1,meningioma
btmri_03529,1,meningioma
btmri_03530,1,meningioma
btmri_03531,1,meningioma
btmri_03532,1,meningioma
btmri_03533,1,meningioma
btmri_03534,1,meningioma
btmri_03535,1,meningioma
btmri_03536,1,meningioma
btmri_03537,1,meningioma
btmri_03538,1,meningioma
btmri_03539,1,meningioma
btmri_03540,1,meningioma
btmri_03541,1,meningioma
btmri_03542,1,meningioma
btmri_03543,1,meningioma
btmri_03544,1,meningioma
btmri_03545,1,meningioma
btmri_03546,1,meningioma
btmri_03547,1,meningioma
btmri_03548,1,meningioma
btmri_03549,1,meningioma
btmri_03550,1,meningioma
btmri_03551,1,meningioma
btmri_03552,1,meningioma
btmri_03553,1,meningioma
btmri_03554,1,meningioma
btmri_03555,1,meningioma
btmri_03556,1,meningioma
btmri_03557,1,meningioma
btmri_03558,1,meningioma
btmri_03559,1,meningioma
btmri_03560,1,meningioma
btmri_03561,1,meningioma
btmri_03562,1,meningioma
btmri_03563,1,meningioma
btmri_03564,1,meningioma
btmri_03565,1,meningioma
btmri_03566,1,meningioma
btmri_03567,1,meningioma
btmri_03568,1,meningioma
btmri_03569,1,meningioma
btmri_03570,1,meningioma
btmri_03571,1,meningioma
btmri_03572,1,meningioma
btmri_03573,1,meningioma
btmri_03574,1,meningioma
btmri_03575,1,meningioma
btmri_03576,1,meningioma
btmri_03577,1,meningioma
btmri_03578,1,meningioma
btmri_03579,1,meningioma
btmri_03580,1,meningioma
btmri_03581,1,meningioma
btmri_03582,1,meningioma
btmri_03583,1,meningioma
btmri_03584,1,meningioma
btmri_03585,1,meningioma
btmri_03586,1,meningioma
btmri_03587,1,meningioma
btmri_03588,1,meningioma
btmri_03589,1,meningioma
btmri_03590,1,meningioma
btmri_03591,1,meningioma
btmri_03592,1,meningioma
btmri_03593,1,meningioma
btmri_03594,1,meningioma
btmri_03595,1,meningioma
btmri_03596,1,meningioma
btmri_03597,1,meningioma
btmri_03598,1,meningioma
btmri_03599,1,meningioma
btmri_03600,1,meningioma
btmri_03601,1,meningioma
btmri_03602,1,meningioma
btmri_03603,1,meningioma
btmri_03604,1,meningioma
btmri_03605,1,meningioma
btmri_03606,1,meningioma
btmri_03607,1,meningioma
btmri_03608,1,meningioma
btmri_03609,1,meningioma
btmri_03610,1,meningioma
btmri_03611,1,meningioma
btmri_03612,1,meningioma
btmri_03613,1,meningioma
btmri_03614,1,meningioma
btmri_03615,1,meningioma
btmri_03616,1,meningioma
btmri_03617,1,meningioma
btmri_03618,1,meningioma
btmri_03619,1,meningioma
btmri_03620,1,meningioma
btmri_03621,1,meningioma
btmri_03622,1,meningioma
btmri_03623,1,meningioma
btmri_03624,1,meningioma
btmri_03625,1,meningioma
btmri_03626,1,meningioma
btmri_03627,1,meningioma
btmri_03628,1,meningioma
btmri_03629,1,meningioma
btmri_03630,1,meningioma
btmri_03631,1,meningioma
btmri_03632,1,meningioma
btmri_03633,1,meningioma
btmri_03634,1,meningioma
btmri_03635,1,meningioma
btmri_03636,1,meningioma
btmri_03637,1,meningioma
btmri_03638,1,meningioma
btmri_03639,1,meningioma
btmri_03640,1,meningioma
btmri_03641,1,meningioma
btmri_03642,1,meningioma
btmri_03643,1,meningioma
btmri_03644,1,meningioma
btmri_03645,1,meningioma
btmri_03646,1,meningioma
btmri_03647,1,meningioma
btmri_03648,1,meningioma
btmri_03649,1,meningioma
btmri_03650,1,meningioma
btmri_03651,1,meningioma
btmri_03652,1,meningioma
btmri_03653,1,meningioma
btmri_03654,1,meningioma
btmri_03655,1,meningioma
btmri_03656,1,meningioma
btmri_03657,1,meningioma
btmri_03658,1,meningioma
btmri_03659,1,meningioma
btmri_03660,1,meningioma
btmri_03661,1,meningioma
btmri_03662,1,meningioma
btmri_03663,1,meningioma
btmri_03664,1,meningioma
btmri_03665,1,meningioma
btmri_03666,1,meningioma
btmri_03667,1,meningioma
btmri_03668,1,meningioma
btmri_03669,1,meningioma
btmri_03670,1,meningioma
btmri_03671,1,meningioma
btmri_03672,1,meningioma
btmri_03673,1,meningioma
btmri_03674,1,meningioma
btmri_03675,1,meningioma
btmri_03676,1,meningioma
btmri_03677,1,meningioma
btmri_03678,1,meningioma
btmri_03679,1,meningioma
btmri_03680,1,meningioma
btmri_03681,1,meningioma
btmri_03682,1,meningioma
btmri_03683,1,meningioma
btmri_03684,1,meningioma
btmri_03685,1,meningioma
btmri_03686,1,meningioma
btmri_03687,1,meningioma
btmri_03688,1,meningioma
btmri_03689,1,meningioma
btmri_03690,1,meningioma
btmri_03691,1,meningioma
btmri_03692,1,meningioma
btmri_03693,1,meningioma
btmri_03694,1,meningioma
btmri_03695,1,meningioma
btmri_03696,1,meningioma
btmri_03697,1,meningioma
btmri_03698,1,meningioma
btmri_03699,1,meningioma
btmri_03700,1,meningioma
btmri_03701,1,meningioma
btmri_03702,1,meningioma
btmri_03703,1,meningioma
btmri_03704,1,meningioma
btmri_03705,1,meningioma
btmri_03706,1,meningioma
btmri_03707,1,meningioma
btmri_03708,1,meningioma
btmri_03709,1,meningioma
btmri_03710,1,meningioma
btmri_03711,1,meningioma
btmri_03712,1,meningioma
btmri_03713,1,meningioma
btmri_03714,1,meningioma
btmri_03715,1,meningioma
btmri_03716,1,meningioma
btmri_03717,1,meningioma
btmri_03718,1,meningioma
btmri_03719,1,meningioma
btmri_03720,1,meningioma
btmri_03721,1,meningioma
btmri_03722,1,meningioma
btmri_03723,1,meningioma
btmri_03724,1,meningioma
btmri_03725,1,meningioma
btmri_03726,1,meningioma
btmri_03727,1,meningioma
btmri_03728,1,meningioma
btmri_03729,1,meningioma
btmri_03730,1,meningioma
btmri_03731,1,meningioma
btmri_03732,1,meningioma
btmri_03733,1,meningioma
btmri_03734,1,meningioma
btmri_03735,1,meningioma
btmri_03736,1,meningioma
btmri_03737,1,meningioma
btmri_03738,1,meningioma
btmri_03739,1,meningioma
btmri_03740,1,meningioma
btmri_03741,1,meningioma
btmri_03742,1,meningioma
btmri_03743,1,meningioma
btmri_03744,1,meningioma
btmri_03745,1,meningioma
btmri_03746,1,meningioma
btmri_03747,1,meningioma
btmri_03748,1,meningioma
btmri_03749,1,meningioma
btmri_03750,1,meningioma
btmri_03751,1,meningioma
btmri_03752,1,meningioma
btmri_03753,1,meningioma
btmri_03754,1,meningioma
btmri_03755,1,meningioma
btmri_03756,1,meningioma
btmri_03757,1,meningioma
btmri_03758,1,meningioma
btmri_03759,1,meningioma
btmri_03760,1,meningioma
btmri_03761,1,meningioma
btmri_03762,1,meningioma
btmri_03763,1,meningioma
btmri_03764,1,meningioma
btmri_03765,1,meningioma
btmri_03766,1,meningioma
btmri_03767,1,meningioma
btmri_03768,1,meningioma
btmri_03769,1,meningioma
btmri_03770,1,meningioma
btmri_03771,1,meningioma
btmri_03772,1,meningioma
btmri_03773,1,meningioma
btmri_03774,1,meningioma
btmri_03775,1,meningioma
btmri_03776,1,meningioma
btmri_03777,1,meningioma
btmri_03778,1,meningioma
btmri_03779,1,meningioma
btmri_03780,1,meningioma
btmri_03781,1,meningioma
btmri_03782,1,meningioma
btmri_03783,1,meningioma
btmri_03784,1,meningioma
btmri_03785,1,meningioma
btmri_03786,1,meningioma
btmri_03787,1,meningioma
btmri_03788,1,meningioma
btmri_03789,1,meningioma
btmri_03790,1,meningioma
btmri_03791,1,meningioma
btmri_03792,1,meningioma
btmri_03793,1,meningioma
btmri_03794,1,meningioma
btmri_03795,1,meningioma
btmri_03796,1,meningioma
btmri_03797,1,meningioma
btmri_03798,1,meningioma
btmri_03799,1,meningioma
btmri_03800,1,meningioma
btmri_03801,1,meningioma
btmri_03802,1,meningioma
btmri_03803,1,meningioma
btmri_03804,1,meningioma
btmri_03805,1,meningioma
btmri_03806,1,meningioma
btmri_03807,1,meningioma
btmri_03808,1,meningioma
btmri_03809,1,meningioma
btmri_03810,1,meningioma
btmri_03811,1,meningioma
btmri_03812,1,meningioma
btmri_03813,1,meningioma
btmri_03814,1,meningioma
btmri_03815,1,meningioma
btmri_03816,1,meningioma
btmri_03817,1,meningioma
btmri_03818,1,meningioma
btmri_03819,1,meningioma
btmri_03820,1,meningioma
btmri_03821,1,meningioma
btmri_03822,1,meningioma
btmri_03823,1,meningioma
btmri_03824,1,meningioma
btmri_03825,1,meningioma
btmri_03826,1,meningioma
btmri_03827,1,meningioma
btmri_03828,1,meningioma
btmri_03829,1,meningioma
btmri_03830,1,meningioma
btmri_03831,1,meningioma
btmri_03832,1,meningioma
btmri_03833,1,meningioma
btmri_03834,1,meningioma
btmri_03835,1,meningioma
btmri_03836,1,meningioma
btmri_03837,1,meningioma
btmri_03838,1,meningioma
btmri_03839,1,meningioma
btmri_03840,1,meningioma
btmri_03841,1,meningioma
btmri_03842,1,meningioma
btmri_03843,1,meningioma
btmri_03844,1,meningioma
btmri_03845,1,meningioma
btmri_03846,1,meningioma
btmri_03847,1,meningioma
btmri_03848,1,meningioma
btmri_03849,1,meningioma
btmri_03850,1,meningioma
btmri_03851,1,meningioma
btmri_03852,1,meningioma
btmri_03853,1,meningioma
btmri_03854,1,meningioma
btmri_03855,1,meningioma
btmri_03856,1,meningioma
btmri_03857,1,meningioma
btmri_03858,1,meningioma
btmri_03859,1,meningioma
btmri_03860,1,meningioma
btmri_03861,1,meningioma
btmri_03862,1,meningioma
btmri_03863,1,meningioma
btmri_03864,1,meningioma
btmri_03865,1,meningioma
btmri_03866,1,meningioma
btmri_03867,1,meningioma
btmri_03868,1,meningioma
btmri_03869,1,meningioma
btmri_03870,1,meningioma
btmri_03871,1,meningioma
btmri_03872,1,meningioma
btmri_03873,1,meningioma
btmri_03874,1,meningioma
btmri_03875,1,meningioma
btmri_03876,1,meningioma
btmri_03877,1,meningioma
btmri_03878,1,meningioma
btmri_03879,1,meningioma
btmri_03880,1,meningioma
btmri_03881,1,meningioma
btmri_03882,1,meningioma
btmri_03883,1,meningioma
btmri_03884,1,meningioma
btmri_03885,1,meningioma
btmri_03886,1,meningioma
btmri_03887,1,meningioma
btmri_03888,1,meningioma
btmri_03889,1,meningioma
btmri_03890,1,meningioma
btmri_03891,1,meningioma
btmri_03892,1,meningioma
btmri_03893,1,meningioma
btmri_03894,1,meningioma
btmri_03895,1,meningioma
btmri_03896,1,meningioma
btmri_03897,1,meningioma
btmri_03898,1,meningioma
btmri_03899,1,meningioma
btmri_03900,1,meningioma
btmri_03901,1,meningioma
btmri_03902,1,meningioma
btmri_03903,1,meningioma
btmri_03904,1,meningioma
btmri_03905,1,meningioma
btmri_03906,1,meningioma
btmri_03907,1,meningioma
btmri_03908,1,meningioma
btmri_03909,1,meningioma
btmri_03910,1,meningioma
btmri_03911,1,meningioma
btmri_03912,1,meningioma
btmri_03913,1,meningioma
btmri_03914,1,meningioma
btmri_03915,1,meningioma
btmri_03916,1,meningioma
btmri_03917,1,meningioma
btmri_03918,1,meningioma
btmri_03919,1,meningioma
btmri_03920,1,meningioma
btmri_03921,1,meningioma
btmri_03922,1,meningioma
btmri_03923,1,meningioma
btmri_03924,1,meningioma
btmri_03925,1,meningioma
btmri_03926,1,meningioma
btmri_03927,1,meningioma
btmri_03928,1,meningioma
btmri_03929,1,meningioma
btmri_03930,1,meningioma
btmri_03931,1,meningioma
btmri_03932,1,meningioma
btmri_03933,1,meningioma
btmri_03934,1,meningioma
btmri_03935,1,meningioma
btmri_03936,1,meningioma
btmri_03937,1,meningioma
btmri_03938,1,meningioma
btmri_03939,1,meningioma
btmri_03940,1,meningioma
btmri_03941,1,meningioma
btmri_03942,1,meningioma
btmri_03943,1,meningioma
btmri_03944,1,meningioma
btmri_03945,1,meningioma
btmri_03946,1,meningioma
btmri_03947,1,meningioma
btmri_03948,1,meningioma
btmri_03949,1,meningioma
btmri_03950,1,meningioma
btmri_03951,1,meningioma
btmri_03952,1,meningioma
btmri_03953,1,meningioma
btmri_03954,1,meningioma
btmri_03955,1,meningioma
btmri_03956,1,meningioma
btmri_03957,1,meningioma
btmri_03958,1,meningioma
btmri_03959,1,meningioma
btmri_03960,1,meningioma
btmri_03961,1,meningioma
btmri_03962,1,meningioma
btmri_03963,1,meningioma
btmri_03964,1,meningioma
btmri_03965,1,meningioma
btmri_03966,1,meningioma
btmri_03967,1,meningioma
btmri_03968,1,meningioma
btmri_03969,1,meningioma
btmri_03970,1,meningioma
btmri_03971,2,notumor
btmri_03972,2,notumor
btmri_03973,2,notumor
btmri_03974,2,notumor
btmri_03975,2,notumor
btmri_03976,2,notumor
btmri_03977,2,notumor
btmri_03978,2,notumor
btmri_03979,2,notumor
btmri_03980,2,notumor
btmri_03981,2,notumor
btmri_03982,2,notumor
btmri_03983,2,notumor
btmri_03984,2,notumor
btmri_03985,2,notumor
btmri_03986,2,notumor
btmri_03987,2,notumor
btmri_03988,2,notumor
btmri_03989,2,notumor
btmri_03990,2,notumor
btmri_03991,2,notumor
btmri_03992,2,notumor
btmri_03993,2,notumor
btmri_03994,2,notumor
btmri_03995,2,notumor
btmri_03996,2,notumor
btmri_03997,2,notumor
btmri_03998,2,notumor
btmri_03999,2,notumor
btmri_04000,2,notumor
btmri_04001,2,notumor
btmri_04002,2,notumor
btmri_04003,2,notumor
btmri_04004,2,notumor
btmri_04005,2,notumor
btmri_04006,2,notumor
btmri_04007,2,notumor
btmri_04008,2,notumor
btmri_04009,2,notumor
btmri_04010,2,notumor
btmri_04011,2,notumor
btmri_04012,2,notumor
btmri_04013,2,notumor
btmri_04014,2,notumor
btmri_04015,2,notumor
btmri_04016,2,notumor
btmri_04017,2,notumor
btmri_04018,2,notumor
btmri_04019,2,notumor
btmri_04020,2,notumor
btmri_04021,2,notumor
btmri_04022,2,notumor
btmri_04023,2,notumor
btmri_04024,2,notumor
btmri_04025,2,notumor
btmri_04026,2,notumor
btmri_04027,2,notumor
btmri_04028,2,notumor
btmri_04029,2,notumor
btmri_04030,2,notumor
btmri_04031,2,notumor
btmri_04032,2,notumor
btmri_04033,2,notumor
btmri_04034,2,notumor
btmri_04035,2,notumor
btmri_04036,2,notumor
btmri_04037,2,notumor
btmri_04038,2,notumor
btmri_04039,2,notumor
btmri_04040,2,notumor
btmri_04041,2,notumor
btmri_04042,2,notumor
btmri_04043,2,notumor
btmri_04044,2,notumor
btmri_04045,2,notumor
btmri_04046,2,notumor
btmri_04047,2,notumor
btmri_04048,2,notumor
btmri_04049,2,notumor
btmri_04050,2,notumor
btmri_04051,2,notumor
btmri_04052,2,notumor
btmri_04053,2,notumor
btmri_04054,2,notumor
btmri_04055,2,notumor
btmri_04056,2,notumor
btmri_04057,2,notumor
btmri_04058,2,notumor
btmri_04059,2,notumor
btmri_04060,2,notumor
btmri_04061,2,notumor
btmri_04062,2,notumor
btmri_04063,2,notumor
btmri_04064,2,notumor
btmri_04065,2,notumor
btmri_04066,2,notumor
btmri_04067,2,notumor
btmri_04068,2,notumor
btmri_04069,2,notumor
btmri_04070,2,notumor
btmri_04071,2,notumor
btmri_04072,2,notumor
btmri_04073,2,notumor
btmri_04074,2,notumor
btmri_04075,2,notumor
btmri_04076,2,notumor
btmri_04077,2,notumor
btmri_04078,2,notumor
btmri_04079,2,notumor
btmri_04080,2,notumor
btmri_04081,2,notumor
btmri_04082,2,notumor
btmri_04083,2,notumor
btmri_04084,2,notumor
btmri_04085,2,notumor
btmri_04086,2,notumor
btmri_04087,2,notumor
btmri_04088,2,notumor
btmri_04089,2,notumor
btmri_04090,2,notumor
btmri_04091,2,notumor
btmri_04092,2,notumor
btmri_04093,2,notumor
btmri_04094,2,notumor
btmri_04095,2,notumor
btmri_04096,2,notumor
btmri_04097,2,notumor
btmri_04098,2,notumor
btmri_04099,2,notumor
btmri_04100,2,notumor
btmri_04101,2,notumor
btmri_04102,2,notumor
btmri_04103,2,notumor
btmri_04104,2,notumor
btmri_04105,2,notumor
btmri_04106,2,notumor
btmri_04107,2,notumor
btmri_04108,2,notumor
btmri_04109,2,notumor
btmri_04110,2,notumor
btmri_04111,2,notumor
btmri_04112,2,notumor
btmri_04113,2,notumor
btmri_04114,2,notumor
btmri_04115,2,notumor
btmri_04116,2,notumor
btmri_04117,2,notumor
btmri_04118,2,notumor
btmri_04119,2,notumor
btmri_04120,2,notumor
btmri_04121,2,notumor
btmri_04122,2,notumor
btmri_04123,2,notumor
btmri_04124,2,notumor
btmri_04125,2,notumor
btmri_04126,2,notumor
btmri_04127,2,notumor
btmri_04128,2,notumor
btmri_04129,2,notumor
btmri_04130,2,notumor
btmri_04131,2,notumor
btmri_04132,2,notumor
btmri_04133,2,notumor
btmri_04134,2,notumor
btmri_04135,2,notumor
btmri_04136,2,notumor
btmri_04137,2,notumor
btmri_04138,2,notumor
btmri_04139,2,notumor
btmri_04140,2,notumor
btmri_04141,2,notumor
btmri_04142,2,notumor
btmri_04143,2,notumor
btmri_04144,2,notumor
btmri_04145,2,notumor
btmri_04146,2,notumor
btmri_04147,2,notumor
btmri_04148,2,notumor
btmri_04149,2,notumor
btmri_04150,2,notumor
btmri_04151,2,notumor
btmri_04152,2,notumor
btmri_04153,2,notumor
btmri_04154,2,notumor
btmri_04155,2,notumor
btmri_04156,2,notumor
btmri_04157,2,notumor
btmri_04158,2,notumor
btmri_04159,2,notumor
btmri_04160,2,notumor
btmri_04161,2,notumor
btmri_04162,2,notumor
btmri_04163,2,notumor
btmri_04164,2,notumor
btmri_04165,2,notumor
btmri_04166,2,notumor
btmri_04167,2,notumor
btmri_04168,2,notumor
btmri_04169,2,notumor
btmri_04170,2,notumor
btmri_04171,2,notumor
btmri_04172,2,notumor
btmri_04173,2,notumor
btmri_04174,2,notumor
btmri_04175,2,notumor
btmri_04176,2,notumor
btmri_04177,2,notumor
btmri_04178,2,notumor
btmri_04179,2,notumor
btmri_04180,2,notumor
btmri_04181,2,notumor
btmri_04182,2,notumor
btmri_04183,2,notumor
btmri_04184,2,notumor
btmri_04185,2,notumor
btmri_04186,2,notumor
btmri_04187,2,notumor
btmri_04188,2,notumor
btmri_04189,2,notumor
btmri_04190,2,notumor
btmri_04191,2,notumor
btmri_04192,2,notumor
btmri_04193,2,notumor
btmri_04194,2,notumor
btmri_04195,2,notumor
btmri_04196,2,notumor
btmri_04197,2,notumor
btmri_04198,2,notumor
btmri_04199,2,notumor
btmri_04200,2,notumor
btmri_04201,2,notumor
btmri_04202,2,notumor
btmri_04203,2,notumor
btmri_04204,2,notumor
btmri_04205,2,notumor
btmri_04206,2,notumor
btmri_04207,2,notumor
btmri_04208,2,notumor
btmri_04209,2,notumor
btmri_04210,2,notumor
btmri_04211,2,notumor
btmri_04212,2,notumor
btmri_04213,2,notumor
btmri_04214,2,notumor
btmri_04215,2,notumor
btmri_04216,2,notumor
btmri_04217,2,notumor
btmri_04218,2,notumor
btmri_04219,2,notumor
btmri_04220,2,notumor
btmri_04221,2,notumor
btmri_04222,2,notumor
btmri_04223,2,notumor
btmri_04224,2,notumor
btmri_04225,2,notumor
btmri_04226,2,notumor
btmri_04227,2,notumor
btmri_04228,2,notumor
btmri_04229,2,notumor
btmri_04230,2,notumor
btmri_04231,2,notumor
btmri_04232,2,notumor
btmri_04233,2,notumor
btmri_04234,2,notumor
btmri_04235,2,notumor
btmri_04236,2,notumor
btmri_04237,2,notumor
btmri_04238,2,notumor
btmri_04239,2,notumor
btmri_04240,2,notumor
btmri_04241,2,notumor
btmri_04242,2,notumor
btmri_04243,2,notumor
btmri_04244,2,notumor
btmri_04245,2,notumor
btmri_04246,2,notumor
btmri_04247,2,notumor
btmri_04248,2,notumor
btmri_04249,2,notumor
btmri_04250,2,notumor
btmri_04251,2,notumor
btmri_04252,2,notumor
btmri_04253,2,notumor
btmri_04254,2,notumor
btmri_04255,2,notumor
btmri_04256,2,notumor
btmri_04257,2,notumor
btmri_04258,2,notumor
btmri_04259,2,notumor
btmri_04260,2,notumor
btmri_04261,2,notumor
btmri_04262,2,notumor
btmri_04263,2,notumor
btmri_04264,2,notumor
btmri_04265,2,notumor
btmri_04266,2,notumor
btmri_04267,2,notumor
btmri_04268,2,notumor
btmri_04269,2,notumor
btmri_04270,2,notumor
btmri_04271,2,notumor
btmri_04272,2,notumor
btmri_04273,2,notumor
btmri_04274,2,notumor
btmri_04275,2,notumor
btmri_04276,2,notumor
btmri_04277,2,notumor
btmri_04278,2,notumor
btmri_04279,2,notumor
btmri_04280,2,notumor
btmri_04281,2,notumor
btmri_04282,2,notumor
btmri_04283,2,notumor
btmri_04284,2,notumor
btmri_04285,2,notumor
btmri_04286,2,notumor
btmri_04287,2,notumor
btmri_04288,2,notumor
btmri_04289,2,notumor
btmri_04290,2,notumor
btmri_04291,2,notumor
btmri_04292,2,notumor
btmri_04293,2,notumor
btmri_04294,2,notumor
btmri_04295,2,notumor
btmri_04296,2,notumor
btmri_04297,2,notumor
btmri_04298,2,notumor
btmri_04299,2,notumor
btmri_04300,2,notumor
btmri_04301,2,notumor
btmri_04302,2,notumor
btmri_04303,2,notumor
btmri_04304,2,notumor
btmri_04305,2,notumor
btmri_04306,2,notumor
btmri_04307,2,notumor
btmri_04308,2,notumor
btmri_04309,2,notumor
btmri_04310,2,notumor
btmri_04311,2,notumor
btmri_04312,2,notumor
btmri_04313,2,notumor
btmri_04314,2,notumor
btmri_04315,2,notumor
btmri_04316,2,notumor
btmri_04317,2,notumor
btmri_04318,2,notumor
btmri_04319,2,notumor
btmri_04320,2,notumor
btmri_04321,2,notumor
btmri_04322,2,notumor
btmri_04323,2,notumor
btmri_04324,2,notumor
btmri_04325,2,notumor
btmri_04326,2,notumor
btmri_04327,2,notumor
btmri_04328,2,notumor
btmri_04329,2,notumor
btmri_04330,2,notumor
btmri_04331,2,notumor
btmri_04332,2,notumor
btmri_04333,2,notumor
btmri_04334,2,notumor
btmri_04335,2,notumor
btmri_04336,2,notumor
btmri_04337,2,notumor
btmri_04338,2,notumor
btmri_04339,2,notumor
btmri_04340,2,notumor
btmri_04341,2,notumor
btmri_04342,2,notumor
btmri_04343,2,notumor
btmri_04344,2,notumor
btmri_04345,2,notumor
btmri_04346,2,notumor
btmri_04347,2,notumor
btmri_04348,2,notumor
btmri_04349,2,notumor
btmri_04350,2,notumor
btmri_04351,2,notumor
btmri_04352,2,notumor
btmri_04353,2,notumor
btmri_04354,2,notumor
btmri_04355,2,notumor
btmri_04356,2,notumor
btmri_04357,2,notumor
btmri_04358,2,notumor
btmri_04359,2,notumor
btmri_04360,2,notumor
btmri_04361,2,notumor
btmri_04362,2,notumor
btmri_04363,2,notumor
btmri_04364,2,notumor
btmri_04365,2,notumor
btmri_04366,2,notumor
btmri_04367,2,notumor
btmri_04368,2,notumor
btmri_04369,2,notumor
btmri_04370,2,notumor
btmri_04371,2,notumor
btmri_04372,2,notumor
btmri_04373,2,notumor
btmri_04374,2,notumor
btmri_04375,2,notumor
btmri_04376,2,notumor
btmri_04377,2,notumor
btmri_04378,2,notumor
btmri_04379,2,notumor
btmri_04380,2,notumor
btmri_04381,2,notumor
btmri_04382,2,notumor
btmri_04383,2,notumor
btmri_04384,2,notumor
btmri_04385,2,notumor
btmri_04386,2,notumor
btmri_04387,2,notumor
btmri_04388,2,notumor
btmri_04389,2,notumor
btmri_04390,2,notumor
btmri_04391,2,notumor
btmri_04392,2,notumor
btmri_04393,2,notumor
btmri_04394,2,notumor
btmri_04395,2,notumor
btmri_04396,2,notumor
btmri_04397,2,notumor
btmri_04398,2,notumor
btmri_04399,2,notumor
btmri_04400,2,notumor
btmri_04401,2,notumor
btmri_04402,2,notumor
btmri_04403,2,notumor
btmri_04404,2,notumor
btmri_04405,2,notumor
btmri_04406,2,notumor
btmri_04407,2,notumor
btmri_04408,2,notumor
btmri_04409,2,notumor
btmri_04410,2,notumor
btmri_04411,2,notumor
btmri_04412,2,notumor
btmri_04413,2,notumor
btmri_04414,2,notumor
btmri_04415,2,notumor
btmri_04416,2,notumor
btmri_04417,2,notumor
btmri_04418,2,notumor
btmri_04419,2,notumor
btmri_04420,2,notumor
btmri_04421,2,notumor
btmri_04422,2,notumor
btmri_04423,2,notumor
btmri_04424,2,notumor
btmri_04425,2,notumor
btmri_04426,2,notumor
btmri_04427,2,notumor
btmri_04428,2,notumor
btmri_04429,2,notumor
btmri_04430,2,notumor
btmri_04431,2,notumor
btmri_04432,2,notumor
btmri_04433,2,notumor
btmri_04434,2,notumor
btmri_04435,2,notumor
btmri_04436,2,notumor
btmri_04437,2,notumor
btmri_04438,2,notumor
btmri_04439,2,notumor
btmri_04440,2,notumor
btmri_04441,2,notumor
btmri_04442,2,notumor
btmri_04443,2,notumor
btmri_04444,2,notumor
btmri_04445,2,notumor
btmri_04446,2,notumor
btmri_04447,2,notumor
btmri_04448,2,notumor
btmri_04449,2,notumor
btmri_04450,2,notumor
btmri_04451,2,notumor
btmri_04452,2,notumor
btmri_04453,2,notumor
btmri_04454,2,notumor
btmri_04455,2,notumor
btmri_04456,2,notumor
btmri_04457,2,notumor
btmri_04458,2,notumor
btmri_04459,2,notumor
btmri_04460,2,notumor
btmri_04461,2,notumor
btmri_04462,2,notumor
btmri_04463,2,notumor
btmri_04464,2,notumor
btmri_04465,2,notumor
btmri_04466,2,notumor
btmri_04467,2,notumor
btmri_04468,2,notumor
btmri_04469,2,notumor
btmri_04470,2,notumor
btmri_04471,2,notumor
btmri_04472,2,notumor
btmri_04473,2,notumor
btmri_04474,2,notumor
btmri_04475,2,notumor
btmri_04476,2,notumor
btmri_04477,2,notumor
btmri_04478,2,notumor
btmri_04479,2,notumor
btmri_04480,2,notumor
btmri_04481,2,notumor
btmri_04482,2,notumor
btmri_04483,2,notumor
btmri_04484,2,notumor
btmri_04485,2,notumor
btmri_04486,2,notumor
btmri_04487,2,notumor
btmri_04488,2,notumor
btmri_04489,2,notumor
btmri_04490,2,notumor
btmri_04491,2,notumor
btmri_04492,2,notumor
btmri_04493,2,notumor
btmri_04494,2,notumor
btmri_04495,2,notumor
btmri_04496,2,notumor
btmri_04497,2,notumor
btmri_04498,2,notumor
btmri_04499,2,notumor
btmri_04500,2,notumor
btmri_04501,2,notumor
btmri_04502,2,notumor
btmri_04503,2,notumor
btmri_04504,2,notumor
btmri_04505,2,notumor
btmri_04506,2,notumor
btmri_04507,2,notumor
btmri_04508,2,notumor
btmri_04509,2,notumor
btmri_04510,2,notumor
btmri_04511,2,notumor
btmri_04512,2,notumor
btmri_04513,2,notumor
btmri_04514,2,notumor
btmri_04515,2,notumor
btmri_04516,2,notumor
btmri_04517,2,notumor
btmri_04518,2,notumor
btmri_04519,2,notumor
btmri_04520,2,notumor
btmri_04521,2,notumor
btmri_04522,2,notumor
btmri_04523,2,notumor
btmri_04524,2,notumor
btmri_04525,2,notumor
btmri_04526,2,notumor
btmri_04527,2,notumor
btmri_04528,2,notumor
btmri_04529,2,notumor
btmri_04530,2,notumor
btmri_04531,2,notumor
btmri_04532,2,notumor
btmri_04533,2,notumor
btmri_04534,2,notumor
btmri_04535,2,notumor
btmri_04536,2,notumor
btmri_04537,2,notumor
btmri_04538,2,notumor
btmri_04539,2,notumor
btmri_04540,2,notumor
btmri_04541,2,notumor
btmri_04542,2,notumor
btmri_04543,2,notumor
btmri_04544,2,notumor
btmri_04545,2,notumor
btmri_04546,2,notumor
btmri_04547,2,notumor
btmri_04548,2,notumor
btmri_04549,2,notumor
btmri_04550,2,notumor
btmri_04551,2,notumor
btmri_04552,2,notumor
btmri_04553,2,notumor
btmri_04554,2,notumor
btmri_04555,2,notumor
btmri_04556,2,notumor
btmri_04557,2,notumor
btmri_04558,2,notumor
btmri_04559,2,notumor
btmri_04560,2,notumor
btmri_04561,2,notumor
btmri_04562,2,notumor
btmri_04563,2,notumor
btmri_04564,2,notumor
btmri_04565,2,notumor
btmri_04566,2,notumor
btmri_04567,2,notumor
btmri_04568,2,notumor
btmri_04569,2,notumor
btmri_04570,2,notumor
btmri_04571,2,notumor
btmri_04572,2,notumor
btmri_04573,2,notumor
btmri_04574,2,notumor
btmri_04575,2,notumor
btmri_04576,2,notumor
btmri_04577,2,notumor
btmri_04578,2,notumor
btmri_04579,2,notumor
btmri_04580,2,notumor
btmri_04581,2,notumor
btmri_04582,2,notumor
btmri_04583,2,notumor
btmri_04584,2,notumor
btmri_04585,2,notumor
btmri_04586,2,notumor
btmri_04587,2,notumor
btmri_04588,2,notumor
btmri_04589,2,notumor
btmri_04590,2,notumor
btmri_04591,2,notumor
btmri_04592,2,notumor
btmri_04593,2,notumor
btmri_04594,2,notumor
btmri_04595,2,notumor
btmri_04596,2,notumor
btmri_04597,2,notumor
btmri_04598,2,notumor
btmri_04599,2,notumor
btmri_04600,2,notumor
btmri_04601,2,notumor
btmri_04602,2,notumor
btmri_04603,2,notumor
btmri_04604,2,notumor
btmri_04605,2,notumor
btmri_04606,2,notumor
btmri_04607,2,notumor
btmri_04608,2,notumor
btmri_04609,2,notumor
btmri_04610,2,notumor
btmri_04611,2,notumor
btmri_04612,2,notumor
btmri_04613,2,notumor
btmri_04614,2,notumor
btmri_04615,2,notumor
btmri_04616,2,notumor
btmri_04617,2,notumor
btmri_04618,2,notumor
btmri_04619,2,notumor
btmri_04620,2,notumor
btmri_04621,2,notumor
btmri_04622,2,notumor
btmri_04623,2,notumor
btmri_04624,2,notumor
btmri_04625,2,notumor
btmri_04626,2,notumor
btmri_04627,2,notumor
btmri_04628,2,notumor
btmri_04629,2,notumor
btmri_04630,2,notumor
btmri_04631,2,notumor
btmri_04632,2,notumor
btmri_04633,2,notumor
btmri_04634,2,notumor
btmri_04635,2,notumor
btmri_04636,2,notumor
btmri_04637,2,notumor
btmri_04638,2,notumor
btmri_04639,2,notumor
btmri_04640,2,notumor
btmri_04641,2,notumor
btmri_04642,2,notumor
btmri_04643,2,notumor
btmri_04644,2,notumor
btmri_04645,2,notumor
btmri_04646,2,notumor
btmri_04647,2,notumor
btmri_04648,2,notumor
btmri_04649,2,notumor
btmri_04650,2,notumor
btmri_04651,2,notumor
btmri_04652,2,notumor
btmri_04653,2,notumor
btmri_04654,2,notumor
btmri_04655,2,notumor
btmri_04656,2,notumor
btmri_04657,2,notumor
btmri_04658,2,notumor
btmri_04659,2,notumor
btmri_04660,2,notumor
btmri_04661,2,notumor
btmri_04662,2,notumor
btmri_04663,2,notumor
btmri_04664,2,notumor
btmri_04665,2,notumor
btmri_04666,2,notumor
btmri_04667,2,notumor
btmri_04668,2,notumor
btmri_04669,2,notumor
btmri_04670,2,notumor
btmri_04671,2,notumor
btmri_04672,2,notumor
btmri_04673,2,notumor
btmri_04674,2,notumor
btmri_04675,2,notumor
btmri_04676,2,notumor
btmri_04677,2,notumor
btmri_04678,2,notumor
btmri_04679,2,notumor
btmri_04680,2,notumor
btmri_04681,2,notumor
btmri_04682,2,notumor
btmri_04683,2,notumor
btmri_04684,2,notumor
btmri_04685,2,notumor
btmri_04686,2,notumor
btmri_04687,2,notumor
btmri_04688,2,notumor
btmri_04689,2,notumor
btmri_04690,2,notumor
btmri_04691,2,notumor
btmri_04692,2,notumor
btmri_04693,2,notumor
btmri_04694,2,notumor
btmri_04695,2,notumor
btmri_04696,2,notumor
btmri_04697,2,notumor
btmri_04698,2,notumor
btmri_04699,2,notumor
btmri_04700,2,notumor
btmri_04701,2,notumor
btmri_04702,2,notumor
btmri_04703,2,notumor
btmri_04704,2,notumor
btmri_04705,2,notumor
btmri_04706,2,notumor
btmri_04707,2,notumor
btmri_04708,2,notumor
btmri_04709,2,notumor
btmri_04710,2,notumor
btmri_04711,2,notumor
btmri_04712,2,notumor
btmri_04713,2,notumor
btmri_04714,2,notumor
btmri_04715,2,notumor
btmri_04716,2,notumor
btmri_04717,2,notumor
btmri_04718,2,notumor
btmri_04719,2,notumor
btmri_04720,2,notumor
btmri_04721,2,notumor
btmri_04722,2,notumor
btmri_04723,2,notumor
btmri_04724,2,notumor
btmri_04725,2,notumor
btmri_04726,2,notumor
btmri_04727,2,notumor
btmri_04728,2,notumor
btmri_04729,2,notumor
btmri_04730,2,notumor
btmri_04731,2,notumor
btmri_04732,2,notumor
btmri_04733,2,notumor
btmri_04734,2,notumor
btmri_04735,2,notumor
btmri_04736,2,notumor
btmri_04737,2,notumor
btmri_04738,2,notumor
btmri_04739,2,notumor
btmri_04740,2,notumor
btmri_04741,2,notumor
btmri_04742,2,notumor
btmri_04743,2,notumor
btmri_04744,2,notumor
btmri_04745,2,notumor
btmri_04746,2,notumor
btmri_04747,2,notumor
btmri_04748,2,notumor
btmri_04749,2,notumor
btmri_04750,2,notumor
btmri_04751,2,notumor
btmri_04752,2,notumor
btmri_04753,2,notumor
btmri_04754,2,notumor
btmri_04755,2,notumor
btmri_04756,2,notumor
btmri_04757,2,notumor
btmri_04758,2,notumor
btmri_04759,2,notumor
btmri_04760,2,notumor
btmri_04761,2,notumor
btmri_04762,2,notumor
btmri_04763,2,notumor
btmri_04764,2,notumor
btmri_04765,2,notumor
btmri_04766,2,notumor
btmri_04767,2,notumor
btmri_04768,2,notumor
btmri_04769,2,notumor
btmri_04770,2,notumor
btmri_04771,2,notumor
btmri_04772,2,notumor
btmri_04773,2,notumor
btmri_04774,2,notumor
btmri_04775,2,notumor
btmri_04776,2,notumor
btmri_04777,2,notumor
btmri_04778,2,notumor
btmri_04779,2,notumor
btmri_04780,2,notumor
btmri_04781,2,notumor
btmri_04782,2,notumor
btmri_04783,2,notumor
btmri_04784,2,notumor
btmri_04785,2,notumor
btmri_04786,2,notumor
btmri_04787,2,notumor
btmri_04788,2,notumor
btmri_04789,2,notumor
btmri_04790,2,notumor
btmri_04791,2,notumor
btmri_04792,2,notumor
btmri_04793,2,notumor
btmri_04794,2,notumor
btmri_04795,2,notumor
btmri_04796,2,notumor
btmri_04797,2,notumor
btmri_04798,2,notumor
btmri_04799,2,notumor
btmri_04800,2,notumor
btmri_04801,2,notumor
btmri_04802,2,notumor
btmri_04803,2,notumor
btmri_04804,2,notumor
btmri_04805,2,notumor
btmri_04806,2,notumor
btmri_04807,2,notumor
btmri_04808,2,notumor
btmri_04809,2,notumor
btmri_04810,2,notumor
btmri_04811,2,notumor
btmri_04812,2,notumor
btmri_04813,2,notumor
btmri_04814,2,notumor
btmri_04815,2,notumor
btmri_04816,2,notumor
btmri_04817,2,notumor
btmri_04818,2,notumor
btmri_04819,2,notumor
btmri_04820,2,notumor
btmri_04821,2,notumor
btmri_04822,2,notumor
btmri_04823,2,notumor
btmri_04824,2,notumor
btmri_04825,2,notumor
btmri_04826,2,notumor
btmri_04827,2,notumor
btmri_04828,2,notumor
btmri_04829,2,notumor
btmri_04830,2,notumor
btmri_04831,2,notumor
btmri_04832,2,notumor
btmri_04833,2,notumor
btmri_04834,2,notumor
btmri_04835,2,notumor
btmri_04836,2,notumor
btmri_04837,2,notumor
btmri_04838,2,notumor
btmri_04839,2,notumor
btmri_04840,2,notumor
btmri_04841,2,notumor
btmri_04842,2,notumor
btmri_04843,2,notumor
btmri_04844,2,notumor
btmri_04845,2,notumor
btmri_04846,2,notumor
btmri_04847,2,notumor
btmri_04848,2,notumor
btmri_04849,2,notumor
btmri_04850,2,notumor
btmri_04851,2,notumor
btmri_04852,2,notumor
btmri_04853,2,notumor
btmri_04854,2,notumor
btmri_04855,2,notumor
btmri_04856,2,notumor
btmri_04857,2,notumor
btmri_04858,2,notumor
btmri_04859,2,notumor
btmri_04860,2,notumor
btmri_04861,2,notumor
btmri_04862,2,notumor
btmri_04863,2,notumor
btmri_04864,2,notumor
btmri_04865,2,notumor
btmri_04866,2,notumor
btmri_04867,2,notumor
btmri_04868,2,notumor
btmri_04869,2,notumor
btmri_04870,2,notumor
btmri_04871,2,notumor
btmri_04872,2,notumor
btmri_04873,2,notumor
btmri_04874,2,notumor
btmri_04875,2,notumor
btmri_04876,2,notumor
btmri_04877,2,notumor
btmri_04878,2,notumor
btmri_04879,2,notumor
btmri_04880,2,notumor
btmri_04881,2,notumor
btmri_04882,2,notumor
btmri_04883,2,notumor
btmri_04884,2,notumor
btmri_04885,2,notumor
btmri_04886,2,notumor
btmri_04887,2,notumor
btmri_04888,2,notumor
btmri_04889,2,notumor
btmri_04890,2,notumor
btmri_04891,2,notumor
btmri_04892,2,notumor
btmri_04893,2,notumor
btmri_04894,2,notumor
btmri_04895,2,notumor
btmri_04896,2,notumor
btmri_04897,2,notumor
btmri_04898,2,notumor
btmri_04899,2,notumor
btmri_04900,2,notumor
btmri_04901,2,notumor
btmri_04902,2,notumor
btmri_04903,2,notumor
btmri_04904,2,notumor
btmri_04905,2,notumor
btmri_04906,2,notumor
btmri_04907,2,notumor
btmri_04908,2,notumor
btmri_04909,2,notumor
btmri_04910,2,notumor
btmri_04911,2,notumor
btmri_04912,2,notumor
btmri_04913,2,notumor
btmri_04914,2,notumor
btmri_04915,2,notumor
btmri_04916,2,notumor
btmri_04917,2,notumor
btmri_04918,2,notumor
btmri_04919,2,notumor
btmri_04920,2,notumor
btmri_04921,2,notumor
btmri_04922,2,notumor
btmri_04923,2,notumor
btmri_04924,2,notumor
btmri_04925,2,notumor
btmri_04926,2,notumor
btmri_04927,2,notumor
btmri_04928,2,notumor
btmri_04929,2,notumor
btmri_04930,2,notumor
btmri_04931,2,notumor
btmri_04932,2,notumor
btmri_04933,2,notumor
btmri_04934,2,notumor
btmri_04935,2,notumor
btmri_04936,2,notumor
btmri_04937,2,notumor
btmri_04938,2,notumor
btmri_04939,2,notumor
btmri_04940,2,notumor
btmri_04941,2,notumor
btmri_04942,2,notumor
btmri_04943,2,notumor
btmri_04944,2,notumor
btmri_04945,2,notumor
btmri_04946,2,notumor
btmri_04947,2,notumor
btmri_04948,2,notumor
btmri_04949,2,notumor
btmri_04950,2,notumor
btmri_04951,2,notumor
btmri_04952,2,notumor
btmri_04953,2,notumor
btmri_04954,2,notumor
btmri_04955,2,notumor
btmri_04956,2,notumor
btmri_04957,2,notumor
btmri_04958,2,notumor
btmri_04959,2,notumor
btmri_04960,2,notumor
btmri_04961,2,notumor
btmri_04962,2,notumor
btmri_04963,2,notumor
btmri_04964,2,notumor
btmri_04965,2,notumor
btmri_04966,2,notumor
btmri_04967,2,notumor
btmri_04968,2,notumor
btmri_04969,2,notumor
btmri_04970,2,notumor
btmri_04971,2,notumor
btmri_04972,2,notumor
btmri_04973,2,notumor
btmri_04974,2,notumor
btmri_04975,2,notumor
btmri_04976,2,notumor
btmri_04977,2,notumor
btmri_04978,2,notumor
btmri_04979,2,notumor
btmri_04980,2,notumor
btmri_04981,2,notumor
btmri_04982,2,notumor
btmri_04983,2,notumor
btmri_04984,2,notumor
btmri_04985,2,notumor
btmri_04986,2,notumor
btmri_04987,2,notumor
btmri_04988,2,notumor
btmri_04989,2,notumor
btmri_04990,2,notumor
btmri_04991,2,notumor
btmri_04992,2,notumor
btmri_04993,2,notumor
btmri_04994,2,notumor
btmri_04995,2,notumor
btmri_04996,2,notumor
btmri_04997,2,notumor
btmri_04998,2,notumor
btmri_04999,2,notumor
btmri_05000,2,notumor
btmri_05001,2,notumor
btmri_05002,2,notumor
btmri_05003,2,notumor
btmri_05004,2,notumor
btmri_05005,2,notumor
btmri_05006,2,notumor
btmri_05007,2,notumor
btmri_05008,2,notumor
btmri_05009,2,notumor
btmri_05010,2,notumor
btmri_05011,2,notumor
btmri_05012,2,notumor
btmri_05013,2,notumor
btmri_05014,2,notumor
btmri_05015,2,notumor
btmri_05016,2,notumor
btmri_05017,2,notumor
btmri_05018,2,notumor
btmri_05019,2,notumor
btmri_05020,2,notumor
btmri_05021,2,notumor
btmri_05022,2,notumor
btmri_05023,2,notumor
btmri_05024,2,notumor
btmri_05025,2,notumor
btmri_05026,2,notumor
btmri_05027,2,notumor
btmri_05028,2,notumor
btmri_05029,2,notumor
btmri_05030,2,notumor
btmri_05031,2,notumor
btmri_05032,2,notumor
btmri_05033,2,notumor
btmri_05034,2,notumor
btmri_05035,2,notumor
btmri_05036,2,notumor
btmri_05037,2,notumor
btmri_05038,2,notumor
btmri_05039,2,notumor
btmri_05040,2,notumor
btmri_05041,2,notumor
btmri_05042,2,notumor
btmri_05043,2,notumor
btmri_05044,2,notumor
btmri_05045,2,notumor
btmri_05046,2,notumor
btmri_05047,2,notumor
btmri_05048,2,notumor
btmri_05049,2,notumor
btmri_05050,2,notumor
btmri_05051,2,notumor
btmri_05052,2,notumor
btmri_05053,2,notumor
btmri_05054,2,notumor
btmri_05055,2,notumor
btmri_05056,2,notumor
btmri_05057,2,notumor
btmri_05058,2,notumor
btmri_05059,2,notumor
btmri_05060,2,notumor
btmri_05061,2,notumor
btmri_05062,2,notumor
btmri_05063,2,notumor
btmri_05064,2,notumor
btmri_05065,2,notumor
btmri_05066,2,notumor
btmri_05067,2,notumor
btmri_05068,2,notumor
btmri_05069,2,notumor
btmri_05070,2,notumor
btmri_05071,2,notumor
btmri_05072,2,notumor
btmri_05073,2,notumor
btmri_05074,2,notumor
btmri_05075,2,notumor
btmri_05076,2,notumor
btmri_05077,2,notumor
btmri_05078,2,notumor
btmri_05079,2,notumor
btmri_05080,2,notumor
btmri_05081,2,notumor
btmri_05082,2,notumor
btmri_05083,2,notumor
btmri_05084,2,notumor
btmri_05085,2,notumor
btmri_05086,2,notumor
btmri_05087,2,notumor
btmri_05088,2,notumor
btmri_05089,2,notumor
btmri_05090,2,notumor
btmri_05091,2,notumor
btmri_05092,2,notumor
btmri_05093,2,notumor
btmri_05094,2,notumor
btmri_05095,2,notumor
btmri_05096,2,notumor
btmri_05097,2,notumor
btmri_05098,2,notumor
btmri_05099,2,notumor
btmri_05100,2,notumor
btmri_05101,2,notumor
btmri_05102,2,notumor
btmri_05103,2,notumor
btmri_05104,2,notumor
btmri_05105,2,notumor
btmri_05106,2,notumor
btmri_05107,2,notumor
btmri_05108,2,notumor
btmri_05109,2,notumor
btmri_05110,2,notumor
btmri_05111,2,notumor
btmri_05112,2,notumor
btmri_05113,2,notumor
btmri_05114,2,notumor
btmri_05115,2,notumor
btmri_05116,2,notumor
btmri_05117,2,notumor
btmri_05118,2,notumor
btmri_05119,2,notumor
btmri_05120,2,notumor
btmri_05121,2,notumor
btmri_05122,2,notumor
btmri_05123,2,notumor
btmri_05124,2,notumor
btmri_05125,2,notumor
btmri_05126,2,notumor
btmri_05127,2,notumor
btmri_05128,2,notumor
btmri_05129,2,notumor
btmri_05130,2,notumor
btmri_05131,2,notumor
btmri_05132,2,notumor
btmri_05133,2,notumor
btmri_05134,2,notumor
btmri_05135,2,notumor
btmri_05136,2,notumor
btmri_05137,2,notumor
btmri_05138,2,notumor
btmri_05139,2,notumor
btmri_05140,2,notumor
btmri_05141,2,notumor
btmri_05142,2,notumor
btmri_05143,2,notumor
btmri_05144,2,notumor
btmri_05145,2,notumor
btmri_05146,2,notumor
btmri_05147,2,notumor
btmri_05148,2,notumor
btmri_05149,2,notumor
btmri_05150,2,notumor
btmri_05151,2,notumor
btmri_05152,2,notumor
btmri_05153,2,notumor
btmri_05154,2,notumor
btmri_05155,2,notumor
btmri_05156,2,notumor
btmri_05157,2,notumor
btmri_05158,2,notumor
btmri_05159,2,notumor
btmri_05160,2,notumor
btmri_05161,2,notumor
btmri_05162,2,notumor
btmri_05163,2,notumor
btmri_05164,2,notumor
btmri_05165,2,notumor
btmri_05166,2,notumor
btmri_05167,2,notumor
btmri_05168,2,notumor
btmri_05169,2,notumor
btmri_05170,2,notumor
btmri_05171,2,notumor
btmri_05172,2,notumor
btmri_05173,2,notumor
btmri_05174,2,notumor
btmri_05175,2,notumor
btmri_05176,2,notumor
btmri_05177,2,notumor
btmri_05178,2,notumor
btmri_05179,2,notumor
btmri_05180,2,notumor
btmri_05181,2,notumor
btmri_05182,2,notumor
btmri_05183,2,notumor
btmri_05184,2,notumor
btmri_05185,2,notumor
btmri_05186,2,notumor
btmri_05187,2,notumor
btmri_05188,2,notumor
btmri_05189,2,notumor
btmri_05190,2,notumor
btmri_05191,2,notumor
btmri_05192,2,notumor
btmri_05193,2,notumor
btmri_05194,2,notumor
btmri_05195,2,notumor
btmri_05196,2,notumor
btmri_05197,2,notumor
btmri_05198,2,notumor
btmri_05199,2,notumor
btmri_05200,2,notumor
btmri_05201,2,notumor
btmri_05202,2,notumor
btmri_05203,2,notumor
btmri_05204,2,notumor
btmri_05205,2,notumor
btmri_05206,2,notumor
btmri_05207,2,notumor
btmri_05208,2,notumor
btmri_05209,2,notumor
btmri_05210,2,notumor
btmri_05211,2,notumor
btmri_05212,2,notumor
btmri_05213,2,notumor
btmri_05214,2,notumor
btmri_05215,2,notumor
btmri_05216,2,notumor
btmri_05217,2,notumor
btmri_05218,2,notumor
btmri_05219,2,notumor
btmri_05220,2,notumor
btmri_05221,2,notumor
btmri_05222,2,notumor
btmri_05223,2,notumor
btmri_05224,2,notumor
btmri_05225,2,notumor
btmri_05226,2,notumor
btmri_05227,2,notumor
btmri_05228,2,notumor
btmri_05229,2,notumor
btmri_05230,2,notumor
btmri_05231,2,notumor
btmri_05232,2,notumor
btmri_05233,2,notumor
btmri_05234,2,notumor
btmri_05235,2,notumor
btmri_05236,2,notumor
btmri_05237,2,notumor
btmri_05238,2,notumor
btmri_05239,2,notumor
btmri_05240,2,notumor
btmri_05241,2,notumor
btmri_05242,2,notumor
btmri_05243,2,notumor
btmri_05244,2,notumor
btmri_05245,2,notumor
btmri_05246,2,notumor
btmri_05247,2,notumor
btmri_05248,2,notumor
btmri_05249,2,notumor
btmri_05250,2,notumor
btmri_05251,2,notumor
btmri_05252,2,notumor
btmri_05253,2,notumor
btmri_05254,2,notumor
btmri_05255,2,notumor
btmri_05256,2,notumor
btmri_05257,2,notumor
btmri_05258,2,notumor
btmri_05259,2,notumor
btmri_05260,2,notumor
btmri_05261,2,notumor
btmri_05262,2,notumor
btmri_05263,2,notumor
btmri_05264,2,notumor
btmri_05265,2,notumor
btmri_05266,2,notumor
btmri_05267,2,notumor
btmri_05268,2,notumor
btmri_05269,2,notumor
btmri_05270,2,notumor
btmri_05271,2,notumor
btmri_05272,2,notumor
btmri_05273,2,notumor
btmri_05274,2,notumor
btmri_05275,2,notumor
btmri_05276,2,notumor
btmri_05277,2,notumor
btmri_05278,2,notumor
btmri_05279,2,notumor
btmri_05280,2,notumor
btmri_05281,2,notumor
btmri_05282,2,notumor
btmri_05283,2,notumor
btmri_05284,2,notumor
btmri_05285,2,notumor
btmri_05286,2,notumor
btmri_05287,2,notumor
btmri_05288,2,notumor
btmri_05289,2,notumor
btmri_05290,2,notumor
btmri_05291,2,notumor
btmri_05292,2,notumor
btmri_05293,2,notumor
btmri_05294,2,notumor
btmri_05295,2,notumor
btmri_05296,2,notumor
btmri_05297,2,notumor
btmri_05298,2,notumor
btmri_05299,2,notumor
btmri_05300,2,notumor
btmri_05301,2,notumor
btmri_05302,2,notumor
btmri_05303,2,notumor
btmri_05304,2,notumor
btmri_05305,2,notumor
btmri_05306,2,notumor
btmri_05307,2,notumor
btmri_05308,2,notumor
btmri_05309,2,notumor
btmri_05310,2,notumor
btmri_05311,2,notumor
btmri_05312,2,notumor
btmri_05313,2,notumor
btmri_05314,2,notumor
btmri_05315,2,notumor
btmri_05316,2,notumor
btmri_05317,2,notumor
btmri_05318,2,notumor
btmri_05319,2,notumor
btmri_05320,2,notumor
btmri_05321,2,notumor
btmri_05322,2,notumor
btmri_05323,2,notumor
btmri_05324,2,notumor
btmri_05325,2,notumor
btmri_05326,2,notumor
btmri_05327,2,notumor
btmri_05328,2,notumor
btmri_05329,2,notumor
btmri_05330,2,notumor
btmri_05331,2,notumor
btmri_05332,2,notumor
btmri_05333,2,notumor
btmri_05334,2,notumor
btmri_05335,2,notumor
btmri_05336,2,notumor
btmri_05337,2,notumor
btmri_05338,2,notumor
btmri_05339,2,notumor
btmri_05340,2,notumor
btmri_05341,2,notumor
btmri_05342,2,notumor
btmri_05343,2,notumor
btmri_05344,2,notumor
btmri_05345,2,notumor
btmri_05346,2,notumor
btmri_05347,2,notumor
btmri_05348,2,notumor
btmri_05349,2,notumor
btmri_05350,2,notumor
btmri_05351,2,notumor
btmri_05352,2,notumor
btmri_05353,2,notumor
btmri_05354,2,notumor
btmri_05355,2,notumor
btmri_05356,2,notumor
btmri_05357,2,notumor
btmri_05358,2,notumor
btmri_05359,2,notumor
btmri_05360,2,notumor
btmri_05361,2,notumor
btmri_05362,2,notumor
btmri_05363,2,notumor
btmri_05364,2,notumor
btmri_05365,2,notumor
btmri_05366,2,notumor
btmri_05367,2,notumor
btmri_05368,2,notumor
btmri_05369,2,notumor
btmri_05370,2,notumor
btmri_05371,2,notumor
btmri_05372,2,notumor
btmri_05373,2,notumor
btmri_05374,2,notumor
btmri_05375,2,notumor
btmri_05376,2,notumor
btmri_05377,2,notumor
btmri_05378,2,notumor
btmri_05379,2,notumor
btmri_05380,2,notumor
btmri_05381,2,notumor
btmri_05382,2,notumor
btmri_05383,2,notumor
btmri_05384,2,notumor
btmri_05385,2,notumor
btmri_05386,2,notumor
btmri_05387,2,notumor
btmri_05388,2,notumor
btmri_05389,2,notumor
btmri_05390,2,notumor
btmri_05391,2,notumor
btmri_05392,2,notumor
btmri_05393,2,notumor
btmri_05394,2,notumor
btmri_05395,2,notumor
btmri_05396,2,notumor
btmri_05397,2,notumor
btmri_05398,2,notumor
btmri_05399,2,notumor
btmri_05400,2,notumor
btmri_05401,2,notumor
btmri_05402,2,notumor
btmri_05403,2,notumor
btmri_05404,2,notumor
btmri_05405,2,notumor
btmri_05406,2,notumor
btmri_05407,2,notumor
btmri_05408,2,notumor
btmri_05409,2,notumor
btmri_05410,2,notumor
btmri_05411,2,notumor
btmri_05412,2,notumor
btmri_05413,2,notumor
btmri_05414,2,notumor
btmri_05415,2,notumor
btmri_05416,2,notumor
btmri_05417,2,notumor
btmri_05418,2,notumor
btmri_05419,2,notumor
btmri_05420,2,notumor
btmri_05421,2,notumor
btmri_05422,2,notumor
btmri_05423,2,notumor
btmri_05424,2,notumor
btmri_05425,2,notumor
btmri_05426,2,notumor
btmri_05427,2,notumor
btmri_05428,2,notumor
btmri_05429,2,notumor
btmri_05430,2,notumor
btmri_05431,2,notumor
btmri_05432,2,notumor
btmri_05433,2,notumor
btmri_05434,2,notumor
btmri_05435,2,notumor
btmri_05436,2,notumor
btmri_05437,2,notumor
btmri_05438,2,notumor
btmri_05439,2,notumor
btmri_05440,2,notumor
btmri_05441,2,notumor
btmri_05442,2,notumor
btmri_05443,2,notumor
btmri_05444,2,notumor
btmri_05445,2,notumor
btmri_05446,2,notumor
btmri_05447,2,notumor
btmri_05448,2,notumor
btmri_05449,2,notumor
btmri_05450,2,notumor
btmri_05451,2,notumor
btmri_05452,2,notumor
btmri_05453,2,notumor
btmri_05454,2,notumor
btmri_05455,2,notumor
btmri_05456,2,notumor
btmri_05457,2,notumor
btmri_05458,2,notumor
btmri_05459,2,notumor
btmri_05460,2,notumor
btmri_05461,2,notumor
btmri_05462,2,notumor
btmri_05463,2,notumor
btmri_05464,2,notumor
btmri_05465,2,notumor
btmri_05466,2,notumor
btmri_05467,2,notumor
btmri_05468,2,notumor
btmri_05469,2,notumor
btmri_05470,2,notumor
btmri_05471,2,notumor
btmri_05472,2,notumor
btmri_05473,2,notumor
btmri_05474,2,notumor
btmri_05475,2,notumor
btmri_05476,2,notumor
btmri_05477,2,notumor
btmri_05478,2,notumor
btmri_05479,2,notumor
btmri_05480,2,notumor
btmri_05481,2,notumor
btmri_05482,2,notumor
btmri_05483,2,notumor
btmri_05484,2,notumor
btmri_05485,2,notumor
btmri_05486,2,notumor
btmri_05487,2,notumor
btmri_05488,2,notumor
btmri_05489,2,notumor
btmri_05490,2,notumor
btmri_05491,2,notumor
btmri_05492,2,notumor
btmri_05493,2,notumor
btmri_05494,2,notumor
btmri_05495,2,notumor
btmri_05496,2,notumor
btmri_05497,2,notumor
btmri_05498,2,notumor
btmri_05499,2,notumor
btmri_05500,2,notumor
btmri_05501,2,notumor
btmri_05502,2,notumor
btmri_05503,2,notumor
btmri_05504,2,notumor
btmri_05505,2,notumor
btmri_05506,2,notumor
btmri_05507,2,notumor
btmri_05508,2,notumor
btmri_05509,2,notumor
btmri_05510,2,notumor
btmri_05511,2,notumor
btmri_05512,2,notumor
btmri_05513,2,notumor
btmri_05514,2,notumor
btmri_05515,2,notumor
btmri_05516,2,notumor
btmri_05517,2,notumor
btmri_05518,2,notumor
btmri_05519,2,notumor
btmri_05520,2,notumor
btmri_05521,2,notumor
btmri_05522,2,notumor
btmri_05523,2,notumor
btmri_05524,2,notumor
btmri_05525,2,notumor
btmri_05526,2,notumor
btmri_05527,2,notumor
btmri_05528,2,notumor
btmri_05529,2,notumor
btmri_05530,2,notumor
btmri_05531,2,notumor
btmri_05532,2,notumor
btmri_05533,2,notumor
btmri_05534,2,notumor
btmri_05535,2,notumor
btmri_05536,2,notumor
btmri_05537,2,notumor
btmri_05538,2,notumor
btmri_05539,2,notumor
btmri_05540,2,notumor
btmri_05541,2,notumor
btmri_05542,2,notumor
btmri_05543,2,notumor
btmri_05544,2,notumor
btmri_05545,2,notumor
btmri_05546,2,notumor
btmri_05547,2,notumor
btmri_05548,2,notumor
btmri_05549,2,notumor
btmri_05550,2,notumor
btmri_05551,2,notumor
btmri_05552,2,notumor
btmri_05553,2,notumor
btmri_05554,2,notumor
btmri_05555,2,notumor
btmri_05556,2,notumor
btmri_05557,2,notumor
btmri_05558,2,notumor
btmri_05559,2,notumor
btmri_05560,2,notumor
btmri_05561,2,notumor
btmri_05562,2,notumor
btmri_05563,2,notumor
btmri_05564,2,notumor
btmri_05565,2,notumor
btmri_05566,3,pituitary
btmri_05567,3,pituitary
btmri_05568,3,pituitary
btmri_05569,3,pituitary
btmri_05570,3,pituitary
btmri_05571,3,pituitary
btmri_05572,3,pituitary
btmri_05573,3,pituitary
btmri_05574,3,pituitary
btmri_05575,3,pituitary
btmri_05576,3,pituitary
btmri_05577,3,pituitary
btmri_05578,3,pituitary
btmri_05579,3,pituitary
btmri_05580,3,pituitary
btmri_05581,3,pituitary
btmri_05582,3,pituitary
btmri_05583,3,pituitary
btmri_05584,3,pituitary
btmri_05585,3,pituitary
btmri_05586,3,pituitary
btmri_05587,3,pituitary
btmri_05588,3,pituitary
btmri_05589,3,pituitary
btmri_05590,3,pituitary
btmri_05591,3,pituitary
btmri_05592,3,pituitary
btmri_05593,3,pituitary
btmri_05594,3,pituitary
btmri_05595,3,pituitary
btmri_05596,3,pituitary
btmri_05597,3,pituitary
btmri_05598,3,pituitary
btmri_05599,3,pituitary
btmri_05600,3,pituitary
btmri_05601,3,pituitary
btmri_05602,3,pituitary
btmri_05603,3,pituitary
btmri_05604,3,pituitary
btmri_05605,3,pituitary
btmri_05606,3,pituitary
btmri_05607,3,pituitary
btmri_05608,3,pituitary
btmri_05609,3,pituitary
btmri_05610,3,pituitary
btmri_05611,3,pituitary
btmri_05612,3,pituitary
btmri_05613,3,pituitary
btmri_05614,3,pituitary
btmri_05615,3,pituitary
btmri_05616,3,pituitary
btmri_05617,3,pituitary
btmri_05618,3,pituitary
btmri_05619,3,pituitary
btmri_05620,3,pituitary
btmri_05621,3,pituitary
btmri_05622,3,pituitary
btmri_05623,3,pituitary
btmri_05624,3,pituitary
btmri_05625,3,pituitary
btmri_05626,3,pituitary
btmri_05627,3,pituitary
btmri_05628,3,pituitary
btmri_05629,3,pituitary
btmri_05630,3,pituitary
btmri_05631,3,pituitary
btmri_05632,3,pituitary
btmri_05633,3,pituitary
btmri_05634,3,pituitary
btmri_05635,3,pituitary
btmri_05636,3,pituitary
btmri_05637,3,pituitary
btmri_05638,3,pituitary
btmri_05639,3,pituitary
btmri_05640,3,pituitary
btmri_05641,3,pituitary
btmri_05642,3,pituitary
btmri_05643,3,pituitary
btmri_05644,3,pituitary
btmri_05645,3,pituitary
btmri_05646,3,pituitary
btmri_05647,3,pituitary
btmri_05648,3,pituitary
btmri_05649,3,pituitary
btmri_05650,3,pituitary
btmri_05651,3,pituitary
btmri_05652,3,pituitary
btmri_05653,3,pituitary
btmri_05654,3,pituitary
btmri_05655,3,pituitary
btmri_05656,3,pituitary
btmri_05657,3,pituitary
btmri_05658,3,pituitary
btmri_05659,3,pituitary
btmri_05660,3,pituitary
btmri_05661,3,pituitary
btmri_05662,3,pituitary
btmri_05663,3,pituitary
btmri_05664,3,pituitary
btmri_05665,3,pituitary
btmri_05666,3,pituitary
btmri_05667,3,pituitary
btmri_05668,3,pituitary
btmri_05669,3,pituitary
btmri_05670,3,pituitary
btmri_05671,3,pituitary
btmri_05672,3,pituitary
btmri_05673,3,pituitary
btmri_05674,3,pituitary
btmri_05675,3,pituitary
btmri_05676,3,pituitary
btmri_05677,3,pituitary
btmri_05678,3,pituitary
btmri_05679,3,pituitary
btmri_05680,3,pituitary
btmri_05681,3,pituitary
btmri_05682,3,pituitary
btmri_05683,3,pituitary
btmri_05684,3,pituitary
btmri_05685,3,pituitary
btmri_05686,3,pituitary
btmri_05687,3,pituitary
btmri_05688,3,pituitary
btmri_05689,3,pituitary
btmri_05690,3,pituitary
btmri_05691,3,pituitary
btmri_05692,3,pituitary
btmri_05693,3,pituitary
btmri_05694,3,pituitary
btmri_05695,3,pituitary
btmri_05696,3,pituitary
btmri_05697,3,pituitary
btmri_05698,3,pituitary
btmri_05699,3,pituitary
btmri_05700,3,pituitary
btmri_05701,3,pituitary
btmri_05702,3,pituitary
btmri_05703,3,pituitary
btmri_05704,3,pituitary
btmri_05705,3,pituitary
btmri_05706,3,pituitary
btmri_05707,3,pituitary
btmri_05708,3,pituitary
btmri_05709,3,pituitary
btmri_05710,3,pituitary
btmri_05711,3,pituitary
btmri_05712,3,pituitary
btmri_05713,3,pituitary
btmri_05714,3,pituitary
btmri_05715,3,pituitary
btmri_05716,3,pituitary
btmri_05717,3,pituitary
btmri_05718,3,pituitary
btmri_05719,3,pituitary
btmri_05720,3,pituitary
btmri_05721,3,pituitary
btmri_05722,3,pituitary
btmri_05723,3,pituitary
btmri_05724,3,pituitary
btmri_05725,3,pituitary
btmri_05726,3,pituitary
btmri_05727,3,pituitary
btmri_05728,3,pituitary
btmri_05729,3,pituitary
btmri_05730,3,pituitary
btmri_05731,3,pituitary
btmri_05732,3,pituitary
btmri_05733,3,pituitary
btmri_05734,3,pituitary
btmri_05735,3,pituitary
btmri_05736,3,pituitary
btmri_05737,3,pituitary
btmri_05738,3,pituitary
btmri_05739,3,pituitary
btmri_05740,3,pituitary
btmri_05741,3,pituitary
btmri_05742,3,pituitary
btmri_05743,3,pituitary
btmri_05744,3,pituitary
btmri_05745,3,pituitary
btmri_05746,3,pituitary
btmri_05747,3,pituitary
btmri_05748,3,pituitary
btmri_05749,3,pituitary
btmri_05750,3,pituitary
btmri_05751,3,pituitary
btmri_05752,3,pituitary
btmri_05753,3,pituitary
btmri_05754,3,pituitary
btmri_05755,3,pituitary
btmri_05756,3,pituitary
btmri_05757,3,pituitary
btmri_05758,3,pituitary
btmri_05759,3,pituitary
btmri_05760,3,pituitary
btmri_05761,3,pituitary
btmri_05762,3,pituitary
btmri_05763,3,pituitary
btmri_05764,3,pituitary
btmri_05765,3,pituitary
btmri_05766,3,pituitary
btmri_05767,3,pituitary
btmri_05768,3,pituitary
btmri_05769,3,pituitary
btmri_05770,3,pituitary
btmri_05771,3,pituitary
btmri_05772,3,pituitary
btmri_05773,3,pituitary
btmri_05774,3,pituitary
btmri_05775,3,pituitary
btmri_05776,3,pituitary
btmri_05777,3,pituitary
btmri_05778,3,pituitary
btmri_05779,3,pituitary
btmri_05780,3,pituitary
btmri_05781,3,pituitary
btmri_05782,3,pituitary
btmri_05783,3,pituitary
btmri_05784,3,pituitary
btmri_05785,3,pituitary
btmri_05786,3,pituitary
btmri_05787,3,pituitary
btmri_05788,3,pituitary
btmri_05789,3,pituitary
btmri_05790,3,pituitary
btmri_05791,3,pituitary
btmri_05792,3,pituitary
btmri_05793,3,pituitary
btmri_05794,3,pituitary
btmri_05795,3,pituitary
btmri_05796,3,pituitary
btmri_05797,3,pituitary
btmri_05798,3,pituitary
btmri_05799,3,pituitary
btmri_05800,3,pituitary
btmri_05801,3,pituitary
btmri_05802,3,pituitary
btmri_05803,3,pituitary
btmri_05804,3,pituitary
btmri_05805,3,pituitary
btmri_05806,3,pituitary
btmri_05807,3,pituitary
btmri_05808,3,pituitary
btmri_05809,3,pituitary
btmri_05810,3,pituitary
btmri_05811,3,pituitary
btmri_05812,3,pituitary
btmri_05813,3,pituitary
btmri_05814,3,pituitary
btmri_05815,3,pituitary
btmri_05816,3,pituitary
btmri_05817,3,pituitary
btmri_05818,3,pituitary
btmri_05819,3,pituitary
btmri_05820,3,pituitary
btmri_05821,3,pituitary
btmri_05822,3,pituitary
btmri_05823,3,pituitary
btmri_05824,3,pituitary
btmri_05825,3,pituitary
btmri_05826,3,pituitary
btmri_05827,3,pituitary
btmri_05828,3,pituitary
btmri_05829,3,pituitary
btmri_05830,3,pituitary
btmri_05831,3,pituitary
btmri_05832,3,pituitary
btmri_05833,3,pituitary
btmri_05834,3,pituitary
btmri_05835,3,pituitary
btmri_05836,3,pituitary
btmri_05837,3,pituitary
btmri_05838,3,pituitary
btmri_05839,3,pituitary
btmri_05840,3,pituitary
btmri_05841,3,pituitary
btmri_05842,3,pituitary
btmri_05843,3,pituitary
btmri_05844,3,pituitary
btmri_05845,3,pituitary
btmri_05846,3,pituitary
btmri_05847,3,pituitary
btmri_05848,3,pituitary
btmri_05849,3,pituitary
btmri_05850,3,pituitary
btmri_05851,3,pituitary
btmri_05852,3,pituitary
btmri_05853,3,pituitary
btmri_05854,3,pituitary
btmri_05855,3,pituitary
btmri_05856,3,pituitary
btmri_05857,3,pituitary
btmri_05858,3,pituitary
btmri_05859,3,pituitary
btmri_05860,3,pituitary
btmri_05861,3,pituitary
btmri_05862,3,pituitary
btmri_05863,3,pituitary
btmri_05864,3,pituitary
btmri_05865,3,pituitary
btmri_05866,3,pituitary
btmri_05867,3,pituitary
btmri_05868,3,pituitary
btmri_05869,3,pituitary
btmri_05870,3,pituitary
btmri_05871,3,pituitary
btmri_05872,3,pituitary
btmri_05873,3,pituitary
btmri_05874,3,pituitary
btmri_05875,3,pituitary
btmri_05876,3,pituitary
btmri_05877,3,pituitary
btmri_05878,3,pituitary
btmri_05879,3,pituitary
btmri_05880,3,pituitary
btmri_05881,3,pituitary
btmri_05882,3,pituitary
btmri_05883,3,pituitary
btmri_05884,3,pituitary
btmri_05885,3,pituitary
btmri_05886,3,pituitary
btmri_05887,3,pituitary
btmri_05888,3,pituitary
btmri_05889,3,pituitary
btmri_05890,3,pituitary
btmri_05891,3,pituitary
btmri_05892,3,pituitary
btmri_05893,3,pituitary
btmri_05894,3,pituitary
btmri_05895,3,pituitary
btmri_05896,3,pituitary
btmri_05897,3,pituitary
btmri_05898,3,pituitary
btmri_05899,3,pituitary
btmri_05900,3,pituitary
btmri_05901,3,pituitary
btmri_05902,3,pituitary
btmri_05903,3,pituitary
btmri_05904,3,pituitary
btmri_05905,3,pituitary
btmri_05906,3,pituitary
btmri_05907,3,pituitary
btmri_05908,3,pituitary
btmri_05909,3,pituitary
btmri_05910,3,pituitary
btmri_05911,3,pituitary
btmri_05912,3,pituitary
btmri_05913,3,pituitary
btmri_05914,3,pituitary
btmri_05915,3,pituitary
btmri_05916,3,pituitary
btmri_05917,3,pituitary
btmri_05918,3,pituitary
btmri_05919,3,pituitary
btmri_05920,3,pituitary
btmri_05921,3,pituitary
btmri_05922,3,pituitary
btmri_05923,3,pituitary
btmri_05924,3,pituitary
btmri_05925,3,pituitary
btmri_05926,3,pituitary
btmri_05927,3,pituitary
btmri_05928,3,pituitary
btmri_05929,3,pituitary
btmri_05930,3,pituitary
btmri_05931,3,pituitary
btmri_05932,3,pituitary
btmri_05933,3,pituitary
btmri_05934,3,pituitary
btmri_05935,3,pituitary
btmri_05936,3,pituitary
btmri_05937,3,pituitary
btmri_05938,3,pituitary
btmri_05939,3,pituitary
btmri_05940,3,pituitary
btmri_05941,3,pituitary
btmri_05942,3,pituitary
btmri_05943,3,pituitary
btmri_05944,3,pituitary
btmri_05945,3,pituitary
btmri_05946,3,pituitary
btmri_05947,3,pituitary
btmri_05948,3,pituitary
btmri_05949,3,pituitary
btmri_05950,3,pituitary
btmri_05951,3,pituitary
btmri_05952,3,pituitary
btmri_05953,3,pituitary
btmri_05954,3,pituitary
btmri_05955,3,pituitary
btmri_05956,3,pituitary
btmri_05957,3,pituitary
btmri_05958,3,pituitary
btmri_05959,3,pituitary
btmri_05960,3,pituitary
btmri_05961,3,pituitary
btmri_05962,3,pituitary
btmri_05963,3,pituitary
btmri_05964,3,pituitary
btmri_05965,3,pituitary
btmri_05966,3,pituitary
btmri_05967,3,pituitary
btmri_05968,3,pituitary
btmri_05969,3,pituitary
btmri_05970,3,pituitary
btmri_05971,3,pituitary
btmri_05972,3,pituitary
btmri_05973,3,pituitary
btmri_05974,3,pituitary
btmri_05975,3,pituitary
btmri_05976,3,pituitary
btmri_05977,3,pituitary
btmri_05978,3,pituitary
btmri_05979,3,pituitary
btmri_05980,3,pituitary
btmri_05981,3,pituitary
btmri_05982,3,pituitary
btmri_05983,3,pituitary
btmri_05984,3,pituitary
btmri_05985,3,pituitary
btmri_05986,3,pituitary
btmri_05987,3,pituitary
btmri_05988,3,pituitary
btmri_05989,3,pituitary
btmri_05990,3,pituitary
btmri_05991,3,pituitary
btmri_05992,3,pituitary
btmri_05993,3,pituitary
btmri_05994,3,pituitary
btmri_05995,3,pituitary
btmri_05996,3,pituitary
btmri_05997,3,pituitary
btmri_05998,3,pituitary
btmri_05999,3,pituitary
btmri_06000,3,pituitary
btmri_06001,3,pituitary
btmri_06002,3,pituitary
btmri_06003,3,pituitary
btmri_06004,3,pituitary
btmri_06005,3,pituitary
btmri_06006,3,pituitary
btmri_06007,3,pituitary
btmri_06008,3,pituitary
btmri_06009,3,pituitary
btmri_06010,3,pituitary
btmri_06011,3,pituitary
btmri_06012,3,pituitary
btmri_06013,3,pituitary
btmri_06014,3,pituitary
btmri_06015,3,pituitary
btmri_06016,3,pituitary
btmri_06017,3,pituitary
btmri_06018,3,pituitary
btmri_06019,3,pituitary
btmri_06020,3,pituitary
btmri_06021,3,pituitary
btmri_06022,3,pituitary
btmri_06023,3,pituitary
btmri_06024,3,pituitary
btmri_06025,3,pituitary
btmri_06026,3,pituitary
btmri_06027,3,pituitary
btmri_06028,3,pituitary
btmri_06029,3,pituitary
btmri_06030,3,pituitary
btmri_06031,3,pituitary
btmri_06032,3,pituitary
btmri_06033,3,pituitary
btmri_06034,3,pituitary
btmri_06035,3,pituitary
btmri_06036,3,pituitary
btmri_06037,3,pituitary
btmri_06038,3,pituitary
btmri_06039,3,pituitary
btmri_06040,3,pituitary
btmri_06041,3,pituitary
btmri_06042,3,pituitary
btmri_06043,3,pituitary
btmri_06044,3,pituitary
btmri_06045,3,pituitary
btmri_06046,3,pituitary
btmri_06047,3,pituitary
btmri_06048,3,pituitary
btmri_06049,3,pituitary
btmri_06050,3,pituitary
btmri_06051,3,pituitary
btmri_06052,3,pituitary
btmri_06053,3,pituitary
btmri_06054,3,pituitary
btmri_06055,3,pituitary
btmri_06056,3,pituitary
btmri_06057,3,pituitary
btmri_06058,3,pituitary
btmri_06059,3,pituitary
btmri_06060,3,pituitary
btmri_06061,3,pituitary
btmri_06062,3,pituitary
btmri_06063,3,pituitary
btmri_06064,3,pituitary
btmri_06065,3,pituitary
btmri_06066,3,pituitary
btmri_06067,3,pituitary
btmri_06068,3,pituitary
btmri_06069,3,pituitary
btmri_06070,3,pituitary
btmri_06071,3,pituitary
btmri_06072,3,pituitary
btmri_06073,3,pituitary
btmri_06074,3,pituitary
btmri_06075,3,pituitary
btmri_06076,3,pituitary
btmri_06077,3,pituitary
btmri_06078,3,pituitary
btmri_06079,3,pituitary
btmri_06080,3,pituitary
btmri_06081,3,pituitary
btmri_06082,3,pituitary
btmri_06083,3,pituitary
btmri_06084,3,pituitary
btmri_06085,3,pituitary
btmri_06086,3,pituitary
btmri_06087,3,pituitary
btmri_06088,3,pituitary
btmri_06089,3,pituitary
btmri_06090,3,pituitary
btmri_06091,3,pituitary
btmri_06092,3,pituitary
btmri_06093,3,pituitary
btmri_06094,3,pituitary
btmri_06095,3,pituitary
btmri_06096,3,pituitary
btmri_06097,3,pituitary
btmri_06098,3,pituitary
btmri_06099,3,pituitary
btmri_06100,3,pituitary
btmri_06101,3,pituitary
btmri_06102,3,pituitary
btmri_06103,3,pituitary
btmri_06104,3,pituitary
btmri_06105,3,pituitary
btmri_06106,3,pituitary
btmri_06107,3,pituitary
btmri_06108,3,pituitary
btmri_06109,3,pituitary
btmri_06110,3,pituitary
btmri_06111,3,pituitary
btmri_06112,3,pituitary
btmri_06113,3,pituitary
btmri_06114,3,pituitary
btmri_06115,3,pituitary
btmri_06116,3,pituitary
btmri_06117,3,pituitary
btmri_06118,3,pituitary
btmri_06119,3,pituitary
btmri_06120,3,pituitary
btmri_06121,3,pituitary
btmri_06122,3,pituitary
btmri_06123,3,pituitary
btmri_06124,3,pituitary
btmri_06125,3,pituitary
btmri_06126,3,pituitary
btmri_06127,3,pituitary
btmri_06128,3,pituitary
btmri_06129,3,pituitary
btmri_06130,3,pituitary
btmri_06131,3,pituitary
btmri_06132,3,pituitary
btmri_06133,3,pituitary
btmri_06134,3,pituitary
btmri_06135,3,pituitary
btmri_06136,3,pituitary
btmri_06137,3,pituitary
btmri_06138,3,pituitary
btmri_06139,3,pituitary
btmri_06140,3,pituitary
btmri_06141,3,pituitary
btmri_06142,3,pituitary
btmri_06143,3,pituitary
btmri_06144,3,pituitary
btmri_06145,3,pituitary
btmri_06146,3,pituitary
btmri_06147,3,pituitary
btmri_06148,3,pituitary
btmri_06149,3,pituitary
btmri_06150,3,pituitary
btmri_06151,3,pituitary
btmri_06152,3,pituitary
btmri_06153,3,pituitary
btmri_06154,3,pituitary
btmri_06155,3,pituitary
btmri_06156,3,pituitary
btmri_06157,3,pituitary
btmri_06158,3,pituitary
btmri_06159,3,pituitary
btmri_06160,3,pituitary
btmri_06161,3,pituitary
btmri_06162,3,pituitary
btmri_06163,3,pituitary
btmri_06164,3,pituitary
btmri_06165,3,pituitary
btmri_06166,3,pituitary
btmri_06167,3,pituitary
btmri_06168,3,pituitary
btmri_06169,3,pituitary
btmri_06170,3,pituitary
btmri_06171,3,pituitary
btmri_06172,3,pituitary
btmri_06173,3,pituitary
btmri_06174,3,pituitary
btmri_06175,3,pituitary
btmri_06176,3,pituitary
btmri_06177,3,pituitary
btmri_06178,3,pituitary
btmri_06179,3,pituitary
btmri_06180,3,pituitary
btmri_06181,3,pituitary
btmri_06182,3,pituitary
btmri_06183,3,pituitary
btmri_06184,3,pituitary
btmri_06185,3,pituitary
btmri_06186,3,pituitary
btmri_06187,3,pituitary
btmri_06188,3,pituitary
btmri_06189,3,pituitary
btmri_06190,3,pituitary
btmri_06191,3,pituitary
btmri_06192,3,pituitary
btmri_06193,3,pituitary
btmri_06194,3,pituitary
btmri_06195,3,pituitary
btmri_06196,3,pituitary
btmri_06197,3,pituitary
btmri_06198,3,pituitary
btmri_06199,3,pituitary
btmri_06200,3,pituitary
btmri_06201,3,pituitary
btmri_06202,3,pituitary
btmri_06203,3,pituitary
btmri_06204,3,pituitary
btmri_06205,3,pituitary
btmri_06206,3,pituitary
btmri_06207,3,pituitary
btmri_06208,3,pituitary
btmri_06209,3,pituitary
btmri_06210,3,pituitary
btmri_06211,3,pituitary
btmri_06212,3,pituitary
btmri_06213,3,pituitary
btmri_06214,3,pituitary
btmri_06215,3,pituitary
btmri_06216,3,pituitary
btmri_06217,3,pituitary
btmri_06218,3,pituitary
btmri_06219,3,pituitary
btmri_06220,3,pituitary
btmri_06221,3,pituitary
btmri_06222,3,pituitary
btmri_06223,3,pituitary
btmri_06224,3,pituitary
btmri_06225,3,pituitary
btmri_06226,3,pituitary
btmri_06227,3,pituitary
btmri_06228,3,pituitary
btmri_06229,3,pituitary
btmri_06230,3,pituitary
btmri_06231,3,pituitary
btmri_06232,3,pituitary
btmri_06233,3,pituitary
btmri_06234,3,pituitary
btmri_06235,3,pituitary
btmri_06236,3,pituitary
btmri_06237,3,pituitary
btmri_06238,3,pituitary
btmri_06239,3,pituitary
btmri_06240,3,pituitary
btmri_06241,3,pituitary
btmri_06242,3,pituitary
btmri_06243,3,pituitary
btmri_06244,3,pituitary
btmri_06245,3,pituitary
btmri_06246,3,pituitary
btmri_06247,3,pituitary
btmri_06248,3,pituitary
btmri_06249,3,pituitary
btmri_06250,3,pituitary
btmri_06251,3,pituitary
btmri_06252,3,pituitary
btmri_06253,3,pituitary
btmri_06254,3,pituitary
btmri_06255,3,pituitary
btmri_06256,3,pituitary
btmri_06257,3,pituitary
btmri_06258,3,pituitary
btmri_06259,3,pituitary
btmri_06260,3,pituitary
btmri_06261,3,pituitary
btmri_06262,3,pituitary
btmri_06263,3,pituitary
btmri_06264,3,pituitary
btmri_06265,3,pituitary
btmri_06266,3,pituitary
btmri_06267,3,pituitary
btmri_06268,3,pituitary
btmri_06269,3,pituitary
btmri_06270,3,pituitary
btmri_06271,3,pituitary
btmri_06272,3,pituitary
btmri_06273,3,pituitary
btmri_06274,3,pituitary
btmri_06275,3,pituitary
btmri_06276,3,pituitary
btmri_06277,3,pituitary
btmri_06278,3,pituitary
btmri_06279,3,pituitary
btmri_06280,3,pituitary
btmri_06281,3,pituitary
btmri_06282,3,pituitary
btmri_06283,3,pituitary
btmri_06284,3,pituitary
btmri_06285,3,pituitary
btmri_06286,3,pituitary
btmri_06287,3,pituitary
btmri_06288,3,pituitary
btmri_06289,3,pituitary
btmri_06290,3,pituitary
btmri_06291,3,pituitary
btmri_06292,3,pituitary
btmri_06293,3,pituitary
btmri_06294,3,pituitary
btmri_06295,3,pituitary
btmri_06296,3,pituitary
btmri_06297,3,pituitary
btmri_06298,3,pituitary
btmri_06299,3,pituitary
btmri_06300,3,pituitary
btmri_06301,3,pituitary
btmri_06302,3,pituitary
btmri_06303,3,pituitary
btmri_06304,3,pituitary
btmri_06305,3,pituitary
btmri_06306,3,pituitary
btmri_06307,3,pituitary
btmri_06308,3,pituitary
btmri_06309,3,pituitary
btmri_06310,3,pituitary
btmri_06311,3,pituitary
btmri_06312,3,pituitary
btmri_06313,3,pituitary
btmri_06314,3,pituitary
btmri_06315,3,pituitary
btmri_06316,3,pituitary
btmri_06317,3,pituitary
btmri_06318,3,pituitary
btmri_06319,3,pituitary
btmri_06320,3,pituitary
btmri_06321,3,pituitary
btmri_06322,3,pituitary
btmri_06323,3,pituitary
btmri_06324,3,pituitary
btmri_06325,3,pituitary
btmri_06326,3,pituitary
btmri_06327,3,pituitary
btmri_06328,3,pituitary
btmri_06329,3,pituitary
btmri_06330,3,pituitary
btmri_06331,3,pituitary
btmri_06332,3,pituitary
btmri_06333,3,pituitary
btmri_06334,3,pituitary
btmri_06335,3,pituitary
btmri_06336,3,pituitary
btmri_06337,3,pituitary
btmri_06338,3,pituitary
btmri_06339,3,pituitary
btmri_06340,3,pituitary
btmri_06341,3,pituitary
btmri_06342,3,pituitary
btmri_06343,3,pituitary
btmri_06344,3,pituitary
btmri_06345,3,pituitary
btmri_06346,3,pituitary
btmri_06347,3,pituitary
btmri_06348,3,pituitary
btmri_06349,3,pituitary
btmri_06350,3,pituitary
btmri_06351,3,pituitary
btmri_06352,3,pituitary
btmri_06353,3,pituitary
btmri_06354,3,pituitary
btmri_06355,3,pituitary
btmri_06356,3,pituitary
btmri_06357,3,pituitary
btmri_06358,3,pituitary
btmri_06359,3,pituitary
btmri_06360,3,pituitary
btmri_06361,3,pituitary
btmri_06362,3,pituitary
btmri_06363,3,pituitary
btmri_06364,3,pituitary
btmri_06365,3,pituitary
btmri_06366,3,pituitary
btmri_06367,3,pituitary
btmri_06368,3,pituitary
btmri_06369,3,pituitary
btmri_06370,3,pituitary
btmri_06371,3,pituitary
btmri_06372,3,pituitary
btmri_06373,3,pituitary
btmri_06374,3,pituitary
btmri_06375,3,pituitary
btmri_06376,3,pituitary
btmri_06377,3,pituitary
btmri_06378,3,pituitary
btmri_06379,3,pituitary
btmri_06380,3,pituitary
btmri_06381,3,pituitary
btmri_06382,3,pituitary
btmri_06383,3,pituitary
btmri_06384,3,pituitary
btmri_06385,3,pituitary
btmri_06386,3,pituitary
btmri_06387,3,pituitary
btmri_06388,3,pituitary
btmri_06389,3,pituitary
btmri_06390,3,pituitary
btmri_06391,3,pituitary
btmri_06392,3,pituitary
btmri_06393,3,pituitary
btmri_06394,3,pituitary
btmri_06395,3,pituitary
btmri_06396,3,pituitary
btmri_06397,3,pituitary
btmri_06398,3,pituitary
btmri_06399,3,pituitary
btmri_06400,3,pituitary
btmri_06401,3,pituitary
btmri_06402,3,pituitary
btmri_06403,3,pituitary
btmri_06404,3,pituitary
btmri_06405,3,pituitary
btmri_06406,3,pituitary
btmri_06407,3,pituitary
btmri_06408,3,pituitary
btmri_06409,3,pituitary
btmri_06410,3,pituitary
btmri_06411,3,pituitary
btmri_06412,3,pituitary
btmri_06413,3,pituitary
btmri_06414,3,pituitary
btmri_06415,3,pituitary
btmri_06416,3,pituitary
btmri_06417,3,pituitary
btmri_06418,3,pituitary
btmri_06419,3,pituitary
btmri_06420,3,pituitary
btmri_06421,3,pituitary
btmri_06422,3,pituitary
btmri_06423,3,pituitary
btmri_06424,3,pituitary
btmri_06425,3,pituitary
btmri_06426,3,pituitary
btmri_06427,3,pituitary
btmri_06428,3,pituitary
btmri_06429,3,pituitary
btmri_06430,3,pituitary
btmri_06431,3,pituitary
btmri_06432,3,pituitary
btmri_06433,3,pituitary
btmri_06434,3,pituitary
btmri_06435,3,pituitary
btmri_06436,3,pituitary
btmri_06437,3,pituitary
btmri_06438,3,pituitary
btmri_06439,3,pituitary
btmri_06440,3,pituitary
btmri_06441,3,pituitary
btmri_06442,3,pituitary
btmri_06443,3,pituitary
btmri_06444,3,pituitary
btmri_06445,3,pituitary
btmri_06446,3,pituitary
btmri_06447,3,pituitary
btmri_06448,3,pituitary
btmri_06449,3,pituitary
btmri_06450,3,pituitary
btmri_06451,3,pituitary
btmri_06452,3,pituitary
btmri_06453,3,pituitary
btmri_06454,3,pituitary
btmri_06455,3,pituitary
btmri_06456,3,pituitary
btmri_06457,3,pituitary
btmri_06458,3,pituitary
btmri_06459,3,pituitary
btmri_06460,3,pituitary
btmri_06461,3,pituitary
btmri_06462,3,pituitary
btmri_06463,3,pituitary
btmri_06464,3,pituitary
btmri_06465,3,pituitary
btmri_06466,3,pituitary
btmri_06467,3,pituitary
btmri_06468,3,pituitary
btmri_06469,3,pituitary
btmri_06470,3,pituitary
btmri_06471,3,pituitary
btmri_06472,3,pituitary
btmri_06473,3,pituitary
btmri_06474,3,pituitary
btmri_06475,3,pituitary
btmri_06476,3,pituitary
btmri_06477,3,pituitary
btmri_06478,3,pituitary
btmri_06479,3,pituitary
btmri_06480,3,pituitary
btmri_06481,3,pituitary
btmri_06482,3,pituitary
btmri_06483,3,pituitary
btmri_06484,3,pituitary
btmri_06485,3,pituitary
btmri_06486,3,pituitary
btmri_06487,3,pituitary
btmri_06488,3,pituitary
btmri_06489,3,pituitary
btmri_06490,3,pituitary
btmri_06491,3,pituitary
btmri_06492,3,pituitary
btmri_06493,3,pituitary
btmri_06494,3,pituitary
btmri_06495,3,pituitary
btmri_06496,3,pituitary
btmri_06497,3,pituitary
btmri_06498,3,pituitary
btmri_06499,3,pituitary
btmri_06500,3,pituitary
btmri_06501,3,pituitary
btmri_06502,3,pituitary
btmri_06503,3,pituitary
btmri_06504,3,pituitary
btmri_06505,3,pituitary
btmri_06506,3,pituitary
btmri_06507,3,pituitary
btmri_06508,3,pituitary
btmri_06509,3,pituitary
btmri_06510,3,pituitary
btmri_06511,3,pituitary
btmri_06512,3,pituitary
btmri_06513,3,pituitary
btmri_06514,3,pituitary
btmri_06515,3,pituitary
btmri_06516,3,pituitary
btmri_06517,3,pituitary
btmri_06518,3,pituitary
btmri_06519,3,pituitary
btmri_06520,3,pituitary
btmri_06521,3,pituitary
btmri_06522,3,pituitary
btmri_06523,3,pituitary
btmri_06524,3,pituitary
btmri_06525,3,pituitary
btmri_06526,3,pituitary
btmri_06527,3,pituitary
btmri_06528,3,pituitary
btmri_06529,3,pituitary
btmri_06530,3,pituitary
btmri_06531,3,pituitary
btmri_06532,3,pituitary
btmri_06533,3,pituitary
btmri_06534,3,pituitary
btmri_06535,3,pituitary
btmri_06536,3,pituitary
btmri_06537,3,pituitary
btmri_06538,3,pituitary
btmri_06539,3,pituitary
btmri_06540,3,pituitary
btmri_06541,3,pituitary
btmri_06542,3,pituitary
btmri_06543,3,pituitary
btmri_06544,3,pituitary
btmri_06545,3,pituitary
btmri_06546,3,pituitary
btmri_06547,3,pituitary
btmri_06548,3,pituitary
btmri_06549,3,pituitary
btmri_06550,3,pituitary
btmri_06551,3,pituitary
btmri_06552,3,pituitary
btmri_06553,3,pituitary
btmri_06554,3,pituitary
btmri_06555,3,pituitary
btmri_06556,3,pituitary
btmri_06557,3,pituitary
btmri_06558,3,pituitary
btmri_06559,3,pituitary
btmri_06560,3,pituitary
btmri_06561,3,pituitary
btmri_06562,3,pituitary
btmri_06563,3,pituitary
btmri_06564,3,pituitary
btmri_06565,3,pituitary
btmri_06566,3,pituitary
btmri_06567,3,pituitary
btmri_06568,3,pituitary
btmri_06569,3,pituitary
btmri_06570,3,pituitary
btmri_06571,3,pituitary
btmri_06572,3,pituitary
btmri_06573,3,pituitary
btmri_06574,3,pituitary
btmri_06575,3,pituitary
btmri_06576,3,pituitary
btmri_06577,3,pituitary
btmri_06578,3,pituitary
btmri_06579,3,pituitary
btmri_06580,3,pituitary
btmri_06581,3,pituitary
btmri_06582,3,pituitary
btmri_06583,3,pituitary
btmri_06584,3,pituitary
btmri_06585,3,pituitary
btmri_06586,3,pituitary
btmri_06587,3,pituitary
btmri_06588,3,pituitary
btmri_06589,3,pituitary
btmri_06590,3,pituitary
btmri_06591,3,pituitary
btmri_06592,3,pituitary
btmri_06593,3,pituitary
btmri_06594,3,pituitary
btmri_06595,3,pituitary
btmri_06596,3,pituitary
btmri_06597,3,pituitary
btmri_06598,3,pituitary
btmri_06599,3,pituitary
btmri_06600,3,pituitary
btmri_06601,3,pituitary
btmri_06602,3,pituitary
btmri_06603,3,pituitary
btmri_06604,3,pituitary
btmri_06605,3,pituitary
btmri_06606,3,pituitary
btmri_06607,3,pituitary
btmri_06608,3,pituitary
btmri_06609,3,pituitary
btmri_06610,3,pituitary
btmri_06611,3,pituitary
btmri_06612,3,pituitary
btmri_06613,3,pituitary
btmri_06614,3,pituitary
btmri_06615,3,pituitary
btmri_06616,3,pituitary
btmri_06617,3,pituitary
btmri_06618,3,pituitary
btmri_06619,3,pituitary
btmri_06620,3,pituitary
btmri_06621,3,pituitary
btmri_06622,3,pituitary
btmri_06623,3,pituitary
btmri_06624,3,pituitary
btmri_06625,3,pituitary
btmri_06626,3,pituitary
btmri_06627,3,pituitary
btmri_06628,3,pituitary
btmri_06629,3,pituitary
btmri_06630,3,pituitary
btmri_06631,3,pituitary
btmri_06632,3,pituitary
btmri_06633,3,pituitary
btmri_06634,3,pituitary
btmri_06635,3,pituitary
btmri_06636,3,pituitary
btmri_06637,3,pituitary
btmri_06638,3,pituitary
btmri_06639,3,pituitary
btmri_06640,3,pituitary
btmri_06641,3,pituitary
btmri_06642,3,pituitary
btmri_06643,3,pituitary
btmri_06644,3,pituitary
btmri_06645,3,pituitary
btmri_06646,3,pituitary
btmri_06647,3,pituitary
btmri_06648,3,pituitary
btmri_06649,3,pituitary
btmri_06650,3,pituitary
btmri_06651,3,pituitary
btmri_06652,3,pituitary
btmri_06653,3,pituitary
btmri_06654,3,pituitary
btmri_06655,3,pituitary
btmri_06656,3,pituitary
btmri_06657,3,pituitary
btmri_06658,3,pituitary
btmri_06659,3,pituitary
btmri_06660,3,pituitary
btmri_06661,3,pituitary
btmri_06662,3,pituitary
btmri_06663,3,pituitary
btmri_06664,3,pituitary
btmri_06665,3,pituitary
btmri_06666,3,pituitary
btmri_06667,3,pituitary
btmri_06668,3,pituitary
btmri_06669,3,pituitary
btmri_06670,3,pituitary
btmri_06671,3,pituitary
btmri_06672,3,pituitary
btmri_06673,3,pituitary
btmri_06674,3,pituitary
btmri_06675,3,pituitary
btmri_06676,3,pituitary
btmri_06677,3,pituitary
btmri_06678,3,pituitary
btmri_06679,3,pituitary
btmri_06680,3,pituitary
btmri_06681,3,pituitary
btmri_06682,3,pituitary
btmri_06683,3,pituitary
btmri_06684,3,pituitary
btmri_06685,3,pituitary
btmri_06686,3,pituitary
btmri_06687,3,pituitary
btmri_06688,3,pituitary
btmri_06689,3,pituitary
btmri_06690,3,pituitary
btmri_06691,3,pituitary
btmri_06692,3,pituitary
btmri_06693,3,pituitary
btmri_06694,3,pituitary
btmri_06695,3,pituitary
btmri_06696,3,pituitary
btmri_06697,3,pituitary
btmri_06698,3,pituitary
btmri_06699,3,pituitary
btmri_06700,3,pituitary
btmri_06701,3,pituitary
btmri_06702,3,pituitary
btmri_06703,3,pituitary
btmri_06704,3,pituitary
btmri_06705,3,pituitary
btmri_06706,3,pituitary
btmri_06707,3,pituitary
btmri_06708,3,pituitary
btmri_06709,3,pituitary
btmri_06710,3,pituitary
btmri_06711,3,pituitary
btmri_06712,3,pituitary
btmri_06713,3,pituitary
btmri_06714,3,pituitary
btmri_06715,3,pituitary
btmri_06716,3,pituitary
btmri_06717,3,pituitary
btmri_06718,3,pituitary
btmri_06719,3,pituitary
btmri_06720,3,pituitary
btmri_06721,3,pituitary
btmri_06722,3,pituitary
btmri_06723,3,pituitary
btmri_06724,3,pituitary
btmri_06725,3,pituitary
btmri_06726,3,pituitary
btmri_06727,3,pituitary
btmri_06728,3,pituitary
btmri_06729,3,pituitary
btmri_06730,3,pituitary
btmri_06731,3,pituitary
btmri_06732,3,pituitary
btmri_06733,3,pituitary
btmri_06734,3,pituitary
btmri_06735,3,pituitary
btmri_06736,3,pituitary
btmri_06737,3,pituitary
btmri_06738,3,pituitary
btmri_06739,3,pituitary
btmri_06740,3,pituitary
btmri_06741,3,pituitary
btmri_06742,3,pituitary
btmri_06743,3,pituitary
btmri_06744,3,pituitary
btmri_06745,3,pituitary
btmri_06746,3,pituitary
btmri_06747,3,pituitary
btmri_06748,3,pituitary
btmri_06749,3,pituitary
btmri_06750,3,pituitary
btmri_06751,3,pituitary
btmri_06752,3,pituitary
btmri_06753,3,pituitary
btmri_06754,3,pituitary
btmri_06755,3,pituitary
btmri_06756,3,pituitary
btmri_06757,3,pituitary
btmri_06758,3,pituitary
btmri_06759,3,pituitary
btmri_06760,3,pituitary
btmri_06761,3,pituitary
btmri_06762,3,pituitary
btmri_06763,3,pituitary
btmri_06764,3,pituitary
btmri_06765,3,pituitary
btmri_06766,3,pituitary
btmri_06767,3,pituitary
btmri_06768,3,pituitary
btmri_06769,3,pituitary
btmri_06770,3,pituitary
btmri_06771,3,pituitary
btmri_06772,3,pituitary
btmri_06773,3,pituitary
btmri_06774,3,pituitary
btmri_06775,3,pituitary
btmri_06776,3,pituitary
btmri_06777,3,pituitary
btmri_06778,3,pituitary
btmri_06779,3,pituitary
btmri_06780,3,pituitary
btmri_06781,3,pituitary
btmri_06782,3,pituitary
btmri_06783,3,pituitary
btmri_06784,3,pituitary
btmri_06785,3,pituitary
btmri_06786,3,pituitary
btmri_06787,3,pituitary
btmri_06788,3,pituitary
btmri_06789,3,pituitary
btmri_06790,3,pituitary
btmri_06791,3,pituitary
btmri_06792,3,pituitary
btmri_06793,3,pituitary
btmri_06794,3,pituitary
btmri_06795,3,pituitary
btmri_06796,3,pituitary
btmri_06797,3,pituitary
btmri_06798,3,pituitary
btmri_06799,3,pituitary
btmri_06800,3,pituitary
btmri_06801,3,pituitary
btmri_06802,3,pituitary
btmri_06803,3,pituitary
btmri_06804,3,pituitary
btmri_06805,3,pituitary
btmri_06806,3,pituitary
btmri_06807,3,pituitary
btmri_06808,3,pituitary
btmri_06809,3,pituitary
btmri_06810,3,pituitary
btmri_06811,3,pituitary
btmri_06812,3,pituitary
btmri_06813,3,pituitary
btmri_06814,3,pituitary
btmri_06815,3,pituitary
btmri_06816,3,pituitary
btmri_06817,3,pituitary
btmri_06818,3,pituitary
btmri_06819,3,pituitary
btmri_06820,3,pituitary
btmri_06821,3,pituitary
btmri_06822,3,pituitary
btmri_06823,3,pituitary
btmri_06824,3,pituitary
btmri_06825,3,pituitary
btmri_06826,3,pituitary
btmri_06827,3,pituitary
btmri_06828,3,pituitary
btmri_06829,3,pituitary
btmri_06830,3,pituitary
btmri_06831,3,pituitary
btmri_06832,3,pituitary
btmri_06833,3,pituitary
btmri_06834,3,pituitary
btmri_06835,3,pituitary
btmri_06836,3,pituitary
btmri_06837,3,pituitary
btmri_06838,3,pituitary
btmri_06839,3,pituitary
btmri_06840,3,pituitary
btmri_06841,3,pituitary
btmri_06842,3,pituitary
btmri_06843,3,pituitary
btmri_06844,3,pituitary
btmri_06845,3,pituitary
btmri_06846,3,pituitary
btmri_06847,3,pituitary
btmri_06848,3,pituitary
btmri_06849,3,pituitary
btmri_06850,3,pituitary
btmri_06851,3,pituitary
btmri_06852,3,pituitary
btmri_06853,3,pituitary
btmri_06854,3,pituitary
btmri_06855,3,pituitary
btmri_06856,3,pituitary
btmri_06857,3,pituitary
btmri_06858,3,pituitary
btmri_06859,3,pituitary
btmri_06860,3,pituitary
btmri_06861,3,pituitary
btmri_06862,3,pituitary
btmri_06863,3,pituitary
btmri_06864,3,pituitary
btmri_06865,3,pituitary
btmri_06866,3,pituitary
btmri_06867,3,pituitary
btmri_06868,3,pituitary
btmri_06869,3,pituitary
btmri_06870,3,pituitary
btmri_06871,3,pituitary
btmri_06872,3,pituitary
btmri_06873,3,pituitary
btmri_06874,3,pituitary
btmri_06875,3,pituitary
btmri_06876,3,pituitary
btmri_06877,3,pituitary
btmri_06878,3,pituitary
btmri_06879,3,pituitary
btmri_06880,3,pituitary
btmri_06881,3,pituitary
btmri_06882,3,pituitary
btmri_06883,3,pituitary
btmri_06884,3,pituitary
btmri_06885,3,pituitary
btmri_06886,3,pituitary
btmri_06887,3,pituitary
btmri_06888,3,pituitary
btmri_06889,3,pituitary
btmri_06890,3,pituitary
btmri_06891,3,pituitary
btmri_06892,3,pituitary
btmri_06893,3,pituitary
btmri_06894,3,pituitary
btmri_06895,3,pituitary
btmri_06896,3,pituitary
btmri_06897,3,pituitary
btmri_06898,3,pituitary
btmri_06899,3,pituitary
btmri_06900,3,pituitary
btmri_06901,3,pituitary
btmri_06902,3,pituitary
btmri_06903,3,pituitary
btmri_06904,3,pituitary
btmri_06905,3,pituitary
btmri_06906,3,pituitary
btmri_06907,3,pituitary
btmri_06908,3,pituitary
btmri_06909,3,pituitary
btmri_06910,3,pituitary
btmri_06911,3,pituitary
btmri_06912,3,pituitary
btmri_06913,3,pituitary
btmri_06914,3,pituitary
btmri_06915,3,pituitary
btmri_06916,3,pituitary
btmri_06917,3,pituitary
btmri_06918,3,pituitary
btmri_06919,3,pituitary
btmri_06920,3,pituitary
btmri_06921,3,pituitary
btmri_06922,3,pituitary
btmri_06923,3,pituitary
btmri_06924,3,pituitary
btmri_06925,3,pituitary
btmri_06926,3,pituitary
btmri_06927,3,pituitary
btmri_06928,3,pituitary
btmri_06929,3,pituitary
btmri_06930,3,pituitary
btmri_06931,3,pituitary
btmri_06932,3,pituitary
btmri_06933,3,pituitary
btmri_06934,3,pituitary
btmri_06935,3,pituitary
btmri_06936,3,pituitary
btmri_06937,3,pituitary
btmri_06938,3,pituitary
btmri_06939,3,pituitary
btmri_06940,3,pituitary
btmri_06941,3,pituitary
btmri_06942,3,pituitary
btmri_06943,3,pituitary
btmri_06944,3,pituitary
btmri_06945,3,pituitary
btmri_06946,3,pituitary
btmri_06947,3,pituitary
btmri_06948,3,pituitary
btmri_06949,3,pituitary
btmri_06950,3,pituitary
btmri_06951,3,pituitary
btmri_06952,3,pituitary
btmri_06953,3,pituitary
btmri_06954,3,pituitary
btmri_06955,3,pituitary
btmri_06956,3,pituitary
btmri_06957,3,pituitary
btmri_06958,3,pituitary
btmri_06959,3,pituitary
btmri_06960,3,pituitary
btmri_06961,3,pituitary
btmri_06962,3,pituitary
btmri_06963,3,pituitary
btmri_06964,3,pituitary
btmri_06965,3,pituitary
btmri_06966,3,pituitary
btmri_06967,3,pituitary
btmri_06968,3,pituitary
btmri_06969,3,pituitary
btmri_06970,3,pituitary
btmri_06971,3,pituitary
btmri_06972,3,pituitary
btmri_06973,3,pituitary
btmri_06974,3,pituitary
btmri_06975,3,pituitary
btmri_06976,3,pituitary
btmri_06977,3,pituitary
btmri_06978,3,pituitary
btmri_06979,3,pituitary
btmri_06980,3,pituitary
btmri_06981,3,pituitary
btmri_06982,3,pituitary
btmri_06983,3,pituitary
btmri_06984,3,pituitary
btmri_06985,3,pituitary
btmri_06986,3,pituitary
btmri_06987,3,pituitary
btmri_06988,3,pituitary
btmri_06989,3,pituitary
btmri_06990,3,pituitary
btmri_06991,3,pituitary
btmri_06992,3,pituitary
btmri_06993,3,pituitary
btmri_06994,3,pituitary
btmri_06995,3,pituitary
btmri_06996,3,pituitary
btmri_06997,3,pituitary
btmri_06998,3,pituitary
btmri_06999,3,pituitary
btmri_07000,3,pituitary
btmri_07001,3,pituitary
btmri_07002,3,pituitary
btmri_07003,3,pituitary
btmri_07004,3,pituitary
btmri_07005,3,pituitary
btmri_07006,3,pituitary
btmri_07007,3,pituitary
btmri_07008,3,pituitary
btmri_07009,3,pituitary
btmri_07010,3,pituitary
btmri_07011,3,pituitary
btmri_07012,3,pituitary
btmri_07013,3,pituitary
btmri_07014,3,pituitary
btmri_07015,3,pituitary
btmri_07016,3,pituitary
btmri_07017,3,pituitary
btmri_07018,3,pituitary
btmri_07019,3,pituitary
btmri_07020,3,pituitary
btmri_07021,3,pituitary
btmri_07022,3,pituitary
