disease,sample_id,true_label,group,sharpness,contrast,entropy
malaria,Parasitized/C100P61ThinF_IMG_20150918_144348_cell_142.png,0,flagged,0.029957003891468048,0.30566373467445374,4.16562294584885
malaria,Parasitized/C103P64ThinF_IMG_20150918_165510_cell_188.png,0,flagged,0.03257828578352928,0.3059597909450531,4.569712370163062
malaria,Parasitized/C113P74ThinF_IMG_20150930_140646_cell_181.png,0,flagged,0.02493661269545555,0.27961644530296326,4.386923009561363
malaria,Parasitized/C116P77ThinF_IMG_20150930_171558_cell_115.png,0,flagged,0.02612212300300598,0.26129844784736633,4.577721175168712
malaria,Parasitized/C116P77ThinF_IMG_20150930_171635_cell_86.png,0,flagged,0.022490128874778748,0.23590506613254547,5.116894923210759
malaria,Parasitized/C116P77ThinF_IMG_20150930_171739_cell_94.png,0,flagged,0.030164198949933052,0.2601855993270874,4.794260996604112
malaria,Parasitized/C116P77ThinF_IMG_20150930_172112_cell_101.png,0,flagged,0.02728600613772869,0.2618095874786377,5.061342807046337
malaria,Parasitized/C117P78ThinF_IMG_20150930_214317_cell_102.png,0,flagged,0.029247693717479706,0.2936605215072632,4.505909160382786
malaria,Parasitized/C117P78ThinF_IMG_20150930_214511_cell_94.png,0,flagged,0.03546437248587608,0.30757471919059753,4.559646919620356
malaria,Parasitized/C118P79ThinF_IMG_20151002_105827_cell_147.png,0,flagged,0.031876083463430405,0.3180656135082245,3.827025301578818
malaria,Parasitized/C118P79ThinF_IMG_20151002_110834_cell_137.png,0,flagged,0.026983056217432022,0.29852163791656494,3.972519787004366
malaria,Parasitized/C123P84ThinF_IMG_20151002_151432_cell_165.png,0,flagged,0.028689835220575333,0.28736597299575806,4.1316689436505385
malaria,Parasitized/C123P84ThinF_IMG_20151002_152330_cell_201.png,0,flagged,0.029806481674313545,0.284911185503006,4.427417745629305
malaria,Parasitized/C123P84ThinF_IMG_20151002_152330_cell_202.png,0,flagged,0.029467172920703888,0.301652193069458,4.336992032201356
malaria,Parasitized/C124P85ThinF_IMG_20151002_153825_cell_192.png,0,flagged,0.031637437641620636,0.3138200342655182,4.076565091695017
malaria,Parasitized/C125P86ThinF_IMG_20151004_101158_cell_156.png,0,flagged,0.03246036544442177,0.2849685251712799,4.458209062186167
malaria,Parasitized/C128P89ThinF_IMG_20151004_131129_cell_149.png,0,flagged,0.03693569079041481,0.31523045897483826,4.400588729886131
malaria,Parasitized/C132P93ThinF_IMG_20151004_151811_cell_162.png,0,flagged,0.031684353947639465,0.2747863531112671,4.714644369768013
malaria,Parasitized/C132P93ThinF_IMG_20151004_151941_cell_44.png,0,flagged,0.026366833597421646,0.26123279333114624,4.480059943541546
malaria,Parasitized/C132P93ThinF_IMG_20151004_152642_cell_36.png,0,flagged,0.029192321002483368,0.2850301265716553,4.413535798404391
malaria,Parasitized/C132P93ThinF_IMG_20151004_152808_cell_29.png,0,flagged,0.030202487483620644,0.275547057390213,4.83337375855416
malaria,Parasitized/C132P93ThinF_IMG_20151004_152808_cell_53.png,0,flagged,0.02285078540444374,0.25393933057785034,5.219155084905109
malaria,Parasitized/C136P97ThinF_IMG_20151005_142437_cell_128.png,0,flagged,0.027577301487326622,0.2667754292488098,4.687704586341127
malaria,Parasitized/C137P98ThinF_IMG_20151005_160122_cell_68.png,0,flagged,0.027114400640130043,0.29801082611083984,4.027961696753411
malaria,Parasitized/C139P100ThinF_IMG_20151005_182410_cell_171.png,0,flagged,0.03207219019532204,0.3171311616897583,4.078312590982306
malaria,Parasitized/C140P101ThinF_IMG_20151005_205406_cell_170.png,0,flagged,0.034704603254795074,0.31752249598503113,4.227485848709349
malaria,Parasitized/C140P101ThinF_IMG_20151005_210026_cell_174.png,0,flagged,0.03107868693768978,0.29580408334732056,4.156686685586741
malaria,Parasitized/C144P105ThinF_IMG_20151015_155004_cell_307.png,0,flagged,0.03582604601979256,0.31139644980430603,4.492205706016979
malaria,Parasitized/C147P108ThinF_IMG_20151115_092605_cell_224.png,0,flagged,0.027496270835399628,0.2740990221500397,5.107754164398747
malaria,Parasitized/C147P108ThinF_IMG_20151115_101317_cell_192.png,0,flagged,0.026390450075268745,0.258468896150589,5.101502336761156
malaria,Parasitized/C154P115ThinF_IMG_20151115_141543_cell_217.png,0,flagged,0.029340794309973717,0.27698132395744324,4.937422151971354
malaria,Parasitized/C154P115ThinF_IMG_20151115_141543_cell_219.png,0,flagged,0.024297572672367096,0.27086931467056274,4.799301338231272
malaria,Parasitized/C157P118ThinF_IMG_20151115_163759_cell_185.png,0,flagged,0.02395644783973694,0.24007847905158997,5.174156500655523
malaria,Parasitized/C158P119ThinF_IMG_20151115_181436_cell_202.png,0,flagged,0.02865890972316265,0.28754734992980957,4.762762742512496
malaria,Parasitized/C159P120ThinF_IMG_20151115_185541_cell_180.png,0,flagged,0.026684096083045006,0.26051539182662964,4.895211904906369
malaria,Parasitized/C159P120ThinF_IMG_20151115_185541_cell_186.png,0,flagged,0.03382028266787529,0.2750993072986603,4.702730150888074
malaria,Parasitized/C159P120ThinF_IMG_20151115_190002_cell_227.png,0,flagged,0.027181558310985565,0.27210378646850586,4.734399573738459
malaria,Parasitized/C159P120ThinF_IMG_20151115_190642_cell_200.png,0,flagged,0.02570919133722782,0.2610855996608734,4.84927368643225
malaria,Parasitized/C159P120ThinF_IMG_20151115_190642_cell_204.png,0,flagged,0.030948515981435776,0.2502031624317169,4.982627467023319
malaria,Parasitized/C159P120ThinF_IMG_20151115_190812_cell_246.png,0,flagged,0.030111465603113174,0.28726524114608765,5.031152764734072
malaria,Parasitized/C159P120ThinF_IMG_20151115_191301_cell_235.png,0,flagged,0.028866760432720184,0.2942114770412445,4.527259631492665
malaria,Parasitized/C164P125ThinF_IMG_20151116_113550_cell_158.png,0,flagged,0.027097176760435104,0.2830852270126343,4.798391827891965
malaria,Parasitized/C164P125ThinF_IMG_20151116_115604_cell_3.png,0,flagged,0.03164219856262207,0.29902300238609314,4.798363257866092
malaria,Parasitized/C164P125ThinF_IMG_20151116_115650_cell_163.png,0,flagged,0.02735140360891819,0.24671615660190582,5.2612865093933845
malaria,Parasitized/C164P125ThinF_IMG_20151116_120135_cell_140.png,0,flagged,0.02335139736533165,0.25315025448799133,4.827216159976072
malaria,Parasitized/C166P127ThinF_IMG_20151117_193235_cell_215.png,0,flagged,0.02684534341096878,0.24367395043373108,5.085129392836068
malaria,Parasitized/C166P127ThinF_IMG_20151117_193931_cell_210.png,0,flagged,0.030949784442782402,0.26377275586128235,5.123569483525046
malaria,Parasitized/C166P127ThinF_IMG_20151117_194410_cell_198.png,0,flagged,0.028449734672904015,0.2847691476345062,4.779018516144877
malaria,Parasitized/C167P128ReThinF_IMG_20151201_105354_cell_228.png,0,flagged,0.026390966027975082,0.2756439447402954,4.582217558147626
malaria,Parasitized/C167P128ReThinF_IMG_20151201_105354_cell_235.png,0,flagged,0.02621656283736229,0.2754380702972412,4.775080006247423
malaria,Parasitized/C167P128ReThinF_IMG_20151201_105354_cell_237.png,0,flagged,0.026085538789629936,0.26744070649147034,4.732698092463552
malaria,Parasitized/C167P128ReThinF_IMG_20151201_105559_cell_240.png,0,flagged,0.026924746111035347,0.29165118932724,4.470211253151304
malaria,Parasitized/C167P128ReThinF_IMG_20151201_105559_cell_242.png,0,flagged,0.027885423973202705,0.25889092683792114,4.63549303315644
malaria,Parasitized/C170P131ThinF_IMG_20151119_120111_cell_235.png,0,flagged,0.027176709845662117,0.25788742303848267,4.790436811126933
malaria,Parasitized/C171P132ThinF_IMG_20151119_153425_cell_241.png,0,flagged,0.03616704046726227,0.2852324843406677,5.144233244325294
malaria,Parasitized/C173P134NThinF_IMG_20151130_115339_cell_259.png,0,flagged,0.02859138697385788,0.28560927510261536,4.638195800098133
malaria,Parasitized/C173P134NThinF_IMG_20151130_115339_cell_261.png,0,flagged,0.024398528039455414,0.23600557446479797,4.910547058819844
malaria,Parasitized/C173P134NThinF_IMG_20151130_125501_cell_255.png,0,flagged,0.02865469455718994,0.2782522439956665,4.934198890713052
malaria,Parasitized/C179P140ThinF_IMG_20151127_153420_cell_174.png,0,flagged,0.033360593020915985,0.27336570620536804,4.403421118312236
malaria,Parasitized/C180P141NThinF_IMG_20151201_163751_cell_185.png,0,flagged,0.03352886065840721,0.2933713495731354,4.251265833068018
malaria,Parasitized/C180P141NThinF_IMG_20151201_163848_cell_150.png,0,flagged,0.031339459121227264,0.3192809522151947,4.107576790953008
malaria,Parasitized/C180P141NThinF_IMG_20151201_163848_cell_166.png,0,flagged,0.02440556325018406,0.2861575782299042,3.946267316174425
malaria,Parasitized/C180P141NThinF_IMG_20151201_165453_cell_23.png,0,flagged,0.033688247203826904,0.2979053258895874,3.741428244780231
malaria,Parasitized/C180P141NThinF_IMG_20151201_165528_cell_163.png,0,flagged,0.03368063271045685,0.2969863712787628,4.687190211468056
malaria,Parasitized/C180P141NThinF_IMG_20151201_165601_cell_196.png,0,flagged,0.03576858341693878,0.2964136004447937,4.096732784671194
malaria,Parasitized/C180P141NThinF_IMG_20151201_165601_cell_209.png,0,flagged,0.028220074251294136,0.30015990138053894,3.9108559228269115
malaria,Parasitized/C180P141NThinF_IMG_20151201_165659_cell_46.png,0,flagged,0.03312992304563522,0.31090378761291504,4.1317132549136195
malaria,Parasitized/C182P143NThinF_IMG_20151201_171905_cell_153.png,0,flagged,0.0257948637008667,0.2651310861110687,4.337704165106254
malaria,Parasitized/C182P143NThinF_IMG_20151201_171905_cell_178.png,0,flagged,0.029752500355243683,0.28198474645614624,4.289410400065766
malaria,Parasitized/C182P143NThinF_IMG_20151201_171905_cell_180.png,0,flagged,0.026084251701831818,0.2674313485622406,4.598617152955893
malaria,Parasitized/C182P143NThinF_IMG_20151201_171950_cell_159.png,0,flagged,0.027430355548858643,0.30244114995002747,4.259890971311384
malaria,Parasitized/C182P143NThinF_IMG_20151201_171950_cell_161.png,0,flagged,0.025609971955418587,0.2872201204299927,4.54079071893241
malaria,Parasitized/C182P143NThinF_IMG_20151201_171950_cell_186.png,0,flagged,0.027541084215044975,0.2763175368309021,4.400671917236996
malaria,Parasitized/C182P143NThinF_IMG_20151201_171950_cell_190.png,0,flagged,0.02803347446024418,0.31220558285713196,4.026204785366589
malaria,Parasitized/C182P143NThinF_IMG_20151201_171950_cell_191.png,0,flagged,0.023403627797961235,0.2775021493434906,4.780658836243198
malaria,Parasitized/C182P143NThinF_IMG_20151201_171950_cell_201.png,0,flagged,0.03032463788986206,0.2865307927131653,4.4131948960720155
malaria,Parasitized/C182P143NThinF_IMG_20151201_172057_cell_145.png,0,flagged,0.029849717393517494,0.2942443788051605,4.451751720843017
malaria,Parasitized/C182P143NThinF_IMG_20151201_172057_cell_167.png,0,flagged,0.027859045192599297,0.288953959941864,4.264177290366659
malaria,Parasitized/C182P143NThinF_IMG_20151201_172216_cell_127.png,0,flagged,0.02709280513226986,0.2802470922470093,4.846326923436022
malaria,Parasitized/C182P143NThinF_IMG_20151201_172216_cell_152.png,0,flagged,0.026554342359304428,0.2684279680252075,4.4959225912643115
malaria,Parasitized/C182P143NThinF_IMG_20151201_172216_cell_164.png,0,flagged,0.025900572538375854,0.27761995792388916,4.276764295703458
malaria,Parasitized/C182P143NThinF_IMG_20151201_172257_cell_150.png,0,flagged,0.02658635936677456,0.2721331715583801,4.331989336138197
malaria,Parasitized/C182P143NThinF_IMG_20151201_172257_cell_153.png,0,flagged,0.026810649782419205,0.2925303876399994,4.090319741714232
malaria,Parasitized/C182P143NThinF_IMG_20151201_172257_cell_162.png,0,flagged,0.03219440206885338,0.2917763292789459,4.413767473661542
malaria,Parasitized/C182P143NThinF_IMG_20151201_172257_cell_196.png,0,flagged,0.02763277105987072,0.3083835542201996,4.033571562262899
malaria,Parasitized/C182P143NThinF_IMG_20151201_172524_cell_176.png,0,flagged,0.02918069250881672,0.2760978639125824,4.275684152983743
malaria,Parasitized/C182P143NThinF_IMG_20151201_172524_cell_201.png,0,flagged,0.026521287858486176,0.2654697597026825,4.591686115735999
malaria,Parasitized/C182P143NThinF_IMG_20151201_172607_cell_21.png,0,flagged,0.028027614578604698,0.2858986258506775,4.1936298897805955
malaria,Parasitized/C182P143NThinF_IMG_20151201_172607_cell_33.png,0,flagged,0.027696242555975914,0.2826884686946869,4.318231546455918
malaria,Parasitized/C182P143NThinF_IMG_20151201_172607_cell_45.png,0,flagged,0.02828056365251541,0.2720973491668701,4.538984105351919
malaria,Parasitized/C182P143NThinF_IMG_20151201_172759_cell_31.png,0,flagged,0.02561373822391033,0.29122453927993774,4.159562432235221
malaria,Parasitized/C182P143NThinF_IMG_20151201_172759_cell_37.png,0,flagged,0.026641177013516426,0.29825499653816223,4.426500831628168
malaria,Parasitized/C182P143NThinF_IMG_20151201_172759_cell_38.png,0,flagged,0.026674313470721245,0.2780328691005707,4.687223240737088
malaria,Parasitized/C182P143NThinF_IMG_20151201_172842_cell_13.png,0,flagged,0.02626033127307892,0.2652192711830139,4.510066573303003
malaria,Parasitized/C182P143NThinF_IMG_20151201_172842_cell_2.png,0,flagged,0.02477368712425232,0.264434814453125,4.488091200954719
malaria,Parasitized/C183P144NThinF_IMG_20151201_222119_cell_143.png,0,flagged,0.03270462527871132,0.2712017893791199,5.344483308866356
malaria,Parasitized/C183P144NThinF_IMG_20151201_223208_cell_118.png,0,flagged,0.03226248919963837,0.29074180126190186,5.11949298636171
malaria,Parasitized/C184P145ThinF_IMG_20151203_104030_cell_35.png,0,flagged,0.027006298303604126,0.26593801379203796,4.883805113058073
malaria,Parasitized/C184P145ThinF_IMG_20151203_104334_cell_18.png,0,flagged,0.028535690158605576,0.27340933680534363,4.715120694827241
malaria,Parasitized/C186P147NThinF_IMG_20151203_150132_cell_198.png,0,flagged,0.03648843988776207,0.310515433549881,4.343935779387708
malaria,Parasitized/C189P150ThinF_IMG_20151203_141615_cell_89.png,0,flagged,0.026344498619437218,0.25178834795951843,4.940304633073557
malaria,Parasitized/C33P1thinF_IMG_20150619_115740a_cell_163.png,0,flagged,0.037973783910274506,0.2847556173801422,5.069671810102649
malaria,Parasitized/C39P4thinF_original_IMG_20150622_111942_cell_10.png,0,flagged,0.02994752675294876,0.2824192941188812,5.176535774416132
malaria,Parasitized/C46P7ThinF_IMG_20151130_205719_cell_131.png,0,flagged,0.027647336944937706,0.30432209372520447,4.106748620809829
malaria,Parasitized/C46P7ThinF_IMG_20151130_210815_cell_8.png,0,flagged,0.027195695787668228,0.2746127247810364,4.764182873774694
malaria,Parasitized/C48P9thinF_IMG_20150721_160406_cell_242.png,0,flagged,0.023645641282200813,0.29548218846321106,4.106651258402389
malaria,Parasitized/C48P9thinF_IMG_20150721_160944_cell_199.png,0,flagged,0.026567114517092705,0.2952844202518463,4.785286825709532
malaria,Parasitized/C48P9thinF_IMG_20150721_161055_cell_189.png,0,flagged,0.02904062159359455,0.3035352826118469,4.172755228568082
malaria,Parasitized/C48P9thinF_IMG_20150721_161243_cell_150.png,0,flagged,0.03465866297483444,0.3022858202457428,4.478047931384542
malaria,Parasitized/C48P9thinF_IMG_20150721_161412_cell_180.png,0,flagged,0.029264412820339203,0.30399444699287415,4.572050970559766
malaria,Parasitized/C48P9thinF_IMG_20150721_161412_cell_197.png,0,flagged,0.03533954918384552,0.29821762442588806,4.674052053334469
malaria,Parasitized/C48P9thinF_IMG_20150721_162732_cell_7.png,0,flagged,0.02737688273191452,0.26893341541290283,4.660428277814511
malaria,Parasitized/C48P9thinF_IMG_20150721_164129_cell_33.png,0,flagged,0.029295435175299644,0.2996668219566345,4.643201879111724
malaria,Parasitized/C49P10thinF_IMG_20150724_102330_cell_225.png,0,flagged,0.03489528223872185,0.31096339225769043,4.172611932761174
malaria,Parasitized/C49P10thinF_IMG_20150724_102330_cell_226.png,0,flagged,0.031859736889600754,0.2973079979419708,4.209539903076032
malaria,Parasitized/C49P10thinF_IMG_20150724_102330_cell_227.png,0,flagged,0.029779408127069473,0.2919658124446869,4.444013780527439
malaria,Parasitized/C49P10thinF_IMG_20150724_102330_cell_229.png,0,flagged,0.03164513036608696,0.29997718334198,4.459516727751894
malaria,Parasitized/C49P10thinF_IMG_20150724_102330_cell_230.png,0,flagged,0.029011428356170654,0.2930009663105011,4.253331265738727
malaria,Parasitized/C49P10thinF_IMG_20150724_102330_cell_231.png,0,flagged,0.027513686567544937,0.2932206392288208,4.117252512292759
malaria,Parasitized/C49P10thinF_IMG_20150724_102330_cell_232.png,0,flagged,0.028191016986966133,0.30484580993652344,3.9768094723211287
malaria,Parasitized/C49P10thinF_IMG_20150724_102843_cell_183.png,0,flagged,0.025054119527339935,0.26578977704048157,4.461464866329202
malaria,Parasitized/C49P10thinF_IMG_20150724_103233_cell_197.png,0,flagged,0.022760659456253052,0.26748013496398926,4.454246779686763
malaria,Parasitized/C49P10thinF_IMG_20150724_103233_cell_200.png,0,flagged,0.022753454744815826,0.27458441257476807,4.6844470943387915
malaria,Parasitized/C50P11thinF_IMG_20150724_114951_cell_149.png,0,flagged,0.025873757898807526,0.28479722142219543,4.543518905478697
malaria,Parasitized/C50P11thinF_IMG_20150724_115141_cell_185.png,0,flagged,0.028966234996914864,0.2796287536621094,4.686612852473441
malaria,Parasitized/C50P11thinF_IMG_20150724_115749_cell_174.png,0,flagged,0.021059665828943253,0.2648083567619324,5.358171364391741
malaria,Parasitized/C50P11thinF_IMG_20150724_120716_cell_151.png,0,flagged,0.019167400896549225,0.2445983588695526,4.669066475884914
malaria,Parasitized/C50P11thinF_IMG_20150724_120716_cell_155.png,0,flagged,0.0283486507833004,0.29053547978401184,4.836241549471336
malaria,Parasitized/C51AP12thinF_IMG_20150724_153313_cell_95.png,0,flagged,0.028354350477457047,0.29279065132141113,4.546113714355115
malaria,Parasitized/C51AP12thinF_IMG_20150724_160140_cell_60.png,0,flagged,0.026798825711011887,0.29350733757019043,4.6859025747112995
malaria,Parasitized/C56P17thinF_IMG_20150728_151330_cell_120.png,0,flagged,0.027217458933591843,0.2706717550754547,5.048791467784723
malaria,Parasitized/C60P21thinF_IMG_20150803_144510_cell_151.png,0,flagged,0.029589597135782242,0.32345107197761536,4.4397173368279095
malaria,Parasitized/C60P21thinF_IMG_20150804_104919_cell_138.png,0,flagged,0.033454954624176025,0.3277064263820648,4.28032299849036
malaria,Parasitized/C60P21thinF_IMG_20150804_105639_cell_8.png,0,flagged,0.03535227105021477,0.30176761746406555,4.926336865638308
malaria,Parasitized/C60P21thinF_IMG_20150804_113011_cell_8.png,0,flagged,0.028675386682152748,0.3059456944465637,4.71323140797862
malaria,Parasitized/C62P23N_ThinF_IMG_20150818_133211_cell_197.png,0,flagged,0.02698410116136074,0.2770850360393524,4.412186984989127
malaria,Parasitized/C65P26N_ThinF_IMG_20150818_154714_cell_184.png,0,flagged,0.030310319736599922,0.29543039202690125,4.702141407479144
malaria,Parasitized/C67P28N_ThinF_IMG_20150819_133000_cell_167.png,0,flagged,0.02491910010576248,0.27605777978897095,4.908205714794864
malaria,Parasitized/C68P29N_ThinF_IMG_20150819_133236_cell_150.png,0,flagged,0.03464018553495407,0.3065550625324249,4.54244803014205
malaria,Parasitized/C68P29N_ThinF_IMG_20150819_133236_cell_191.png,0,flagged,0.032003384083509445,0.29646503925323486,4.415083203204092
malaria,Parasitized/C68P29N_ThinF_IMG_20150819_133350_cell_123.png,0,flagged,0.03123844973742962,0.3082349896430969,4.818770776217759
malaria,Parasitized/C68P29N_ThinF_IMG_20150819_133350_cell_159.png,0,flagged,0.03947350010275841,0.30525293946266174,5.063388348731925
malaria,Parasitized/C68P29N_ThinF_IMG_20150819_133350_cell_165.png,0,flagged,0.028910573571920395,0.26495224237442017,5.073756811245501
malaria,Parasitized/C68P29N_ThinF_IMG_20150819_133447_cell_125.png,0,flagged,0.03507173806428909,0.29797041416168213,4.697284629372173
malaria,Parasitized/C68P29N_ThinF_IMG_20150819_134625_cell_15.png,0,flagged,0.030601657927036285,0.2985396981239319,3.8892834827864267
malaria,Parasitized/C68P29N_ThinF_IMG_20150819_134625_cell_33.png,0,flagged,0.02943716198205948,0.3112209737300873,4.16874637295096
malaria,Parasitized/C76P37ThinF_IMG_20150815_172902_cell_225.png,0,flagged,0.02802038937807083,0.2821044325828552,4.515053472959311
malaria,Parasitized/C80P41ThinF_IMG_20150817_111544_cell_123.png,0,flagged,0.029021885246038437,0.2844078838825226,4.67609989105209
malaria,Parasitized/C80P41ThinF_IMG_20150817_111943_cell_13.png,0,flagged,0.023813847452402115,0.274631142616272,4.970144521669298
malaria,Parasitized/C84P45ThinF_IMG_20150818_101257_cell_93.png,0,flagged,0.028392158448696136,0.2834111452102661,4.644354066167239
malaria,Parasitized/C91P52ThinF_IMG_20150821_123314_cell_198.png,0,flagged,0.030906982719898224,0.30724260210990906,4.025553003515355
malaria,Parasitized/C91P52ThinF_IMG_20150821_124937_cell_210.png,0,flagged,0.037832073867321014,0.3365567922592163,4.149016110978882
malaria,Parasitized/C92P53ThinF_IMG_20150821_151224_cell_206.png,0,flagged,0.02452126517891884,0.28035247325897217,4.382540590552196
malaria,Parasitized/C96P57ThinF_IMG_20150824_105213_cell_212.png,0,flagged,0.031848352402448654,0.2710839509963989,4.389701878256953
malaria,Parasitized/C97P58ThinF_IMG_20150917_151320_cell_154.png,0,flagged,0.03848235309123993,0.3112354576587677,4.292071328097401
malaria,Parasitized/C97P58ThinF_IMG_20150917_151903_cell_23.png,0,flagged,0.03159894049167633,0.3048465847969055,4.7961477917565
malaria,Parasitized/C97P58ThinF_IMG_20150917_152032_cell_159.png,0,flagged,0.03420638293027878,0.3147013783454895,4.515868376112947
malaria,Parasitized/C99P60ThinF_IMG_20150918_141001_cell_151.png,0,flagged,0.03269018977880478,0.2949625551700592,4.861634045343772
malaria,Parasitized/C99P60ThinF_IMG_20150918_141001_cell_169.png,0,flagged,0.029518743976950645,0.27554047107696533,4.9629379994395695
malaria,Parasitized/C99P60ThinF_IMG_20150918_141314_cell_99.png,0,flagged,0.03819592297077179,0.29152384400367737,4.706079486857329
malaria,Parasitized/C99P60ThinF_IMG_20150918_141520_cell_124.png,0,flagged,0.030341919511556625,0.2970826327800751,4.754562598218053
malaria,Parasitized/C99P60ThinF_IMG_20150918_141520_cell_140.png,0,flagged,0.02968629263341427,0.27144655585289,4.861495658560078
malaria,Parasitized/C99P60ThinF_IMG_20150918_141857_cell_39.png,0,flagged,0.029685119166970253,0.3138420283794403,4.122274922442153
malaria,Parasitized/C99P60ThinF_IMG_20150918_142334_cell_6.png,0,flagged,0.02978336811065674,0.303120881319046,4.460520720026986
malaria,Uninfected/C101P62ThinF_IMG_20150918_155731_cell_37.png,1,flagged,0.0314398854970932,0.29333212971687317,4.264851728308938
malaria,Uninfected/C103P64ThinF_IMG_20150918_164250_cell_85.png,1,flagged,0.03233020380139351,0.30784767866134644,5.066548219524024
malaria,Uninfected/C110P71ThinF_IMG_20150930_105729_cell_162.png,1,flagged,0.028954049572348595,0.27013155817985535,4.615971730246916
malaria,Uninfected/C112P73ThinF_IMG_20150930_131516_cell_93.png,1,flagged,0.029534945264458656,0.2886737585067749,4.712318193198849
malaria,Uninfected/C114P75ThinF_IMG_20150930_150057_cell_93.png,1,flagged,0.026078736409544945,0.28743234276771545,4.906928592993412
malaria,Uninfected/C117P78ThinF_IMG_20150930_221812_cell_16.png,1,flagged,0.02789684757590294,0.29728689789772034,4.432015976865316
malaria,Uninfected/C118P79ThinF_IMG_20151002_104831_cell_134.png,1,flagged,0.03175985440611839,0.29849687218666077,4.429312660615121
malaria,Uninfected/C12NThinF_IMG_20150614_125741_cell_101.png,1,flagged,0.028834130614995956,0.2997368574142456,4.641611566696162
malaria,Uninfected/C130P91ThinF_IMG_20151004_142709_cell_101.png,1,flagged,0.028554869815707207,0.2833848297595978,5.01745064952706
malaria,Uninfected/C131P92ThinF_IMG_20151004_145410_cell_3.png,1,flagged,0.029260005801916122,0.3014448881149292,5.064800983032905
malaria,Uninfected/C136P97ThinF_IMG_20151005_141321_cell_15.png,1,flagged,0.025631949305534363,0.27856743335723877,4.326894584110868
malaria,Uninfected/C137P98ThinF_IMG_20151005_160122_cell_29.png,1,flagged,0.029871102422475815,0.30249565839767456,4.688809469568903
malaria,Uninfected/C138P99ThinF_IMG_20151005_172849_cell_90.png,1,flagged,0.026367224752902985,0.28540512919425964,4.825874062111107
malaria,Uninfected/C13NThinF_IMG_20150614_131457_cell_193.png,1,flagged,0.026718275621533394,0.24615322053432465,4.827493538198776
malaria,Uninfected/C141P102ThinF_IMG_20151005_214615_cell_132.png,1,flagged,0.02760150283575058,0.2871896028518677,4.7412824856544855
malaria,Uninfected/C142P103ThinF_IMG_20151005_221115_cell_128.png,1,flagged,0.02821638248860836,0.2847226560115814,4.5692554680956645
malaria,Uninfected/C150P111ThinF_IMG_20151115_120244_cell_108.png,1,flagged,0.027348699048161507,0.24904178082942963,5.528524458532981
malaria,Uninfected/C150P111ThinF_IMG_20151115_120244_cell_187.png,1,flagged,0.03181630000472069,0.26593199372291565,5.486809373315972
malaria,Uninfected/C151P112ThinF_IMG_20151115_121644_cell_131.png,1,flagged,0.03050522319972515,0.2996077537536621,4.9265256566211395
malaria,Uninfected/C152P113ThinF_IMG_20151115_124032_cell_171.png,1,flagged,0.028600653633475304,0.26478111743927,5.07054907540794
malaria,Uninfected/C153P114ThinF_IMG_20151115_135639_cell_39.png,1,flagged,0.02987632527947426,0.27019891142845154,5.064665983651067
malaria,Uninfected/C157P118ThinF_IMG_20151115_163915_cell_107.png,1,flagged,0.025153687223792076,0.24546599388122559,5.324743146814268
malaria,Uninfected/C158P119ThinF_IMG_20151115_181136_cell_91.png,1,flagged,0.0277389045804739,0.2772127687931061,4.921768559622107
malaria,Uninfected/C169P130ThinF_IMG_20151118_163539_cell_51.png,1,flagged,0.026426227763295174,0.24880963563919067,5.231156244237611
malaria,Uninfected/C169P130ThinF_IMG_20151118_173039_cell_245.png,1,flagged,0.024152304977178574,0.25863540172576904,5.156011479528526
malaria,Uninfected/C188P149ThinF_IMG_20151203_135433_cell_88.png,1,flagged,0.0316481776535511,0.2945597469806671,4.506254060006747
malaria,Uninfected/C205ThinF_IMG_20151106_151800_cell_72.png,1,flagged,0.03687301650643349,0.3345375657081604,4.772936754777957
malaria,Uninfected/C206ThinF_IMG_20151029_140917_cell_192.png,1,flagged,0.0294191837310791,0.3238287568092346,4.461658920996841
malaria,Uninfected/C207ThinF_IMG_20151029_143711_cell_252.png,1,flagged,0.030225805938243866,0.3002757728099823,4.458538343234875
malaria,Uninfected/C207ThinF_IMG_20151029_143711_cell_6.png,1,flagged,0.03379819914698601,0.29417622089385986,4.6806823755994715
malaria,Uninfected/C208ThinF_IMG_20151029_155554_cell_149.png,1,flagged,0.032807912677526474,0.3280596435070038,4.434685401546953
malaria,Uninfected/C210ThinF_IMG_20151029_162834_cell_57.png,1,flagged,0.032195813953876495,0.3071742653846741,4.64413330893918
malaria,Uninfected/C210ThinF_IMG_20151029_162934_cell_258.png,1,flagged,0.026971885934472084,0.2752365469932556,5.0173744567002725
malaria,Uninfected/C214ThinF_IMG_20151106_115440_cell_163.png,1,flagged,0.0322723314166069,0.29099589586257935,4.923820033786269
malaria,Uninfected/C214ThinF_IMG_20151106_115440_cell_58.png,1,flagged,0.029608627781271935,0.29697081446647644,4.691856147375695
malaria,Uninfected/C214ThinF_IMG_20151106_131748_cell_148.png,1,flagged,0.03457946330308914,0.30484047532081604,4.885086580670127
malaria,Uninfected/C216ThinF_IMG_20151106_135228_cell_220.png,1,flagged,0.028451183810830116,0.30276256799697876,4.71436120845218
malaria,Uninfected/C216ThinF_IMG_20151106_135337_cell_60.png,1,flagged,0.03427696228027344,0.31845778226852417,4.555104503238482
malaria,Uninfected/C216ThinF_IMG_20151106_135653_cell_218.png,1,flagged,0.028101354837417603,0.31478896737098694,4.456865820131344
malaria,Uninfected/C225ThinF_IMG_20151112_113735_cell_81.png,1,flagged,0.02916940115392208,0.26605334877967834,4.501252077112194
malaria,Uninfected/C226ThinF_IMG_20151112_131408_cell_102.png,1,flagged,0.03289928659796715,0.32813307642936707,4.510246340810442
malaria,Uninfected/C228ThinF_IMG_20151112_142452_cell_181.png,1,flagged,0.03490046039223671,0.31325292587280273,4.380951566760249
malaria,Uninfected/C229ThinF_IMG_20151112_144147_cell_154.png,1,flagged,0.03482293710112572,0.2783856689929962,4.544359905792184
malaria,Uninfected/C231ThinF_IMG_20151112_153246_cell_134.png,1,flagged,0.027152463793754578,0.2767064869403839,5.236131771843907
malaria,Uninfected/C239ThinF_IMG_20151127_113008_cell_154.png,1,flagged,0.03412291780114174,0.26475659012794495,4.741176773293623
malaria,Uninfected/C37BP2_thinF_IMG_20150620_132847a_cell_37.png,1,flagged,0.02984308823943138,0.27719539403915405,5.480898218707407
malaria,Uninfected/C37BP2_thinF_IMG_20150620_133238a_cell_41.png,1,flagged,0.0279618538916111,0.30558067560195923,4.610591446172937
malaria,Uninfected/C38P3thinF_original_IMG_20150621_112116_cell_60.png,1,flagged,0.02521532028913498,0.2864832878112793,4.859176542005155
malaria,Uninfected/C38P3thinF_original_IMG_20150621_112227_cell_11.png,1,flagged,0.024303236976265907,0.2716543972492218,4.699289931347648
malaria,Uninfected/C39P4thinF_original_IMG_20150622_105102_cell_59.png,1,flagged,0.02817181497812271,0.26553478837013245,5.3693986504812345
malaria,Uninfected/C39P4thinF_original_IMG_20150622_111206_cell_22.png,1,flagged,0.025555385276675224,0.2891033887863159,4.894751067726945
malaria,Uninfected/C48P9thinF_IMG_20150721_160944_cell_177.png,1,flagged,0.03247850015759468,0.3129308819770813,4.442700684721923
malaria,Uninfected/C54P15thinF_IMG_20150728_112832_cell_24.png,1,flagged,0.023891055956482887,0.2896452844142914,4.530794661967101
malaria,Uninfected/C55P16thinF_IMG_20150728_123237_cell_15.png,1,flagged,0.022579802200198174,0.2502116858959198,5.522043440125654
malaria,Uninfected/C57P18thinF_IMG_20150729_110457_cell_78.png,1,flagged,0.028013957664370537,0.2964041233062744,5.043863780952004
malaria,Uninfected/C5NThinF_IMG_20150609_122227_cell_9.png,1,flagged,0.029209904372692108,0.28607451915740967,5.093630757982541
malaria,Uninfected/C60P21thinF_IMG_20150803_144003_cell_81.png,1,flagged,0.028914298862218857,0.3155898451805115,4.818359951572974
malaria,Uninfected/C61P22N_ThinF_IMG_20150818_112252_cell_144.png,1,flagged,0.02930779568850994,0.30068108439445496,4.927648352392279
malaria,Uninfected/C61P22N_ThinF_IMG_20150818_112811_cell_128.png,1,flagged,0.02291177026927471,0.2638446092605591,5.07172493925809
malaria,Uninfected/C62P23N_ThinF_IMG_20150818_133211_cell_10.png,1,flagged,0.027755843475461006,0.28703367710113525,4.773462798910602
malaria,Uninfected/C62P23N_ThinF_IMG_20150818_133211_cell_94.png,1,flagged,0.02802625671029091,0.2579325735569,4.993279439783233
malaria,Uninfected/C62P23N_ThinF_IMG_20150818_133307_cell_137.png,1,flagged,0.02911878563463688,0.3070846199989319,4.786287940303292
malaria,Uninfected/C66P27N_ThinF_IMG_20150818_163419_cell_189.png,1,flagged,0.032692406326532364,0.3223196864128113,4.242773755702993
malaria,Uninfected/C69P30N_ThinF_IMG_20150819_135421_cell_157.png,1,flagged,0.032207515090703964,0.31222236156463623,4.658356679491367
malaria,Uninfected/C6NThinF_IMG_20150609_121955_cell_133.png,1,flagged,0.03374173864722252,0.2664787173271179,5.286207733260976
malaria,Uninfected/C6NThinF_IMG_20150609_122725_cell_208.png,1,flagged,0.03416438400745392,0.29781535267829895,4.848603236314923
malaria,Uninfected/C6NThinF_IMG_20150609_122832_cell_89.png,1,flagged,0.028334759175777435,0.30314528942108154,4.822066111353187
malaria,Uninfected/C74P35_ThinF_IMG_20150815_120957_cell_11.png,1,flagged,0.03140663355588913,0.30586114525794983,4.737710002921182
malaria,Uninfected/C75P36_ThinF_IMG_20150815_163707_cell_33.png,1,flagged,0.029453111812472343,0.2824948728084564,4.690234750950144
malaria,Uninfected/C77P38ThinF_IMG_20150601_155125_cell_115.png,1,flagged,0.022472206503152847,0.22883518040180206,5.223742786242982
malaria,Uninfected/C79P40ThinF_IMG_20150817_102702_cell_39.png,1,flagged,0.031607549637556076,0.2864171862602234,5.1966534762440615
malaria,Uninfected/C79P40ThinF_IMG_20150817_102702_cell_64.png,1,flagged,0.025897420942783356,0.2772150933742523,4.769966670876588
malaria,Uninfected/C7NthinF_IMG_20150611_104609_cell_62.png,1,flagged,0.01894049160182476,0.21020635962486267,5.40929789827496
malaria,Uninfected/C86P47ThinF_IMG_20150820_124943_cell_207.png,1,flagged,0.03594398498535156,0.2770933210849762,4.511124878962603
malaria,Uninfected/C87P48ThinF_IMG_20150820_141913_cell_165.png,1,flagged,0.034202940762043,0.30646076798439026,4.408380454636475
malaria,Uninfected/C88P49ThinF_IMG_20150820_150724_cell_129.png,1,flagged,0.02477598935365677,0.2660580575466156,4.613005528678961
malaria,Uninfected/C91P52ThinF_IMG_20150821_124504_cell_60.png,1,flagged,0.030546195805072784,0.3140220046043396,4.318222892524965
malaria,Uninfected/C91P52ThinF_IMG_20150821_124937_cell_171.png,1,flagged,0.03413684666156769,0.33776718378067017,4.39984901276873
malaria,Uninfected/C92P53ThinF_IMG_20150821_151646_cell_155.png,1,flagged,0.030356556177139282,0.318493515253067,4.232426428516867
malaria,Uninfected/C93P54ThinF_IMG_20150821_162901_cell_60.png,1,flagged,0.03178681433200836,0.2841270864009857,4.733588840547125
malaria,Uninfected/C93P54ThinF_IMG_20150821_164024_cell_158.png,1,flagged,0.032728832215070724,0.32486602663993835,4.035582069828946
malaria,Uninfected/C94P55ThinF_IMG_20150821_165519_cell_165.png,1,flagged,0.03164025396108627,0.2967933416366577,4.431476688530803
malaria,Uninfected/C99P60ThinF_IMG_20150918_141001_cell_69.png,1,flagged,0.026210404932498932,0.29016464948654175,5.179995356379978
malaria,Uninfected/C99P60ThinF_IMG_20150918_141129_cell_84.png,1,flagged,0.029823746532201767,0.29478174448013306,4.868611451563334
malaria,Uninfected/C99P60ThinF_IMG_20150918_142128_cell_45.png,1,flagged,0.030787203460931778,0.28096258640289307,4.883220870855328
malaria,Uninfected/C235ThinF_IMG_20151112_164918_cell_158.png,1,control,0.026962416246533394,0.27325353026390076,4.1059534679795595
malaria,Uninfected/C114P75ThinF_IMG_20150930_150145_cell_6.png,1,control,0.026051092892885208,0.2648831605911255,4.3020554975155525
malaria,Parasitized/C123P84ThinF_IMG_20151002_151432_cell_169.png,0,control,0.02578839473426342,0.26655569672584534,4.376649838128608
malaria,Uninfected/C49P10thinF_IMG_20150724_103054_cell_112.png,1,control,0.024425404146313667,0.266084223985672,4.920711109689897
malaria,Uninfected/C5NThinF_IMG_20150609_122034_cell_113.png,1,control,0.02640646882355213,0.2754158675670624,4.848120991095723
malaria,Parasitized/C97P58ThinF_IMG_20150917_152032_cell_172.png,0,control,0.029151227325201035,0.2881261110305786,4.290080361731045
malaria,Uninfected/C155P116ThinF_IMG_20151115_142805_cell_175.png,1,control,0.0319492369890213,0.31014499068260193,4.76177291383277
malaria,Uninfected/C207ThinF_IMG_20151029_144152_cell_284.png,1,control,0.028557611629366875,0.27595752477645874,4.706587042324157
malaria,Uninfected/C135P96ThinF_IMG_20151005_123715_cell_5.png,1,control,0.030300630256533623,0.3021317422389984,4.256060716004785
malaria,Parasitized/C82P43ThinF_IMG_20150817_123500_cell_237.png,0,control,0.03453079238533974,0.30166658759117126,4.837545177931378
malaria,Uninfected/C227ThinF_IMG_20151112_135158_cell_198.png,1,control,0.03293098509311676,0.2833806872367859,4.407288217150045
malaria,Uninfected/C96P57ThinF_IMG_20150824_105531_cell_207.png,1,control,0.030231377109885216,0.30501776933670044,4.4358833325787765
malaria,Parasitized/C97P58ThinF_IMG_20150917_151437_cell_169.png,0,control,0.032088205218315125,0.2927817404270172,4.5772698071061075
malaria,Uninfected/C152P113ThinF_IMG_20151115_124032_cell_103.png,1,control,0.026238322257995605,0.252911239862442,5.318108641317268
malaria,Uninfected/C222ThinF_IMG_20151115_150925_cell_21.png,1,control,0.03150317072868347,0.31052789092063904,4.730187002450577
malaria,Parasitized/C117P78ThinF_IMG_20150930_214629_cell_101.png,0,control,0.03139359503984451,0.3117513060569763,4.651805306599555
malaria,Uninfected/C77P38ThinF_IMG_20150602_142303_cell_106.png,1,control,0.021725589409470558,0.23833437263965607,4.710479481139527
malaria,Parasitized/C182P143NThinF_IMG_20151201_172759_cell_41.png,0,control,0.02572188712656498,0.25773367285728455,5.121007259203547
malaria,Parasitized/C168P129ThinF_IMG_20151118_155802_cell_150.png,0,control,0.0322955846786499,0.31752172112464905,4.564257424574736
malaria,Parasitized/C99P60ThinF_IMG_20150918_141620_cell_52.png,0,control,0.030325153842568398,0.27163466811180115,5.091465166026944
malaria,Uninfected/C86P47ThinF_IMG_20150820_125057_cell_46.png,1,control,0.040144819766283035,0.3300398290157318,4.1124346027749725
malaria,Uninfected/C104P65ThinF_IMG_20150918_172639_cell_95.png,1,control,0.032656390219926834,0.2942635715007782,4.4732145615619885
malaria,Parasitized/C99P60ThinF_IMG_20150918_140900_cell_106.png,0,control,0.0292805302888155,0.25502175092697144,5.272041683292491
malaria,Uninfected/C74P35_ThinF_IMG_20150815_114555_cell_30.png,1,control,0.03477037698030472,0.286215215921402,3.9271067944945943
malaria,Uninfected/C225ThinF_IMG_20151112_113803_cell_66.png,1,control,0.03015488013625145,0.29707324504852295,4.1828410407809224
malaria,Uninfected/C187P148NThinF_IMG_20151203_153036_cell_5.png,1,control,0.03128201887011528,0.31170395016670227,4.150725988598999
malaria,Parasitized/C175P136NThinF_IMG_20151127_142009_cell_233.png,0,control,0.03260423615574837,0.2952912449836731,4.4641392662560015
malaria,Parasitized/C184P145ThinF_IMG_20151203_102405_cell_175.png,0,control,0.028011372312903404,0.2532917559146881,5.06567091357916
malaria,Uninfected/C127P88ThinF_IMG_20151004_111436_cell_98.png,1,control,0.029892487451434135,0.2849299907684326,4.398210122217675
malaria,Parasitized/C119P80ThinF_IMG_20151002_123043_cell_156.png,0,control,0.027825994417071342,0.2503991723060608,5.985908763161432
malaria,Parasitized/C131P92ThinF_IMG_20151004_145410_cell_133.png,0,control,0.02844087965786457,0.2724991738796234,4.944530010972124
malaria,Parasitized/C180P141NThinF_IMG_20151201_165528_cell_154.png,0,control,0.033242836594581604,0.2947416603565216,4.459150824261421
malaria,Uninfected/C218ThinF_IMG_20151106_144001_cell_38.png,1,control,0.028152992948889732,0.2731959819793701,4.578142151057715
malaria,Uninfected/C168P129ThinF_IMG_20151118_154651_cell_88.png,1,control,0.03154442831873894,0.3392888903617859,4.157665944322683
malaria,Parasitized/C99P60ThinF_IMG_20150918_142334_cell_13.png,0,control,0.030484775081276894,0.2865728735923767,4.804927977433424
malaria,Uninfected/C1_thinF_IMG_20150604_105100_cell_134.png,1,control,0.030041303485631943,0.30255624651908875,4.801093475779061
malaria,Parasitized/C89P50ThinF_IMG_20150820_162153_cell_196.png,0,control,0.035434234887361526,0.3145938515663147,4.584822623269885
malaria,Parasitized/C113P74ThinF_IMG_20150930_134429_cell_183.png,0,control,0.023317700251936913,0.3072023391723633,4.667165257523891
malaria,Uninfected/C177P138NThinF_IMG_20151201_143546_cell_42.png,1,control,0.029089059680700302,0.3343898057937622,3.9933801798636845
malaria,Parasitized/C132P93ThinF_IMG_20151004_152808_cell_5.png,0,control,0.029558628797531128,0.2667466402053833,4.734875877898263
malaria,Parasitized/C39P4thinF_original_IMG_20150622_114609_cell_20.png,0,control,0.025426169857382774,0.2999320328235626,5.316068659408929
malaria,Parasitized/C59P20thinF_IMG_20150803_112802_cell_160.png,0,control,0.02539590746164322,0.2839115858078003,4.70889518532783
malaria,Uninfected/C163P124ThinF_IMG_20151116_110921_cell_147.png,1,control,0.026980523020029068,0.27876636385917664,4.528591720953893
malaria,Parasitized/C183P144NThinF_IMG_20151201_223431_cell_102.png,0,control,0.028976568952202797,0.2856449782848358,5.208714150154429
malaria,Parasitized/C148P109ThinF_IMG_20151115_112333_cell_242.png,0,control,0.024281557649374008,0.25593045353889465,5.068290755137392
malaria,Parasitized/C116P77ThinF_IMG_20150930_171954_cell_89.png,0,control,0.022582855075597763,0.24631477892398834,4.835665882746446
malaria,Parasitized/C99P60ThinF_IMG_20150918_141314_cell_133.png,0,control,0.030535493046045303,0.2971627116203308,4.6884582456983255
malaria,Uninfected/C86P47ThinF_IMG_20150820_123717_cell_213.png,1,control,0.03164493292570114,0.2935144305229187,4.4573700155468385
malaria,Uninfected/C146P107ThinF_IMG_20151018_140439_cell_63.png,1,control,0.02267216332256794,0.27626368403434753,4.665601156021605
malaria,Uninfected/C93P54ThinF_IMG_20150821_162901_cell_89.png,1,control,0.03281935676932335,0.3074438273906708,4.035150354119653
malaria,Uninfected/C45P6ThinF_IMG_20151130_160241_cell_114.png,1,control,0.03853272274136543,0.290723592042923,4.420236371739721
malaria,Parasitized/C179P140ThinF_IMG_20151127_153420_cell_176.png,0,control,0.029841534793376923,0.28588321805000305,4.835976771295802
malaria,Parasitized/C127P88ThinF_IMG_20151004_111755_cell_117.png,0,control,0.03209288418292999,0.30620869994163513,4.357871700405899
malaria,Parasitized/C136P97ThinF_IMG_20151005_141552_cell_5.png,0,control,0.02414301410317421,0.25729677081108093,4.4735779673956415
malaria,Parasitized/C128P89ThinF_IMG_20151004_131129_cell_158.png,0,control,0.030262164771556854,0.29441606998443604,4.129214365843548
malaria,Uninfected/C132P93ThinF_IMG_20151004_151811_cell_14.png,1,control,0.025756318122148514,0.26134613156318665,4.611126597479704
malaria,Parasitized/C136P97ThinF_IMG_20151005_140538_cell_92.png,0,control,0.022312035784125328,0.26181545853614807,4.998961798495191
malaria,Parasitized/C184P145ThinF_IMG_20151203_104153_cell_180.png,0,control,0.03210475668311119,0.2511923611164093,5.280019585372526
malaria,Uninfected/C60P21thinF_IMG_20150804_113602_cell_81.png,1,control,0.028638191521167755,0.31114885210990906,4.193495694790062
malaria,Uninfected/C64P25N_ThinF_IMG_20150818_153517_cell_122.png,1,control,0.030755944550037384,0.3048698902130127,4.60696884740535
malaria,Uninfected/C209ThinF_IMG_20151029_160857_cell_105.png,1,control,0.0263466015458107,0.2682005763053894,4.6274487942497835
malaria,Parasitized/C136P97ThinF_IMG_20151005_143743_cell_109.png,0,control,0.027047328650951385,0.2753622233867645,4.622692314360179
malaria,Uninfected/C60P21thinF_IMG_20150803_144003_cell_29.png,1,control,0.029625210911035538,0.3250066637992859,4.069226931954295
malaria,Uninfected/C134P95ThinF_IMG_20151005_122331_cell_26.png,1,control,0.03057318553328514,0.2888101637363434,3.9168157650796553
malaria,Parasitized/C93P54ThinF_IMG_20150821_162641_cell_217.png,0,control,0.027585556730628014,0.28561484813690186,4.858180996491391
malaria,Parasitized/C180P141NThinF_IMG_20151201_170110_cell_19.png,0,control,0.037858255207538605,0.2917332947254181,4.34741920019126
malaria,Uninfected/C47P8thinOriginalOlympusCX21_IMG_20150717_174750_cell_141.png,1,control,0.027285577729344368,0.27327942848205566,4.839847290052928
malaria,Uninfected/C84P45ThinF_IMG_20150818_101146_cell_8.png,1,control,0.02713853120803833,0.28574857115745544,5.241344356105389
malaria,Parasitized/C68P29N_ThinF_IMG_20150819_134112_cell_144.png,0,control,0.03138183802366257,0.2983662188053131,4.774609435283686
malaria,Parasitized/C39P4thinF_original_IMG_20150622_114804_cell_1.png,0,control,0.024458331987261772,0.25966376066207886,5.392024277304707
malaria,Parasitized/C130P91ThinF_IMG_20151004_135449_cell_133.png,0,control,0.02928631193935871,0.30892133712768555,4.228595823747289
malaria,Uninfected/C93P54ThinF_IMG_20150821_164024_cell_95.png,1,control,0.038455430418252945,0.3325576186180115,3.718226646795268
malaria,Uninfected/C184P145ThinF_IMG_20151203_102405_cell_9.png,1,control,0.031868088990449905,0.26697883009910583,4.775766644850113
malaria,Uninfected/C177P138NThinF_IMG_20151201_143025_cell_1.png,1,control,0.027137378230690956,0.2932506501674652,4.587877344769036
malaria,Parasitized/C120P81ThinF_IMG_20151002_131120_cell_184.png,0,control,0.03225551173090935,0.3076237440109253,4.551552117263211
malaria,Uninfected/C66P27N_ThinF_IMG_20150818_164754_cell_85.png,1,control,0.0326833613216877,0.297694593667984,4.318499944901619
malaria,Parasitized/C68P29N_ThinF_IMG_20150819_133236_cell_200.png,0,control,0.030321193858981133,0.2930854558944702,5.12137459159245
malaria,Uninfected/C166P127ThinF_IMG_20151117_193931_cell_153.png,1,control,0.025638172402977943,0.25783511996269226,5.418412900786959
malaria,Parasitized/C164P125ThinF_IMG_20151116_120135_cell_141.png,0,control,0.024027179926633835,0.24737554788589478,5.143948387173288
malaria,Parasitized/C39P4thinF_original_IMG_20150622_113842_cell_24.png,0,control,0.0288593377918005,0.27888908982276917,4.802956057422232
malaria,Uninfected/C201ThinF_IMG_20150930_143129_cell_118.png,1,control,0.02327979914844036,0.2618910074234009,4.035028688009303
malaria,Uninfected/C118P79ThinF_IMG_20151002_105018_cell_70.png,1,control,0.02594200149178505,0.2848791182041168,3.999279604131416
malaria,Parasitized/C99P60ThinF_IMG_20150918_141520_cell_89.png,0,control,0.028518669307231903,0.27766555547714233,5.093893083718525
malaria,Parasitized/C99P60ThinF_IMG_20150918_141620_cell_7.png,0,control,0.028796451166272163,0.288369745016098,4.585236728132022
malaria,Parasitized/C128P89ThinF_IMG_20151004_130810_cell_162.png,0,control,0.0275388415902853,0.2789205014705658,4.688857916415047
malaria,Parasitized/C130P91ThinF_IMG_20151004_135449_cell_128.png,0,control,0.03723535314202309,0.31137144565582275,4.702584195713158
malaria,Uninfected/C78P39ThinF_IMG_20150606_104106_cell_68.png,1,control,0.025724776089191437,0.2717215418815613,5.227695244484058
malaria,Uninfected/C93P54ThinF_IMG_20150821_164024_cell_53.png,1,control,0.03568148985505104,0.3160548806190491,4.145347167683924
malaria,Uninfected/C135P96ThinF_IMG_20151005_124444_cell_60.png,1,control,0.030533667653799057,0.29139161109924316,4.205128412480655
malaria,Uninfected/C63P24N_ThinF_IMG_20150818_143423_cell_35.png,1,control,0.029262619093060493,0.2955574691295624,5.054208412069928
malaria,Uninfected/C127P88ThinF_IMG_20151004_111651_cell_99.png,1,control,0.024409456178545952,0.24138759076595306,4.443055622656869
malaria,Uninfected/C158P119ThinF_IMG_20151115_181035_cell_123.png,1,control,0.02623029053211212,0.27735957503318787,5.6380452805627135
malaria,Parasitized/C175P136NThinF_IMG_20151127_141428_cell_224.png,0,control,0.036468833684921265,0.2932765483856201,4.413359775987941
malaria,Uninfected/C128P89ThinF_IMG_20151004_130549_cell_50.png,1,control,0.030763527378439903,0.30053550004959106,4.094512173101524
malaria,Uninfected/C163P124ThinF_IMG_20151116_111147_cell_102.png,1,control,0.03162655979394913,0.2624519169330597,4.46089339910067
malaria,Parasitized/C59P20thinF_IMG_20150803_113139_cell_31.png,0,control,0.03596868738532066,0.26823651790618896,5.0718016252327525
malaria,Parasitized/C172P133ThinF_IMG_20151119_155343_cell_283.png,0,control,0.03488076850771904,0.32550132274627686,4.757882205690786
malaria,Uninfected/C222ThinF_IMG_20151115_151015_cell_30.png,1,control,0.026997946202754974,0.26048675179481506,4.8637023368775925
malaria,Parasitized/C45P6ThinF_IMG_20151130_154725_cell_168.png,0,control,0.03111938014626503,0.2711215913295746,5.2063838584685715
malaria,Uninfected/C7NthinF_IMG_20150611_104609_cell_160.png,1,control,0.018381621688604355,0.21927744150161743,5.253067194591446
malaria,Uninfected/C97P58ThinF_IMG_20150917_150838_cell_82.png,1,control,0.021696262061595917,0.2632022202014923,4.3467544205237845
malaria,Uninfected/C108P69ThinF_IMG_20150924_224038_cell_85.png,1,control,0.0371631383895874,0.30291521549224854,4.264376919091821
malaria,Uninfected/C84P45ThinF_IMG_20150818_101257_cell_4.png,1,control,0.01883978582918644,0.23887555301189423,5.3070971761674315
malaria,Uninfected/C1_thinF_IMG_20150604_104942_cell_168.png,1,control,0.02982332557439804,0.27429887652397156,4.9713713344253305
malaria,Uninfected/C212ThinF_IMG_20151106_105941_cell_260.png,1,control,0.032829731702804565,0.31779927015304565,4.36677923936705
malaria,Uninfected/C96P57ThinF_IMG_20150824_105213_cell_76.png,1,control,0.030244920402765274,0.2977341115474701,4.047140123170691
malaria,Parasitized/C101P62ThinF_IMG_20150918_151507_cell_62.png,0,control,0.02680317498743534,0.2932136356830597,4.279068055672072
malaria,Parasitized/C84P45ThinF_IMG_20150818_101146_cell_88.png,0,control,0.021749092265963554,0.2516142427921295,5.460797130721886
malaria,Uninfected/C125P86ThinF_IMG_20151004_101929_cell_83.png,1,control,0.026552671566605568,0.26588520407676697,4.553916177819752
malaria,Parasitized/C116P77ThinF_IMG_20150930_171809_cell_62.png,0,control,0.019285038113594055,0.23724056780338287,4.374259040960269
malaria,Uninfected/C85P46ThinF_IMG_20150820_110143_cell_159.png,1,control,0.033584997057914734,0.3120293915271759,4.162947245645327
malaria,Uninfected/C106P67ThinF_IMG_20150924_104044_cell_49.png,1,control,0.025647291913628578,0.26987650990486145,4.245755617940972
malaria,Parasitized/C130P91ThinF_IMG_20151004_141504_cell_148.png,0,control,0.033856067806482315,0.2864140570163727,4.754426732387653
malaria,Parasitized/C39P4thinF_original_IMG_20150622_111206_cell_107.png,0,control,0.02986089698970318,0.2752923369407654,5.085209655607734
malaria,Uninfected/C106P67ThinF_IMG_20150924_102413_cell_129.png,1,control,0.03277440741658211,0.30636823177337646,4.220315224404401
malaria,Uninfected/C204ThinF_IMG_20151029_112231_cell_60.png,1,control,0.030259493738412857,0.30619239807128906,4.468842307208356
malaria,Uninfected/C94P55ThinF_IMG_20150821_165519_cell_55.png,1,control,0.029914386570453644,0.31724050641059875,4.360968240842859
malaria,Uninfected/C216ThinF_IMG_20151106_135228_cell_32.png,1,control,0.030046263709664345,0.29549694061279297,4.238076719449932
malaria,Parasitized/C175P136NThinF_IMG_20151127_141325_cell_226.png,0,control,0.032140396535396576,0.2803449332714081,4.688824371273269
malaria,Uninfected/C202ThinF_IMG_20151015_152200_cell_23.png,1,control,0.03183161839842796,0.27633821964263916,4.670577994979315
malaria,Uninfected/C128P89ThinF_IMG_20151004_130408_cell_13.png,1,control,0.03329307585954666,0.2829870581626892,4.53408982185069
malaria,Uninfected/C178P139NThinF_IMG_20151201_154524_cell_46.png,1,control,0.023107843473553658,0.2520400583744049,4.897184241285741
malaria,Uninfected/C121P82ThinF_IMG_20151002_133540_cell_14.png,1,control,0.028381632640957832,0.30787181854248047,4.413333962559727
malaria,Uninfected/C127P88ThinF_IMG_20151004_112126_cell_105.png,1,control,0.02900347113609314,0.27485886216163635,4.631601993035996
malaria,Uninfected/C60P21thinF_IMG_20150803_144003_cell_87.png,1,control,0.0336843803524971,0.2937617897987366,4.842817528142447
malaria,Uninfected/C54P15thinF_IMG_20150728_112832_cell_171.png,1,control,0.025477856397628784,0.2673304080963135,5.027018397664667
malaria,Parasitized/C68P29N_ThinF_IMG_20150819_134326_cell_139.png,0,control,0.029433293268084526,0.29436948895454407,4.45213088954981
malaria,Uninfected/C166P127ThinF_IMG_20151117_195030_cell_41.png,1,control,0.027270250022411346,0.2867090404033661,4.47159244216566
malaria,Parasitized/C154P115ThinF_IMG_20151115_141543_cell_218.png,0,control,0.026959441602230072,0.2589878439903259,4.90523510884387
malaria,Uninfected/C231ThinF_IMG_20151112_153359_cell_149.png,1,control,0.027516480535268784,0.28451329469680786,3.96715719255225
malaria,Uninfected/C180P141NThinF_IMG_20151201_164714_cell_47.png,1,control,0.036357298493385315,0.30966854095458984,3.9723877503708835
malaria,Parasitized/C118P79ThinF_IMG_20151002_105125_cell_147.png,0,control,0.03233818709850311,0.27336299419403076,4.453290454558072
malaria,Uninfected/C162P123ThinF_IMG_20151116_105019_cell_120.png,1,control,0.030023925006389618,0.2945394217967987,4.2079759324986545
malaria,Parasitized/C132P93ThinF_IMG_20151004_152353_cell_144.png,0,control,0.023536188527941704,0.24448007345199585,5.041953226685817
malaria,Parasitized/C137P98ThinF_IMG_20151005_161306_cell_16.png,0,control,0.02493676356971264,0.2693624198436737,4.661624710539361
malaria,Uninfected/C121P82ThinF_IMG_20151002_134953_cell_37.png,1,control,0.02627945877611637,0.2815040946006775,4.153634212141292
malaria,Parasitized/C182P143NThinF_IMG_20151201_172216_cell_173.png,0,control,0.02746443822979927,0.26845598220825195,4.758819573879555
malaria,Uninfected/C92P53ThinF_IMG_20150821_150457_cell_111.png,1,control,0.033896803855895996,0.30271902680397034,5.191334325012357
malaria,Uninfected/C3thin_original_IMG_20150608_163047_cell_215.png,1,control,0.029705192893743515,0.2758667469024658,4.933017296041705
malaria,Uninfected/C145P106ThinF_IMG_20151016_155051_cell_135.png,1,control,0.025127403438091278,0.2574167549610138,4.900147940880149
malaria,Uninfected/C203ThinF_IMG_20151029_105443_cell_74.png,1,control,0.033224452286958694,0.30517226457595825,4.385810828524031
malaria,Uninfected/C79P40ThinF_IMG_20150817_103303_cell_88.png,1,control,0.021382994949817657,0.26901134848594666,4.868744708141583
malaria,Uninfected/C66P27N_ThinF_IMG_20150818_164008_cell_99.png,1,control,0.026867708191275597,0.27830976247787476,4.091418045683661
malaria,Uninfected/C123P84ThinF_IMG_20151002_151432_cell_70.png,1,control,0.026187358424067497,0.28177759051322937,3.840248932170097
malaria,Uninfected/C78P39ThinF_IMG_20150606_103413_cell_24.png,1,control,0.025262149050831795,0.27163100242614746,4.76718025158944
malaria,Uninfected/C107P68ThinF_IMG_20150924_222630_cell_123.png,1,control,0.03010861761868,0.3065665662288666,4.0053306255982095
malaria,Uninfected/C162P123ThinF_IMG_20151116_102655_cell_87.png,1,control,0.028358416631817818,0.26966923475265503,4.677551992541668
malaria,Parasitized/C184P145ThinF_IMG_20151203_104030_cell_7.png,0,control,0.027531392872333527,0.26309409737586975,4.893183933415446
malaria,Uninfected/C228ThinF_IMG_20151112_142730_cell_7.png,1,control,0.03228100761771202,0.28086990118026733,4.116332460184517
malaria,Parasitized/C184P145ThinF_IMG_20151203_103824_cell_119.png,0,control,0.033480092883110046,0.25770071148872375,5.027473355906386
malaria,Uninfected/C4thin_original_IMG_20150608_170038_cell_65.png,1,control,0.0299164317548275,0.28942808508872986,4.629546437335861
malaria,Parasitized/C184P145ThinF_IMG_20151203_103824_cell_146.png,0,control,0.031133731827139854,0.2575993835926056,5.305449950457792
malaria,Parasitized/C168P129ThinF_IMG_20151118_161940_cell_159.png,0,control,0.035414110869169235,0.32101893424987793,4.338335770102204
malaria,Parasitized/C123P84ThinF_IMG_20151002_150931_cell_206.png,0,control,0.02610773593187332,0.2575969398021698,4.486013671008765
malaria,Parasitized/C39P4thinF_original_IMG_20150622_114609_cell_11.png,0,control,0.022979361936450005,0.27338555455207825,5.182514697302195
malaria,Uninfected/C189P150ThinF_IMG_20151203_141406_cell_83.png,1,control,0.022743625566363335,0.26641878485679626,4.570670423238373
malaria,Uninfected/C91P52ThinF_IMG_20150821_124937_cell_72.png,1,control,0.038444120436906815,0.33907416462898254,4.356104509614951
malaria,Uninfected/C126P87ThinF_IMG_20151004_105342_cell_102.png,1,control,0.01901855319738388,0.23521816730499268,4.502893105316486
malaria,Parasitized/C51AP12thinF_IMG_20150724_155947_cell_93.png,0,control,0.030226316303014755,0.28411582112312317,5.037075732254034
malaria,Uninfected/C148P109ThinF_IMG_20151115_112538_cell_53.png,1,control,0.026139842346310616,0.2645922899246216,4.763369180840325
malaria,Uninfected/C101P62ThinF_IMG_20150923_170246_cell_30.png,1,control,0.02873956225812435,0.3000296950340271,3.709313833868951
malaria,Parasitized/C149P110ThinF_IMG_20151115_114729_cell_271.png,0,control,0.0327092669904232,0.2550032138824463,5.257963984693078
malaria,Uninfected/C50P11thinF_IMG_20150724_115749_cell_4.png,1,control,0.025093896314501762,0.2642519772052765,4.789986980365821
malaria,Uninfected/C94P55ThinF_IMG_20150821_170403_cell_29.png,1,control,0.029955174773931503,0.32599255442619324,4.21498666445761
malaria,Uninfected/C45P6ThinF_IMG_20151130_155011_cell_3.png,1,control,0.031924761831760406,0.2897645831108093,4.580741977106948
malaria,Uninfected/C101P62ThinF_IMG_20150918_151942_cell_28.png,1,control,0.026920536532998085,0.30073118209838867,4.177936103998777
malaria,Parasitized/C184P145ThinF_IMG_20151203_103637_cell_176.png,0,control,0.032361384481191635,0.242391899228096,5.332472364065643
malaria,Uninfected/C87P48ThinF_IMG_20150820_141913_cell_69.png,1,control,0.020683301612734795,0.24970895051956177,4.1669895395505305
malaria,Parasitized/C39P4thinF_original_IMG_20150622_111942_cell_12.png,0,control,0.02778310328722,0.2833363711833954,4.546017074387124
malaria,Parasitized/C101P62ThinF_IMG_20150918_151942_cell_85.png,0,control,0.04195208102464676,0.31417304277420044,4.668236203216225
malaria,Uninfected/C214ThinF_IMG_20151106_115440_cell_61.png,1,control,0.025754166767001152,0.26421961188316345,4.4756839635212335
malaria,Uninfected/C172P133ThinF_IMG_20151119_155019_cell_169.png,1,control,0.033326491713523865,0.311122864484787,4.11561423112232
malaria,Uninfected/C84P45ThinF_IMG_20150818_102654_cell_42.png,1,control,0.02146664261817932,0.24717338383197784,4.98443334864634
malaria,Parasitized/C99P60ThinF_IMG_20150918_141129_cell_142.png,0,control,0.03327072411775589,0.26925405859947205,5.082184915810284
malaria,Parasitized/C99P60ThinF_IMG_20150918_141001_cell_146.png,0,control,0.028441177681088448,0.2480996996164322,5.291773878017128
malaria,Parasitized/C39P4thinF_original_IMG_20150622_113842_cell_29.png,0,control,0.028922293335199356,0.28519925475120544,5.2558761027307295
malaria,Parasitized/C80P41ThinF_IMG_20150817_111544_cell_140.png,0,control,0.03515595570206642,0.29317352175712585,4.876697476229413
malaria,Parasitized/C80P41ThinF_IMG_20150817_111943_cell_17.png,0,control,0.02148556336760521,0.24540455639362335,5.223109181410292
malaria,Parasitized/C66P27N_ThinF_IMG_20150818_164754_cell_201.png,0,control,0.030665747821331024,0.2809988856315613,4.437158573878905
malaria,Parasitized/C97P58ThinF_IMG_20150917_151320_cell_146.png,0,control,0.030751457437872887,0.2943331003189087,4.335937234733007
malaria,Parasitized/C120P81ThinF_IMG_20151002_125443_cell_136.png,0,control,0.029156766831874847,0.29453757405281067,4.569088344515232
malaria,Parasitized/C70P31_ThinF_IMG_20150813_130332_cell_99.png,0,control,0.01810084469616413,0.24043112993240356,4.642015777916207
malaria,Uninfected/C46P7ThinF_IMG_20151130_205719_cell_58.png,1,control,0.029406338930130005,0.2766226828098297,4.734540093577432
malaria,Parasitized/C116P77ThinF_IMG_20150930_171844_cell_105.png,0,control,0.03177637979388237,0.24014443159103394,5.652787519030573
malaria,Parasitized/C136P97ThinF_IMG_20151005_140538_cell_98.png,0,control,0.024878114461898804,0.27906182408332825,4.451031953890195
malaria,Uninfected/C218ThinF_IMG_20151106_144337_cell_52.png,1,control,0.028736809268593788,0.2804689407348633,4.33579873391532
malaria,Uninfected/C73P34_ThinF_IMG_20150815_111114_cell_97.png,1,control,0.028415216132998466,0.2876456677913666,4.738432408570951
malaria,Uninfected/C148P109ThinF_IMG_20151115_112538_cell_101.png,1,control,0.024278057739138603,0.2381639927625656,4.91955664952554
malaria,Uninfected/C176P137NThinF_IMG_20151201_121808_cell_35.png,1,control,0.028246011584997177,0.3087789714336395,3.957427313797922
malaria,Uninfected/C75P36_ThinF_IMG_20150815_163707_cell_103.png,1,control,0.026829443871974945,0.30262595415115356,4.519351058361164
malaria,Parasitized/C184P145ThinF_IMG_20151203_104153_cell_143.png,0,control,0.026789581403136253,0.24218134582042694,5.4852308987104195
malaria,Uninfected/C107P68ThinF_IMG_20150924_221909_cell_41.png,1,control,0.031883299350738525,0.29153215885162354,4.13504859095767
malaria,Uninfected/C156P117ThinF_IMG_20151115_154313_cell_49.png,1,control,0.033516936004161835,0.2911202311515808,4.245870307436974
malaria,Parasitized/C183P144NThinF_IMG_20151201_223431_cell_99.png,0,control,0.02968589775264263,0.2903222143650055,5.113415284181042
malaria,Parasitized/C129P90ThinF_IMG_20151004_133538_cell_105.png,0,control,0.03643883019685745,0.29257285594940186,4.216194670125218
malaria,Parasitized/C132P93ThinF_IMG_20151004_152642_cell_54.png,0,control,0.026576058939099312,0.24591326713562012,5.084939746788023
malaria,Parasitized/C59P20thinF_IMG_20150803_113809_cell_45.png,0,control,0.026255156844854355,0.2510637044906616,4.779699160557292
malaria,Parasitized/C132P93ThinF_IMG_20151004_152045_cell_162.png,0,control,0.02731933631002903,0.26246246695518494,4.498630605806394
malaria,Parasitized/C101P62ThinF_IMG_20150923_165215_cell_3.png,0,control,0.027209894731640816,0.2903347313404083,4.5204033102722665
malaria,Parasitized/C132P93ThinF_IMG_20151004_153030_cell_9.png,0,control,0.027171548455953598,0.2576075792312622,4.809739206643373
malaria,Uninfected/C236ThinF_IMG_20151127_102516_cell_33.png,1,control,0.02710038051009178,0.27377957105636597,4.122254013471541
malaria,Uninfected/C42P5thin_original_IMG_20150623_134919_cell_74.png,1,control,0.030144883319735527,0.3001345694065094,4.03085385867534
malaria,Parasitized/C70P31_ThinF_IMG_20150819_142744_cell_93.png,0,control,0.02030109241604805,0.24450726807117462,5.041695108339188
malaria,Uninfected/C220ThinF_IMG_20151106_154510_cell_90.png,1,control,0.030248714610934258,0.29145947098731995,4.229383087033569
malaria,Uninfected/C233ThinF_IMG_20151112_161119_cell_140.png,1,control,0.03337392583489418,0.32637083530426025,4.453890320479948
malaria,Uninfected/C133P94ThinF_IMG_20151004_155331_cell_65.png,1,control,0.03204343840479851,0.2643865644931793,4.340763788467003
malaria,Parasitized/C117P78ThinF_IMG_20150930_214941_cell_78.png,0,control,0.027736514806747437,0.2777166962623596,4.274712036859086
malaria,Uninfected/C72P33_ThinF_IMG_20150815_104843_cell_194.png,1,control,0.025456629693508148,0.27358025312423706,4.830967025003091
malaria,Uninfected/C61P22N_ThinF_IMG_20150818_112518_cell_143.png,1,control,0.021463079378008842,0.24898028373718262,4.320392799766096
malaria,Parasitized/C116P77ThinF_IMG_20150930_172112_cell_88.png,0,control,0.024063510820269585,0.24402526021003723,5.126639620549642
malaria,Parasitized/C69P30N_ThinF_IMG_20150819_135421_cell_214.png,0,control,0.03220234811306,0.32855790853500366,4.3240668643992795
malaria,Uninfected/C232ThinF_IMG_20151112_154345_cell_184.png,1,control,0.038759857416152954,0.3138650059700012,4.579921345905866
malaria,Parasitized/C137P98ThinF_IMG_20151005_163218_cell_73.png,0,control,0.026468008756637573,0.27833250164985657,4.93096658126886
malaria,Uninfected/C73P34_ThinF_IMG_20150815_112246_cell_73.png,1,control,0.02694523334503174,0.2629838287830353,5.018221051101255
malaria,Uninfected/C37BP2_thinF_IMG_20150620_131423a_cell_16.png,1,control,0.037265047430992126,0.2919470965862274,5.041780494525699
malaria,Parasitized/C113P74ThinF_IMG_20150930_140646_cell_186.png,0,control,0.029732611030340195,0.29504629969596863,4.78567641330657
malaria,Uninfected/C134P95ThinF_IMG_20151005_121343_cell_119.png,1,control,0.03031134232878685,0.27335023880004883,4.376654952207993
malaria,Uninfected/C97P58ThinF_IMG_20150917_145555_cell_12.png,1,control,0.02659839205443859,0.27880358695983887,4.27705071280138
malaria,Uninfected/C118P79ThinF_IMG_20151002_105827_cell_60.png,1,control,0.0278792604804039,0.297444224357605,4.082328474516007
malaria,Parasitized/C129P90ThinF_IMG_20151004_134306_cell_137.png,0,control,0.03210248053073883,0.2857978343963623,4.686447148522521
malaria,Parasitized/C60P21thinF_IMG_20150804_105034_cell_118.png,0,control,0.02701013907790184,0.32240891456604004,4.392172597174132
malaria,Uninfected/C150P111ThinF_IMG_20151115_115922_cell_166.png,1,control,0.031165344640612602,0.25161322951316833,5.3422828901891
malaria,Uninfected/C79P40ThinF_IMG_20150817_104745_cell_37.png,1,control,0.022418618202209473,0.2748730778694153,5.195989760382586
malaria,Uninfected/C179P140ThinF_IMG_20151127_153852_cell_86.png,1,control,0.02746499329805374,0.28685569763183594,4.243086047820945
malaria,Uninfected/C145P106ThinF_IMG_20151016_155121_cell_85.png,1,control,0.025803375989198685,0.25429731607437134,4.785542621856991
malaria,Uninfected/C235ThinF_IMG_20151112_164723_cell_273.png,1,control,0.028257587924599648,0.2825433313846588,4.225885442185299
malaria,Uninfected/C232ThinF_IMG_20151112_154251_cell_256.png,1,control,0.028015686199069023,0.28250014781951904,4.190609560273122
malaria,Parasitized/C99P60ThinF_IMG_20150918_141314_cell_119.png,0,control,0.025521768257021904,0.2755003869533539,5.1129819183106395
malaria,Parasitized/C70P31_ThinF_IMG_20150819_141730_cell_96.png,0,control,0.02009488455951214,0.2436876744031906,5.148906257874638
malaria,Parasitized/C84P45ThinF_IMG_20150818_104156_cell_125.png,0,control,0.023765526711940765,0.27249497175216675,4.790753169146434
malaria,Parasitized/C189P150ThinF_IMG_20151203_141110_cell_77.png,0,control,0.02614559978246689,0.26554229855537415,4.8493191893145315
malaria,Parasitized/C87P48ThinF_IMG_20150820_132642_cell_173.png,0,control,0.03274809941649437,0.2908230423927307,5.089810152433539
malaria,Uninfected/C99P60ThinF_IMG_20150918_141314_cell_65.png,1,control,0.029821237549185753,0.29047441482543945,4.969878603224275
malaria,Parasitized/C120P81ThinF_IMG_20151002_130715_cell_185.png,0,control,0.033525291830301285,0.3005462884902954,4.755226364638248
malaria,Uninfected/C228ThinF_IMG_20151112_142900_cell_30.png,1,control,0.0293499156832695,0.2835507094860077,4.0777485978344306
malaria,Uninfected/C211ThinF_IMG_20151029_163959_cell_42.png,1,control,0.030690405517816544,0.28061094880104065,4.051332048890745
malaria,Uninfected/C119P80ThinF_IMG_20151002_123911_cell_40.png,1,control,0.028044143691658974,0.2992921471595764,3.3706696298361463
malaria,Uninfected/C42P5thin_original_IMG_20150623_134919_cell_19.png,1,control,0.03037833422422409,0.32159072160720825,3.9602434493267205
malaria,Uninfected/C131P92ThinF_IMG_20151004_145302_cell_55.png,1,control,0.027840567752718925,0.2967655062675476,4.469007720508315
malaria,Uninfected/C226ThinF_IMG_20151112_131255_cell_141.png,1,control,0.037334639579057693,0.29024621844291687,3.7836081271033146
malaria,Parasitized/C189P150ThinF_IMG_20151203_141110_cell_78.png,0,control,0.02176753245294094,0.238098606467247,4.972399956834012
malaria,Uninfected/C216ThinF_IMG_20151106_135653_cell_199.png,1,control,0.030770083889365196,0.29563143849372864,4.317893474121448
malaria,Parasitized/C134P95ThinF_IMG_20151005_122552_cell_120.png,0,control,0.027816586196422577,0.25717830657958984,4.309421634933996
malaria,Parasitized/C136P97ThinF_IMG_20151005_140538_cell_103.png,0,control,0.025591738522052765,0.28218600153923035,4.476008563165078
malaria,Parasitized/C180P141NThinF_IMG_20151201_165659_cell_18.png,0,control,0.03217942267656326,0.32781022787094116,3.868555986236016
malaria,Parasitized/C180P141NThinF_IMG_20151201_164714_cell_191.png,0,control,0.027627283707261086,0.298446387052536,4.245001670846863
malaria,Uninfected/C54P15thinF_IMG_20150728_105949_cell_23.png,1,control,0.02818905934691429,0.27701446413993835,4.479318678498403
malaria,Parasitized/C179P140ThinF_IMG_20151127_153436_cell_171.png,0,control,0.02760174125432968,0.2959909737110138,4.4885768248328635
malaria,Parasitized/C182P143NThinF_IMG_20151201_171950_cell_204.png,0,control,0.025699296966195107,0.26402392983436584,5.013075152057336
malaria,Parasitized/C184P145ThinF_IMG_20151203_104153_cell_128.png,0,control,0.031990185379981995,0.2493017315864563,5.048511810314563
malaria,Parasitized/C183P144NThinF_IMG_20151201_224107_cell_120.png,0,control,0.029920468106865883,0.2767619490623474,5.028816148295211
malaria,Uninfected/C210ThinF_IMG_20151029_162439_cell_32.png,1,control,0.029630253091454506,0.294638991355896,4.204648240211022
malaria,Uninfected/C122P83ThinF_IMG_20151002_150207_cell_130.png,1,control,0.023886607959866524,0.2624591290950775,4.679818127627747
malaria,Parasitized/C137P98ThinF_IMG_20151005_161306_cell_9.png,0,control,0.024453068152070045,0.2421388328075409,4.922470281164977
malaria,Uninfected/C82P43ThinF_IMG_20150817_123652_cell_156.png,1,control,0.02910742536187172,0.2967604398727417,4.501355534188474
malaria,Uninfected/C49P10thinF_IMG_20150724_103233_cell_41.png,1,control,0.023606333881616592,0.27295538783073425,4.731988083747867
malaria,Parasitized/C80P41ThinF_IMG_20150817_112329_cell_15.png,0,control,0.030384501442313194,0.2770582139492035,4.8104146813764945
malaria,Parasitized/C180P141NThinF_IMG_20151201_165659_cell_30.png,0,control,0.030704054981470108,0.30975332856178284,4.3766495823909315
malaria,Parasitized/C51AP12thinF_IMG_20150724_162636_cell_93.png,0,control,0.025262581184506416,0.2761951982975006,4.657110160603117
malaria,Uninfected/C156P117ThinF_IMG_20151115_154022_cell_269.png,1,control,0.035657018423080444,0.29491475224494934,5.097542073629408
malaria,Parasitized/C124P85ThinF_IMG_20151002_155026_cell_174.png,0,control,0.03133874759078026,0.30229485034942627,4.2294609222394195
malaria,Uninfected/C145P106ThinF_IMG_20151016_154921_cell_32.png,1,control,0.023983167484402657,0.24401028454303741,4.778844456653887
malaria,Uninfected/C2NThinF_IMG_20150604_114631_cell_144.png,1,control,0.029763204976916313,0.276857852935791,4.832075411670111
malaria,Parasitized/C99P60ThinF_IMG_20150918_141520_cell_119.png,0,control,0.0290563702583313,0.30033865571022034,4.386450611431105
malaria,Parasitized/C124P85ThinF_IMG_20151002_154808_cell_142.png,0,control,0.023868868127465248,0.26669931411743164,4.185224826363241
malaria,Parasitized/C184P145ThinF_IMG_20151203_103637_cell_156.png,0,control,0.027850665152072906,0.2767961323261261,4.776505219844487
malaria,Uninfected/C69P30N_ThinF_IMG_20150819_140652_cell_210.png,1,control,0.033004242926836014,0.33076706528663635,4.2015889423412265
malaria,Uninfected/C58P19thinF_IMG_20150802_123134_cell_107.png,1,control,0.0202648788690567,0.2342722862958908,4.214094257439672
malaria,Uninfected/C103P64ThinF_IMG_20150918_165016_cell_31.png,1,control,0.03227745369076729,0.304189532995224,4.321920099504187
malaria,Parasitized/C137P98ThinF_IMG_20151005_164119_cell_73.png,0,control,0.02701648697257042,0.3018916845321655,4.4142900710619
malaria,Uninfected/C209ThinF_IMG_20151029_160803_cell_127.png,1,control,0.030292995274066925,0.3047797679901123,4.242089777351983
malaria,Parasitized/C131P92ThinF_IMG_20151004_145224_cell_137.png,0,control,0.03053200989961624,0.2597110867500305,5.838807266704253
malaria,Parasitized/C103P64ThinF_IMG_20150918_165510_cell_177.png,0,control,0.034268662333488464,0.30327239632606506,4.62557597143679
malaria,Parasitized/C39P4thinF_original_IMG_20150622_113446_cell_26.png,0,control,0.027697719633579254,0.27966099977493286,5.003714768186869
malaria,Uninfected/C184P145ThinF_IMG_20151203_102543_cell_13.png,1,control,0.027853932231664658,0.26810014247894287,4.676559805479356
malaria,Uninfected/C69P30N_ThinF_IMG_20150819_135705_cell_155.png,1,control,0.03080821968615055,0.30467531085014343,4.087373835471805
malaria,Parasitized/C116P77ThinF_IMG_20150930_171448_cell_102.png,0,control,0.028846316039562225,0.23585940897464752,5.407638805270689
malaria,Parasitized/C99P60ThinF_IMG_20150918_142334_cell_1.png,0,control,0.028078071773052216,0.30134260654449463,4.582135062173297
malaria,Uninfected/C141P102ThinF_IMG_20151005_215348_cell_83.png,1,control,0.02486196905374527,0.26642000675201416,4.296197656914761
malaria,Parasitized/C171P132ThinF_IMG_20151119_153425_cell_240.png,0,control,0.029506457969546318,0.2644200325012207,5.341849115030639
malaria,Uninfected/C189P150ThinF_IMG_20151203_141308_cell_15.png,1,control,0.02920660749077797,0.2653762996196747,4.609058612380312
malaria,Uninfected/C231ThinF_IMG_20151112_153147_cell_151.png,1,control,0.032690536230802536,0.28667151927948,4.281713378210247
malaria,Parasitized/C116P77ThinF_IMG_20150930_172112_cell_113.png,0,control,0.026519589126110077,0.2619397044181824,5.522693718297866
malaria,Uninfected/C173P134NThinF_IMG_20151130_120046_cell_203.png,1,control,0.0257185697555542,0.26672035455703735,4.690911431067411
malaria,Uninfected/C70P31_ThinF_IMG_20150813_130332_cell_32.png,1,control,0.028724471107125282,0.2857871651649475,4.744332954494993
malaria,Parasitized/C137P98ThinF_IMG_20151005_163946_cell_5.png,0,control,0.03038400411605835,0.2787797152996063,4.702119916224293
malaria,Parasitized/C84P45ThinF_IMG_20150818_101056_cell_109.png,0,control,0.027002131566405296,0.26920634508132935,4.820605652662373
malaria,Uninfected/C159P120ThinF_IMG_20151115_190642_cell_163.png,1,control,0.026178641244769096,0.2531379759311676,4.815060049634441
malaria,Uninfected/C114P75ThinF_IMG_20150930_150013_cell_104.png,1,control,0.022049881517887115,0.25017479062080383,4.446776252797304
malaria,Parasitized/C80P41ThinF_IMG_20150817_111246_cell_119.png,0,control,0.030474713072180748,0.2805658280849457,5.023123540298726
malaria,Parasitized/C184P145ThinF_IMG_20151203_103326_cell_135.png,0,control,0.03022279404103756,0.2622390389442444,4.9136875166514935
malaria,Uninfected/C84P45ThinF_IMG_20150818_102654_cell_26.png,1,control,0.02628345601260662,0.3089730441570282,4.325043546986036
malaria,Uninfected/C68P29N_ThinF_IMG_20150819_133350_cell_48.png,1,control,0.029765592887997627,0.3013147711753845,4.764337671766955
malaria,Parasitized/C137P98ThinF_IMG_20151005_160918_cell_77.png,0,control,0.022963490337133408,0.2523944675922394,4.5980820030405765
malaria,Uninfected/C226ThinF_IMG_20151112_131622_cell_35.png,1,control,0.030931320041418076,0.2966761887073517,4.212368292181331
malaria,Uninfected/C57P18thinF_IMG_20150729_104027_cell_128.png,1,control,0.021518027409911156,0.23556742072105408,4.524300680789779
malaria,Parasitized/C181P142ThinF_IMG_20151127_160434_cell_165.png,0,control,0.03270198404788971,0.3103695809841156,4.6907739668541915
malaria,Parasitized/C48P9thinF_IMG_20150721_160406_cell_243.png,0,control,0.02871190756559372,0.2834259569644928,4.75048837165209
malaria,Parasitized/C97P58ThinF_IMG_20150917_152225_cell_24.png,0,control,0.03156371787190437,0.3076089918613434,4.587775058065596
malaria,Parasitized/C181P142ThinF_IMG_20151127_155722_cell_179.png,0,control,0.03185532987117767,0.2998848259449005,4.739080356679696
malaria,Uninfected/C235ThinF_IMG_20151112_164723_cell_142.png,1,control,0.029182858765125275,0.30486369132995605,4.112121422076224
malaria,Parasitized/C68P29N_ThinF_IMG_20150819_133236_cell_194.png,0,control,0.03508204221725464,0.2470678836107254,4.706817546202537
malaria,Uninfected/C55P16thinF_IMG_20150728_124508_cell_157.png,1,control,0.01879185065627098,0.229271799325943,4.530447466069615
malaria,Parasitized/C60P21thinF_IMG_20150804_104919_cell_143.png,0,control,0.040616538375616074,0.31545349955558777,4.863326890206137
malaria,Uninfected/C85P46ThinF_IMG_20150820_110040_cell_190.png,1,control,0.029723428189754486,0.314193993806839,3.977942296961208
malaria,Uninfected/C105P66ThinF_IMG_20150924_095130_cell_23.png,1,control,0.02518167719244957,0.26458635926246643,4.355182044940286
malaria,Parasitized/C137P98ThinF_IMG_20151005_163946_cell_8.png,0,control,0.03190363943576813,0.29105257987976074,4.925865974793288
malaria,Parasitized/C59P20thinF_IMG_20150803_113430_cell_23.png,0,control,0.02366136573255062,0.24237816035747528,4.823073478549994
malaria,Uninfected/C7NthinF_IMG_20150611_104824_cell_133.png,1,control,0.030180901288986206,0.25363287329673767,4.757019069432346
malaria,Uninfected/C237ThinF_IMG_20151127_104844_cell_138.png,1,control,0.027680300176143646,0.2657780349254608,4.260622872375338
malaria,Uninfected/C89P50ThinF_IMG_20150820_162153_cell_73.png,1,control,0.03272443264722824,0.32322177290916443,4.280734690335728
malaria,Parasitized/C129P90ThinF_IMG_20151004_134520_cell_106.png,0,control,0.027997937053442,0.2795581519603729,4.352657605316921
malaria,Uninfected/C47P8thinOriginalOlympusCX21_IMG_20150717_174750_cell_70.png,1,control,0.031234674155712128,0.27874279022216797,4.762728581012775
malaria,Parasitized/C133P94ThinF_IMG_20151004_155144_cell_115.png,0,control,0.027247395366430283,0.29740381240844727,4.900613853238746
malaria,Parasitized/C102P63ThinF_IMG_20150918_163054_cell_167.png,0,control,0.03149072825908661,0.2521069049835205,5.459978589120315
malaria,Uninfected/C4thin_original_IMG_20150608_165540_cell_226.png,1,control,0.02797394059598446,0.26694896817207336,4.149795158629636
malaria,Uninfected/C84P45ThinF_IMG_20150818_101146_cell_24.png,1,control,0.024916013702750206,0.2859281897544861,5.0682844007708745
malaria,Uninfected/C164P125ThinF_IMG_20151116_114404_cell_73.png,1,control,0.027315305545926094,0.29153206944465637,5.259485130343796
malaria,Uninfected/C6NThinF_IMG_20150609_121955_cell_68.png,1,control,0.0260026715695858,0.26529601216316223,4.658583964883249
malaria,Uninfected/C85P46ThinF_IMG_20150820_105154_cell_187.png,1,control,0.03241482377052307,0.30744612216949463,4.450546891210156
malaria,Uninfected/C188P149ThinF_IMG_20151203_134449_cell_21.png,1,control,0.031312622129917145,0.28597089648246765,4.266297077252107
malaria,Parasitized/C136P97ThinF_IMG_20151005_143329_cell_103.png,0,control,0.02548530325293541,0.28258854150772095,4.702516246392929
malaria,Parasitized/C133P94ThinF_IMG_20151004_154351_cell_95.png,0,control,0.02630023844540119,0.26053735613822937,5.391137223273
malaria,Parasitized/C172P133ThinF_IMG_20151119_155307_cell_255.png,0,control,0.02957211621105671,0.2815517783164978,4.3760806511806525
malaria,Uninfected/C70P31_ThinF_IMG_20150819_142744_cell_86.png,1,control,0.026949800550937653,0.28847724199295044,5.065645075986719
malaria,Uninfected/C69P30N_ThinF_IMG_20150819_135421_cell_127.png,1,control,0.0311247780919075,0.2959240972995758,4.14051690168458
malaria,Uninfected/C181P142ThinF_IMG_20151127_160616_cell_109.png,1,control,0.031016727909445763,0.31263208389282227,4.235419452792862
malaria,Uninfected/C206ThinF_IMG_20151029_140917_cell_297.png,1,control,0.037676550447940826,0.3021355867385864,4.35062638812219
malaria,Uninfected/C99P60ThinF_IMG_20150918_141314_cell_39.png,1,control,0.03002898208796978,0.2453462779521942,4.98272303489085
malaria,Parasitized/C186P147NThinF_IMG_20151203_150808_cell_131.png,0,control,0.0253712460398674,0.2934357523918152,4.106797436439315
malaria,Parasitized/C74P35_ThinF_IMG_20150815_114819_cell_129.png,0,control,0.03190631419420242,0.2817958891391754,4.602658550583104
malaria,Parasitized/C129P90ThinF_IMG_20151004_133421_cell_95.png,0,control,0.028907371684908867,0.2807002067565918,4.511338643923939
malaria,Uninfected/C221ThinF_IMG_20151106_155857_cell_57.png,1,control,0.027179475873708725,0.268558531999588,4.523996494686349
malaria,Parasitized/C181P142ThinF_IMG_20151127_155914_cell_158.png,0,control,0.030504822731018066,0.3143695592880249,4.446137743511155
malaria,Uninfected/C110P71ThinF_IMG_20150930_105925_cell_40.png,1,control,0.02597532793879509,0.27115437388420105,4.254554272348353
malaria,Parasitized/C78P39ThinF_IMG_20150606_104936_cell_174.png,0,control,0.03160854056477547,0.2841406464576721,5.197986315449818
malaria,Parasitized/C99P60ThinF_IMG_20150918_141857_cell_30.png,0,control,0.028548739850521088,0.2864496111869812,4.921656463355169
malaria,Parasitized/C70P31_ThinF_IMG_20150813_131457_cell_2.png,0,control,0.027772225439548492,0.2758982181549072,5.022936436930446
malaria,Uninfected/C210ThinF_IMG_20151029_162357_cell_185.png,1,control,0.02764049917459488,0.28432735800743103,4.235144380572453
malaria,Uninfected/C240ThinF_IMG_20151127_115328_cell_192.png,1,control,0.030227310955524445,0.30028682947158813,4.540922335194741
malaria,Parasitized/C91P52ThinF_IMG_20150821_124504_cell_198.png,0,control,0.03138415142893791,0.31669938564300537,4.06469761406415
malaria,Parasitized/C104P65ThinF_IMG_20150918_171751_cell_187.png,0,control,0.026692155748605728,0.2964605987071991,4.34578914097627
malaria,Uninfected/C77P38ThinF_IMG_20150602_143524_cell_136.png,1,control,0.02486611157655716,0.2588804066181183,5.085180802832466
malaria,Uninfected/C139P100ThinF_IMG_20151005_182527_cell_124.png,1,control,0.03171972557902336,0.29350483417510986,3.9022374674536424
malaria,Uninfected/C95P56ThinF_IMG_20150821_171603_cell_35.png,1,control,0.032188091427087784,0.29672467708587646,5.216760902058291
malaria,Parasitized/C59P20thinF_IMG_20150803_112733_cell_175.png,0,control,0.023950207978487015,0.2801453173160553,4.715448676207702
malaria,Uninfected/C144P105ThinF_IMG_20151015_163432_cell_169.png,1,control,0.027313878759741783,0.30571621656417847,4.3697498339336915
malaria,Uninfected/C76P37ThinF_IMG_20150815_171454_cell_226.png,1,control,0.02909260243177414,0.282670259475708,4.750519403255363
malaria,Parasitized/C80P41ThinF_IMG_20150817_111246_cell_117.png,0,control,0.029149793088436127,0.26779958605766296,5.068868991238736
malaria,Parasitized/C118P79ThinF_IMG_20151002_105827_cell_151.png,0,control,0.03021121956408024,0.30430346727371216,4.289635607501222
malaria,Parasitized/C99P60ThinF_IMG_20150918_142128_cell_98.png,0,control,0.027486352249979973,0.3068099617958069,4.847696263069067
malaria,Parasitized/C176P137NThinF_IMG_20151201_114035_cell_120.png,0,control,0.029821641743183136,0.31689029932022095,4.418572589825963
malaria,Uninfected/C7NthinF_IMG_20150611_104609_cell_187.png,1,control,0.027056243270635605,0.24741104245185852,5.058764718960774
malaria,Parasitized/C97P58ThinF_IMG_20150917_151512_cell_161.png,0,control,0.031903378665447235,0.2808041572570801,5.18588901467759
malaria,Parasitized/C82P43ThinF_IMG_20150817_125326_cell_21.png,0,control,0.030421214178204536,0.3067011535167694,4.619241654141163
malaria,Parasitized/C70P31_ThinF_IMG_20150819_141403_cell_95.png,0,control,0.021895091980695724,0.24562367796897888,5.077361657776196
malaria,Uninfected/C6NThinF_IMG_20150609_122547_cell_82.png,1,control,0.033363521099090576,0.31527361273765564,3.925373730029726
malaria,Uninfected/C212ThinF_IMG_20151106_110230_cell_217.png,1,control,0.026925884187221527,0.2685715854167938,4.3929868080334895
malaria,Uninfected/C148P109ThinF_IMG_20151115_112445_cell_195.png,1,control,0.02449287660419941,0.2372390329837799,5.145980499780407
malaria,Uninfected/C103P64ThinF_IMG_20150918_164553_cell_155.png,1,control,0.026076998561620712,0.28209638595581055,4.486979230329562
malaria,Parasitized/C132P93ThinF_IMG_20151004_152505_cell_115.png,0,control,0.031242353841662407,0.2674780786037445,4.983087034911205
malaria,Uninfected/C151P112ThinF_IMG_20151115_122342_cell_200.png,1,control,0.0336386077105999,0.2967131435871124,4.76620107611548
malaria,Parasitized/C60P21thinF_IMG_20150803_144510_cell_150.png,0,control,0.03352346643805504,0.3099529445171356,4.859922592313275
malaria,Parasitized/C118P79ThinF_IMG_20151002_105735_cell_149.png,0,control,0.031318195164203644,0.31537747383117676,4.283731115845575
malaria,Uninfected/C75P36_ThinF_IMG_20150815_163147_cell_128.png,1,control,0.03181983530521393,0.28454557061195374,4.547299230654601
malaria,Uninfected/C210ThinF_IMG_20151029_162605_cell_55.png,1,control,0.027441486716270447,0.28602027893066406,4.436204192347847
malaria,Parasitized/C176P137NThinF_IMG_20151201_121030_cell_8.png,0,control,0.0368601530790329,0.33106258511543274,4.21626268832619
malaria,Uninfected/C57P18thinF_IMG_20150729_110134_cell_144.png,1,control,0.02478022128343582,0.24777688086032867,4.541488540768878
malaria,Uninfected/C98P59ThinF_IMG_20150917_153311_cell_118.png,1,control,0.030498070642352104,0.30698028206825256,4.18806026203506
malaria,Uninfected/C60P21thinF_IMG_20150804_113602_cell_50.png,1,control,0.03476327285170555,0.29379352927207947,4.870677867600364
malaria,Parasitized/C39P4thinF_original_IMG_20150622_110115_cell_132.png,0,control,0.03324053809046745,0.28088679909706116,5.360686114478121
malaria,Uninfected/C5NThinF_IMG_20150609_122108_cell_52.png,1,control,0.028367076069116592,0.29821285605430603,4.695494653663042
malaria,Uninfected/C130P91ThinF_IMG_20151004_141504_cell_13.png,1,control,0.02845495566725731,0.3149106502532959,3.6349755732274813
malaria,Uninfected/C146P107ThinF_IMG_20151018_135846_cell_173.png,1,control,0.028331957757472992,0.2987543046474457,4.047839502632457
malaria,Parasitized/C131P92ThinF_IMG_20151004_145224_cell_132.png,0,control,0.030022727325558662,0.2701275050640106,4.724515463013133
malaria,Uninfected/C77P38ThinF_IMG_20150602_111510_cell_31.png,1,control,0.026222603395581245,0.25287652015686035,4.802003474119313
malaria,Parasitized/C176P137NThinF_IMG_20151201_120845_cell_133.png,0,control,0.030755724757909775,0.2929380238056183,4.3760287230709904
malaria,Uninfected/C96P57ThinF_IMG_20150824_110812_cell_111.png,1,control,0.030694888904690742,0.2965848445892334,4.494572466256604
malaria,Parasitized/C70P31_ThinF_IMG_20150813_130510_cell_90.png,0,control,0.03182649612426758,0.2797035574913025,4.6417422700459365
malaria,Uninfected/C127P88ThinF_IMG_20151004_111755_cell_11.png,1,control,0.028886467218399048,0.2784264087677002,4.54601181927375
malaria,Parasitized/C118P79ThinF_IMG_20151002_110609_cell_15.png,0,control,0.029026992619037628,0.2688116133213043,4.9796708179287235
malaria,Uninfected/C214ThinF_IMG_20151106_114611_cell_119.png,1,control,0.03171072527766228,0.27128490805625916,4.7686798323470745
malaria,Parasitized/C181P142ThinF_IMG_20151127_155914_cell_181.png,0,control,0.033425699919462204,0.3123718202114105,4.63731263502905
malaria,Uninfected/C180P141NThinF_IMG_20151201_163702_cell_47.png,1,control,0.037574149668216705,0.3126189112663269,4.343918017315744
malaria,Uninfected/C225ThinF_IMG_20151112_113953_cell_20.png,1,control,0.03130026161670685,0.31038421392440796,4.0976792333316645
malaria,Uninfected/C59P20thinF_IMG_20150803_112733_cell_23.png,1,control,0.025163307785987854,0.255940705537796,4.938384170873776
malaria,Parasitized/C85P46ThinF_IMG_20150820_105301_cell_255.png,0,control,0.02865896001458168,0.3017374277114868,4.730186442977119
malaria,Uninfected/C47P8thinOriginalOlympusCX21_IMG_20150717_174222_cell_124.png,1,control,0.02417098730802536,0.24584424495697021,4.728582630016991
malaria,Parasitized/C140P101ThinF_IMG_20151005_205922_cell_185.png,0,control,0.02759622223675251,0.26764771342277527,4.709771670962177
malaria,Uninfected/C128P89ThinF_IMG_20151004_131753_cell_40.png,1,control,0.029267391189932823,0.2795855700969696,4.249127119504693
malaria,Parasitized/C49P10thinF_IMG_20150724_103233_cell_196.png,0,control,0.02472018636763096,0.2822200655937195,4.805856697057401
malaria,Uninfected/C166P127ThinF_IMG_20151117_194410_cell_92.png,1,control,0.024302758276462555,0.26455703377723694,4.903134573584817
malaria,Parasitized/C119P80ThinF_IMG_20151002_124425_cell_143.png,0,control,0.03048214316368103,0.27334991097450256,4.489528415301578
malaria,Parasitized/C129P90ThinF_IMG_20151004_133703_cell_111.png,0,control,0.031480081379413605,0.2798302173614502,4.5817944841249965
malaria,Uninfected/C52P13thinF_IMG_20150725_124830_cell_15.png,1,control,0.026499684900045395,0.29631665349006653,4.088563588113023
malaria,Uninfected/C224ThinF_IMG_20151112_112334_cell_106.png,1,control,0.030436120927333832,0.28787559270858765,4.515331116160412
malaria,Parasitized/C182P143NThinF_IMG_20151201_171950_cell_180.png,0,control,0.029943009838461876,0.2924644351005554,4.906907694116122
malaria,Parasitized/C45P6ThinF_IMG_20151130_155110_cell_193.png,0,control,0.03209790214896202,0.29565173387527466,4.944420677064514
malaria,Uninfected/C222ThinF_IMG_20151115_150925_cell_71.png,1,control,0.025013336911797523,0.2629093825817108,5.0474360965857095
malaria,Parasitized/C68P29N_ThinF_IMG_20150819_134830_cell_32.png,0,control,0.02506122551858425,0.2425706684589386,4.780905208102394
malaria,Uninfected/C240ThinF_IMG_20151127_115328_cell_196.png,1,control,0.03075435385107994,0.3034881055355072,4.621926535055945
malaria,Parasitized/C67P28N_ThinF_IMG_20150819_115417_cell_179.png,0,control,0.027725258842110634,0.2547300159931183,5.19176323544576
malaria,Parasitized/C129P90ThinF_IMG_20151004_134700_cell_16.png,0,control,0.030703505501151085,0.27255868911743164,4.641535616186239
malaria,Parasitized/C118P79ThinF_IMG_20151002_105735_cell_150.png,0,control,0.03603704273700714,0.311280220746994,4.177163384253034
malaria,Uninfected/C146P107ThinF_IMG_20151018_140342_cell_40.png,1,control,0.027011709287762642,0.2700311541557312,4.177424399058256
malaria,Uninfected/C183P144NThinF_IMG_20151201_224458_cell_12.png,1,control,0.03311489522457123,0.31657737493515015,4.567920276336738
malaria,Parasitized/C180P141NThinF_IMG_20151201_170110_cell_12.png,0,control,0.031205303966999054,0.2993929386138916,4.348201841232182
malaria,Parasitized/C184P145ThinF_IMG_20151203_103114_cell_177.png,0,control,0.02856178767979145,0.26584458351135254,5.049093523813938
malaria,Uninfected/C57P18thinF_IMG_20150729_111518_cell_190.png,1,control,0.024241914972662926,0.2508353292942047,5.008603068490267
malaria,Parasitized/C48P9thinF_IMG_20150721_161243_cell_147.png,0,control,0.03280625864863396,0.2783079743385315,4.893092949184747
malaria,Parasitized/C68P29N_ThinF_IMG_20150819_134326_cell_170.png,0,control,0.027373038232326508,0.27823522686958313,4.227778175718382
malaria,Uninfected/C212ThinF_IMG_20151106_105437_cell_273.png,1,control,0.026983710005879402,0.26871275901794434,4.429881809642517
malaria,Parasitized/C51AP12thinF_IMG_20150724_154243_cell_119.png,0,control,0.03515153378248215,0.30311280488967896,5.038226158006853
malaria,Uninfected/C101P62ThinF_IMG_20150918_155731_cell_19.png,1,control,0.03232192248106003,0.29586318135261536,4.411562503515107
malaria,Uninfected/C136P97ThinF_IMG_20151005_141946_cell_36.png,1,control,0.025419896468520164,0.2713295519351959,4.057698982504721
malaria,Uninfected/C186P147NThinF_IMG_20151203_150322_cell_106.png,1,control,0.028641926124691963,0.2792662978172302,4.243111373544319
malaria,Parasitized/C46P7ThinF_IMG_20151130_210843_cell_133.png,0,control,0.02762586623430252,0.27756786346435547,4.794322112089542
malaria,Parasitized/C183P144NThinF_IMG_20151201_222917_cell_157.png,0,control,0.02840300463140011,0.2815341055393219,4.826296142854368
malaria,Uninfected/C128P89ThinF_IMG_20151004_131030_cell_133.png,1,control,0.029181186109781265,0.28422969579696655,4.133238358614631
malaria,Uninfected/C167P128ReThinF_IMG_20151201_105559_cell_87.png,1,control,0.026695342734456062,0.28621506690979004,4.500385360913075
malaria,Parasitized/C59P20thinF_IMG_20150803_113430_cell_1.png,0,control,0.03137064725160599,0.25937318801879883,5.3751813483236
malaria,Uninfected/C112P73ThinF_IMG_20150930_131516_cell_1.png,1,control,0.029537955299019814,0.3063628673553467,4.0502712359104045
malaria,Uninfected/C73P34_ThinF_IMG_20150815_111302_cell_98.png,1,control,0.029104921966791153,0.28167885541915894,4.2842993122548405
malaria,Parasitized/C128P89ThinF_IMG_20151004_131231_cell_149.png,0,control,0.027820169925689697,0.2969529330730438,4.867299187160898
malaria,Uninfected/C57P18thinF_IMG_20150729_111518_cell_116.png,1,control,0.023901445791125298,0.24651560187339783,4.884525916106759
malaria,Uninfected/C186P147NThinF_IMG_20151203_150222_cell_117.png,1,control,0.03410501033067703,0.27658623456954956,4.080519443664804
malaria,Parasitized/C99P60ThinF_IMG_20150918_141129_cell_143.png,0,control,0.03355724737048149,0.27762651443481445,4.975965219150691
malaria,Parasitized/C80P41ThinF_IMG_20150817_111121_cell_154.png,0,control,0.026370160281658173,0.25958067178726196,5.259774005716771
malaria,Parasitized/C39P4thinF_original_IMG_20150622_113842_cell_21.png,0,control,0.02691638097167015,0.29475000500679016,4.68713392320089
malaria,Parasitized/C66P27N_ThinF_IMG_20150818_164408_cell_147.png,0,control,0.03239744156599045,0.28791484236717224,4.595009240678347
malaria,Uninfected/C109P70ThinF_IMG_20150930_103811_cell_130.png,1,control,0.030695684254169464,0.2940047085285187,4.212307640333728
malaria,Uninfected/C39P4thinF_original_IMG_20150622_110115_cell_98.png,1,control,0.023821597918868065,0.2792204022407532,5.229694051292052
malaria,Uninfected/C187P148NThinF_IMG_20151203_153410_cell_70.png,1,control,0.032471537590026855,0.3114287853240967,3.9549303539197536
malaria,Uninfected/C130P91ThinF_IMG_20151004_141504_cell_9.png,1,control,0.032553452998399734,0.3041629195213318,3.865187219416218
malaria,Parasitized/C136P97ThinF_IMG_20151005_144727_cell_109.png,0,control,0.021545380353927612,0.24632029235363007,4.6975491468070905
malaria,Uninfected/C52P13thinF_IMG_20150725_125213_cell_122.png,1,control,0.027704710140824318,0.3068179786205292,4.149752519987639
malaria,Parasitized/C68P29N_ThinF_IMG_20150819_134112_cell_159.png,0,control,0.03356906399130821,0.28992584347724915,4.67996554449944
malaria,Uninfected/C180P141NThinF_IMG_20151201_163848_cell_1.png,1,control,0.03140057250857353,0.3306022882461548,3.9086456307800788
malaria,Uninfected/C174P135NThinF_IMG_20151127_135311_cell_143.png,1,control,0.02937559224665165,0.27080628275871277,5.00746699776147
malaria,Uninfected/C37BP2_thinF_IMG_20150620_132847a_cell_18.png,1,control,0.02891770377755165,0.2788254916667938,5.06731963298713
malaria,Uninfected/C158P119ThinF_IMG_20151115_181859_cell_12.png,1,control,0.025937361642718315,0.26824989914894104,4.48852851823787
malaria,Uninfected/C7NthinF_IMG_20150611_104404_cell_199.png,1,control,0.02634025365114212,0.26214084029197693,4.762094273340457
malaria,Uninfected/C172P133ThinF_IMG_20151119_155343_cell_38.png,1,control,0.028988920152187347,0.2935599982738495,4.604668281875413
malaria,Parasitized/C68P29N_ThinF_IMG_20150819_133236_cell_145.png,0,control,0.024714671075344086,0.28512388467788696,4.791299856003216
malaria,Uninfected/C91P52ThinF_IMG_20150821_124504_cell_7.png,1,control,0.027569787576794624,0.2894779145717621,4.691855142876886
malaria,Uninfected/C230ThinF_IMG_20151112_150329_cell_31.png,1,control,0.028580350801348686,0.2685384154319763,4.771123375677265
malaria,Uninfected/C98P59ThinF_IMG_20150917_153030_cell_30.png,1,control,0.02771243453025818,0.30997157096862793,4.384502381241711
malaria,Parasitized/C91P52ThinF_IMG_20150821_125154_cell_201.png,0,control,0.03058554418385029,0.33048608899116516,3.8165487504405493
malaria,Parasitized/C68P29N_ThinF_IMG_20150819_133350_cell_173.png,0,control,0.032840296626091,0.2956998944282532,5.185419303439103
malaria,Uninfected/C213ThinF_IMG_20151106_112853_cell_66.png,1,control,0.029405580833554268,0.2701811194419861,4.967663108837144
malaria,Uninfected/C144P105ThinF_IMG_20151015_155004_cell_93.png,1,control,0.03143349662423134,0.27764075994491577,5.057530466971965
malaria,Parasitized/C183P144NThinF_IMG_20151201_224458_cell_119.png,0,control,0.029518233612179756,0.2723793089389801,5.299268953113486
malaria,Uninfected/C157P118ThinF_IMG_20151115_163915_cell_27.png,1,control,0.02522733435034752,0.21969909965991974,5.257796458738688
malaria,Uninfected/C110P71ThinF_IMG_20150930_105559_cell_192.png,1,control,0.026538677513599396,0.2767004072666168,4.1924820738779704
malaria,Uninfected/C167P128ReThinF_IMG_20151201_105102_cell_44.png,1,control,0.02640720270574093,0.2765984535217285,4.897595859941683
malaria,Parasitized/C101P62ThinF_IMG_20150918_155731_cell_64.png,0,control,0.028877781704068184,0.27768853306770325,4.753303655982279
malaria,Parasitized/C136P97ThinF_IMG_20151005_140538_cell_104.png,0,control,0.02139362320303917,0.24032877385616302,4.337064820992712
malaria,Parasitized/C101P62ThinF_IMG_20150918_151335_cell_67.png,0,control,0.03239016607403755,0.31075039505958557,4.502745982457368
malaria,Parasitized/C116P77ThinF_IMG_20150930_171448_cell_107.png,0,control,0.027194147929549217,0.22246527671813965,5.824805230207713
malaria,Parasitized/C70P31_ThinF_IMG_20150813_130849_cell_71.png,0,control,0.02933138608932495,0.288135826587677,4.413731897870136
malaria,Parasitized/C80P41ThinF_IMG_20150817_111121_cell_163.png,0,control,0.0327906496822834,0.25553128123283386,5.0589335571111205
malaria,Parasitized/C99P60ThinF_IMG_20150918_141001_cell_116.png,0,control,0.03090612404048443,0.30944401025772095,4.760856490117594
malaria,Parasitized/C39P4thinF_original_IMG_20150622_110435_cell_116.png,0,control,0.030858205631375313,0.29532590508461,4.361160599550251
malaria,Parasitized/C129P90ThinF_IMG_20151004_133921_cell_113.png,0,control,0.025076471269130707,0.26685866713523865,4.3712960281503905
malaria,Uninfected/C116P77ThinF_IMG_20150930_171954_cell_18.png,1,control,0.02615482546389103,0.24502059817314148,5.357014560067065
malaria,Parasitized/C111P72ThinF_IMG_20150930_112609_cell_169.png,0,control,0.029692331328988075,0.26629960536956787,4.7340453586315565
malaria,Uninfected/C49P10thinF_IMG_20150724_102843_cell_121.png,1,control,0.025302033871412277,0.2804737389087677,4.795116743952717
malaria,Parasitized/C130P91ThinF_IMG_20151004_142951_cell_144.png,0,control,0.034559112042188644,0.275919109582901,4.547865401170171
malaria,Parasitized/C167P128ReThinF_IMG_20151201_105354_cell_229.png,0,control,0.026612086221575737,0.26716235280036926,4.527086757737105
malaria,Uninfected/C3thin_original_IMG_20150608_163002_cell_81.png,1,control,0.0322117954492569,0.2837689220905304,4.895095548160465
malaria,Uninfected/C1_thinF_IMG_20150604_105100_cell_157.png,1,control,0.031003210693597794,0.2842831611633301,4.824087117497143
malaria,Uninfected/C214ThinF_IMG_20151106_115440_cell_195.png,1,control,0.031706348061561584,0.3169194757938385,4.278459579178113
malaria,Parasitized/C116P77ThinF_IMG_20150930_171739_cell_103.png,0,control,0.021109869703650475,0.21964505314826965,5.493881666353929
malaria,Uninfected/C121P82ThinF_IMG_20151002_135237_cell_89.png,1,control,0.026104023680090904,0.276120662689209,3.994529740641663
malaria,Uninfected/C47P8thinOriginalOlympusCX21_IMG_20150717_174844_cell_39.png,1,control,0.028210917487740517,0.2951003313064575,4.655313611534794
malaria,Parasitized/C68P29N_ThinF_IMG_20150819_134625_cell_39.png,0,control,0.030636953189969063,0.29555872082710266,4.676653943548281
malaria,Parasitized/C101P62ThinF_IMG_20150918_151006_cell_84.png,0,control,0.037965673953294754,0.28748929500579834,5.381490703314505
malaria,Uninfected/C167P128ReThinF_IMG_20151201_105559_cell_79.png,1,control,0.02665962092578411,0.28931811451911926,4.965801389483595
malaria,Uninfected/C235ThinF_IMG_20151112_164723_cell_256.png,1,control,0.026498351246118546,0.26459264755249023,4.3751937923210145
malaria,Parasitized/C186P147NThinF_IMG_20151203_150222_cell_170.png,0,control,0.030803875997662544,0.26558783650398254,4.567632418507522
malaria,Uninfected/C74P35_ThinF_IMG_20150815_120712_cell_104.png,1,control,0.028898941352963448,0.2890107333660126,3.810968774003894
malaria,Uninfected/C124P85ThinF_IMG_20151002_154846_cell_58.png,1,control,0.02908456325531006,0.2912009358406067,4.079718166213453
malaria,Uninfected/C117P78ThinF_IMG_20150930_221812_cell_12.png,1,control,0.03304843232035637,0.29912593960762024,4.39928128758346
malaria,Uninfected/C151P112ThinF_IMG_20151115_121843_cell_70.png,1,control,0.028301116079092026,0.2655836343765259,4.956025136865983
malaria,Uninfected/C1_thinF_IMG_20150604_105100_cell_243.png,1,control,0.032056741416454315,0.28332123160362244,4.892526631213579
malaria,Uninfected/C88P49ThinF_IMG_20150820_150141_cell_5.png,1,control,0.02384682185947895,0.2769142985343933,4.374571953943059
malaria,Uninfected/C141P102ThinF_IMG_20151005_213930_cell_26.png,1,control,0.031062642112374306,0.2797335684299469,4.243338848522201
malaria,Uninfected/C102P63ThinF_IMG_20150918_161508_cell_113.png,1,control,0.029986487701535225,0.22306029498577118,5.341710993351891
malaria,Uninfected/C67P28N_ThinF_IMG_20150819_115955_cell_29.png,1,control,0.024237224832177162,0.2801065742969513,4.5525509729287625
malaria,Uninfected/C158P119ThinF_IMG_20151115_183157_cell_139.png,1,control,0.030345968902111053,0.274423211812973,4.94418395443133
malaria,Uninfected/C234ThinF_IMG_20151112_162909_cell_158.png,1,control,0.027630828320980072,0.2889939546585083,4.58645556230113
malaria,Parasitized/C167P128ReThinF_IMG_20151201_105102_cell_250.png,0,control,0.028313584625720978,0.28980061411857605,4.717101601834107
malaria,Parasitized/C105P66ThinF_IMG_20150924_095034_cell_148.png,0,control,0.03071802482008934,0.29405322670936584,4.420583772688086
malaria,Parasitized/C129P90ThinF_IMG_20151004_133244_cell_96.png,0,control,0.030608363449573517,0.2776664197444916,4.289601089913605
malaria,Parasitized/C116P77ThinF_IMG_20150930_172112_cell_84.png,0,control,0.01703912392258644,0.2226305454969406,5.066360160836811
malaria,Parasitized/C39P4thinF_original_IMG_20150622_113632_cell_16.png,0,control,0.026034239679574966,0.2637580335140228,5.764602660487402
malaria,Parasitized/C184P145ThinF_IMG_20151203_104153_cell_134.png,0,control,0.026251109316945076,0.24525627493858337,5.398759880011374
malaria,Uninfected/C104P65ThinF_IMG_20150918_172639_cell_93.png,1,control,0.032308414578437805,0.31738176941871643,4.2206235794969595
malaria,Uninfected/C153P114ThinF_IMG_20151115_135911_cell_94.png,1,control,0.029014289379119873,0.2592940628528595,4.833243654153051
malaria,Uninfected/C45P6ThinF_IMG_20151130_160135_cell_199.png,1,control,0.02978445403277874,0.24792449176311493,5.086661044228173
pneumonia,NORMAL/IM-0133-0001.jpeg,0,flagged,0.003987606149166822,0.25189927220344543,7.065242954099145
pneumonia,NORMAL/IM-0621-0001.jpeg,0,flagged,0.003543534781783819,0.18459127843379974,6.7955791482069685
pneumonia,NORMAL/NORMAL2-IM-0587-0001-0002.jpeg,0,flagged,0.0037396580446511507,0.2602371275424957,7.545772816380559
pneumonia,NORMAL/NORMAL2-IM-0611-0001.jpeg,0,flagged,0.002855478785932064,0.22899939119815826,7.282727516540926
pneumonia,NORMAL/NORMAL2-IM-0718-0001.jpeg,0,flagged,0.0025565701071172953,0.15598170459270477,7.017499030313917
pneumonia,NORMAL/NORMAL2-IM-0723-0001.jpeg,0,flagged,0.0025510697159916162,0.22388532757759094,7.4604906644552
pneumonia,NORMAL/NORMAL2-IM-0730-0001.jpeg,0,flagged,0.0036838464438915253,0.24881434440612793,7.249868476720901
pneumonia,NORMAL/NORMAL2-IM-0741-0001.jpeg,0,flagged,0.005674421787261963,0.2542095184326172,7.342322322440262
pneumonia,NORMAL/NORMAL2-IM-0757-0001.jpeg,0,flagged,0.0014701453037559986,0.2122664451599121,7.378065376190573
pneumonia,NORMAL/NORMAL2-IM-0808-0001.jpeg,0,flagged,0.003354383632540703,0.21739952266216278,6.940201212016947
pneumonia,NORMAL/NORMAL2-IM-1064-0001.jpeg,0,flagged,0.003917200490832329,0.31334155797958374,6.8058420542291005
pneumonia,NORMAL/NORMAL2-IM-1067-0001.jpeg,0,flagged,0.0021796643268316984,0.22154316306114197,7.218959568992773
pneumonia,NORMAL/NORMAL2-IM-1214-0001.jpeg,0,flagged,0.0038998841773718596,0.2612420320510864,7.35103265317306
pneumonia,NORMAL/NORMAL2-IM-1250-0001.jpeg,0,flagged,0.0025777420960366726,0.27904900908470154,6.866094321721413
pneumonia,NORMAL/NORMAL2-IM-1356-0001.jpeg,0,flagged,0.0031387456692755222,0.26088643074035645,7.169827542685444
pneumonia,NORMAL/NORMAL2-IM-1360-0001.jpeg,0,flagged,0.00353274610824883,0.22884848713874817,7.3946393883151575
pneumonia,NORMAL/NORMAL2-IM-1362-0001.jpeg,0,flagged,0.001729257171973586,0.20325833559036255,7.404455042021711
pneumonia,NORMAL/NORMAL2-IM-1379-0001.jpeg,0,flagged,0.002082057064399123,0.22198519110679626,7.23500549613845
pneumonia,NORMAL/NORMAL2-IM-1396-0001.jpeg,0,flagged,0.0020772116258740425,0.21412891149520874,7.4596415729444
pneumonia,NORMAL/NORMAL2-IM-1400-0001.jpeg,0,flagged,0.0024322285316884518,0.27969279885292053,6.979206735583369
pneumonia,NORMAL/NORMAL2-IM-1406-0001.jpeg,0,flagged,0.002246086485683918,0.2851390242576599,7.194400972463852
pneumonia,NORMAL/NORMAL2-IM-1437-0001.jpeg,0,flagged,0.002238464541733265,0.25135937333106995,7.298181569849386
pneumonia,NORMAL/NORMAL2-IM-1438-0001.jpeg,0,flagged,0.004112516529858112,0.2689460813999176,7.226263460964206
pneumonia,PNEUMONIA/person1006_bacteria_2937.jpeg,1,flagged,0.0060679130256175995,0.2794657349586487,7.146593895789172
pneumonia,PNEUMONIA/person1049_bacteria_2983.jpeg,1,flagged,0.004953781142830849,0.22570428252220154,7.480970300523404
pneumonia,PNEUMONIA/person104_virus_191.jpeg,1,flagged,0.007983995601534843,0.23431295156478882,7.357544806678044
pneumonia,PNEUMONIA/person109_virus_203.jpeg,1,flagged,0.004550428129732609,0.2384607344865799,6.978731361646761
pneumonia,PNEUMONIA/person10_bacteria_43.jpeg,1,flagged,0.006784763187170029,0.21758100390434265,7.40315576630488
pneumonia,PNEUMONIA/person1107_bacteria_3048.jpeg,1,flagged,0.00582482572644949,0.28920650482177734,6.890139145300255
pneumonia,PNEUMONIA/person1114_bacteria_3055.jpeg,1,flagged,0.004931017756462097,0.20244289934635162,7.020007204057519
pneumonia,PNEUMONIA/person111_virus_212.jpeg,1,flagged,0.00467767845839262,0.22896748781204224,7.678245325221044
pneumonia,PNEUMONIA/person1140_virus_1885.jpeg,1,flagged,0.0056792087852954865,0.21043145656585693,7.312394270973552
pneumonia,PNEUMONIA/person1149_virus_1925.jpeg,1,flagged,0.008360074833035469,0.2299933284521103,7.713741024887225
pneumonia,PNEUMONIA/person1152_virus_1930.jpeg,1,flagged,0.005653688684105873,0.22345666587352753,7.475027702546376
pneumonia,PNEUMONIA/person1156_virus_1935.jpeg,1,flagged,0.004801624454557896,0.22709175944328308,7.481832028533859
pneumonia,PNEUMONIA/person1158_virus_1938.jpeg,1,flagged,0.005224952939897776,0.22837531566619873,7.002421576210398
pneumonia,PNEUMONIA/person1160_virus_1947.jpeg,1,flagged,0.003094649873673916,0.1941773146390915,7.2068554770270765
pneumonia,PNEUMONIA/person1162_bacteria_3107.jpeg,1,flagged,0.004881393164396286,0.21438132226467133,7.335876563089507
pneumonia,PNEUMONIA/person1162_virus_1950.jpeg,1,flagged,0.004195724613964558,0.1831529587507248,7.468194321957915
pneumonia,PNEUMONIA/person1163_virus_1951.jpeg,1,flagged,0.005389014258980751,0.27160218358039856,7.268158012899248
pneumonia,PNEUMONIA/person1164_virus_1958.jpeg,1,flagged,0.005533135496079922,0.23423682153224945,7.201774012184848
pneumonia,PNEUMONIA/person1171_bacteria_3118.jpeg,1,flagged,0.004371758550405502,0.22430828213691711,7.1837929643892515
pneumonia,PNEUMONIA/person1174_virus_1980.jpeg,1,flagged,0.007927017286419868,0.2596152722835541,7.477571220908614
pneumonia,PNEUMONIA/person1175_bacteria_3122.jpeg,1,flagged,0.0062356311827898026,0.2116452157497406,7.296438530746514
pneumonia,PNEUMONIA/person1180_virus_2015.jpeg,1,flagged,0.008841652423143387,0.2591404318809509,7.3960255972130255
pneumonia,PNEUMONIA/person1181_bacteria_3129.jpeg,1,flagged,0.005126365460455418,0.24727216362953186,7.104047278002899
pneumonia,PNEUMONIA/person1183_bacteria_3131.jpeg,1,flagged,0.004951716400682926,0.2806910276412964,7.106957392164712
pneumonia,PNEUMONIA/person1183_virus_2018.jpeg,1,flagged,0.0063362424261868,0.22881591320037842,7.5161663061353545
pneumonia,PNEUMONIA/person1184_virus_2019.jpeg,1,flagged,0.007827190682291985,0.21381030976772308,7.585819914619702
pneumonia,PNEUMONIA/person1187_virus_2023.jpeg,1,flagged,0.0049935271963477135,0.24979116022586823,7.269720977450776
pneumonia,PNEUMONIA/person1190_virus_2031.jpeg,1,flagged,0.006819329224526882,0.24566853046417236,7.1721854623579775
pneumonia,PNEUMONIA/person1191_virus_2032.jpeg,1,flagged,0.006157371215522289,0.22231535613536835,7.369398286936888
pneumonia,PNEUMONIA/person1208_bacteria_3160.jpeg,1,flagged,0.005609619431197643,0.2563289701938629,7.113581084242966
pneumonia,PNEUMONIA/person1227_virus_2078.jpeg,1,flagged,0.006825190503150225,0.2559714913368225,7.644130691355425
pneumonia,PNEUMONIA/person1244_bacteria_3200.jpeg,1,flagged,0.004817803855985403,0.26916465163230896,7.566608169525653
pneumonia,PNEUMONIA/person1281_virus_2204.jpeg,1,flagged,0.0063051399774849415,0.30243614315986633,7.494215829997304
pneumonia,PNEUMONIA/person1287_virus_2210.jpeg,1,flagged,0.004866412840783596,0.24219103157520294,7.606138733555322
pneumonia,PNEUMONIA/person12_bacteria_48.jpeg,1,flagged,0.005909674800932407,0.23138558864593506,7.339159527958424
pneumonia,PNEUMONIA/person1357_virus_2338.jpeg,1,flagged,0.00579100102186203,0.25614047050476074,7.606821357294562
pneumonia,PNEUMONIA/person1358_virus_2339.jpeg,1,flagged,0.005233973264694214,0.2716871201992035,7.377290507387014
pneumonia,PNEUMONIA/person1368_virus_2353.jpeg,1,flagged,0.005546883679926395,0.196832075715065,7.283263082558052
pneumonia,PNEUMONIA/person1405_bacteria_3566.jpeg,1,flagged,0.006223804783076048,0.2034483700990677,7.497088565706668
pneumonia,PNEUMONIA/person1405_virus_2408.jpeg,1,flagged,0.003810486290603876,0.27390268445014954,6.960602935256515
pneumonia,PNEUMONIA/person1409_bacteria_3583.jpeg,1,flagged,0.006184655241668224,0.2566527724266052,7.6064433887298755
pneumonia,PNEUMONIA/person1449_bacteria_3746.jpeg,1,flagged,0.008874666877090931,0.22131994366645813,7.463949410504697
pneumonia,PNEUMONIA/person1453_bacteria_3770.jpeg,1,flagged,0.012334433384239674,0.2506457269191742,7.629580457641717
pneumonia,PNEUMONIA/person1454_bacteria_3782.jpeg,1,flagged,0.008973728865385056,0.2577914595603943,7.339842367194511
pneumonia,PNEUMONIA/person1455_virus_2496.jpeg,1,flagged,0.004276086110621691,0.25818726420402527,7.12948927572585
pneumonia,PNEUMONIA/person1459_bacteria_3797.jpeg,1,flagged,0.008491492830216885,0.2333879917860031,7.576837992729512
pneumonia,PNEUMONIA/person1461_virus_2510.jpeg,1,flagged,0.007354907225817442,0.23761560022830963,7.501276373572963
pneumonia,PNEUMONIA/person1475_virus_2558.jpeg,1,flagged,0.004692687187343836,0.209016814827919,7.301862284416001
pneumonia,PNEUMONIA/person1483_virus_2574.jpeg,1,flagged,0.00640571303665638,0.23009395599365234,7.336669845800226
pneumonia,PNEUMONIA/person1490_virus_2596.jpeg,1,flagged,0.004478982649743557,0.20499517023563385,7.374750803654624
pneumonia,PNEUMONIA/person20_bacteria_69.jpeg,1,flagged,0.004395634867250919,0.2706359326839447,7.083878918517048
pneumonia,PNEUMONIA/person21_bacteria_73.jpeg,1,flagged,0.006973804906010628,0.2284812331199646,7.486816292153285
pneumonia,PNEUMONIA/person275_virus_565.jpeg,1,flagged,0.005724742077291012,0.22574593126773834,7.371161367685513
pneumonia,PNEUMONIA/person289_virus_593.jpeg,1,flagged,0.005029606632888317,0.2090097814798355,7.29038924325607
pneumonia,PNEUMONIA/person293_bacteria_1379.jpeg,1,flagged,0.005662040784955025,0.21468056738376617,7.3206375050710655
pneumonia,PNEUMONIA/person294_bacteria_1386.jpeg,1,flagged,0.005674314219504595,0.23015332221984863,7.090675488609128
pneumonia,PNEUMONIA/person294_virus_606.jpeg,1,flagged,0.006354621145874262,0.286024272441864,7.432762203519106
pneumonia,PNEUMONIA/person295_bacteria_1390.jpeg,1,flagged,0.004874836187809706,0.22333773970603943,7.319366829495143
pneumonia,PNEUMONIA/person295_virus_612.jpeg,1,flagged,0.004539324436336756,0.22956228256225586,7.387207719498503
pneumonia,PNEUMONIA/person299_bacteria_1419.jpeg,1,flagged,0.00387032818980515,0.2519613802433014,7.15118930211591
pneumonia,PNEUMONIA/person301_bacteria_1429.jpeg,1,flagged,0.0065916976891458035,0.2219884842634201,7.567249877434921
pneumonia,PNEUMONIA/person302_bacteria_1430.jpeg,1,flagged,0.005418891552835703,0.21300040185451508,7.635826698731556
pneumonia,PNEUMONIA/person303_bacteria_1431.jpeg,1,flagged,0.009293321520090103,0.18848003447055817,7.48667687541293
pneumonia,PNEUMONIA/person311_bacteria_1453.jpeg,1,flagged,0.006166813895106316,0.2288481742143631,7.526118729032275
pneumonia,PNEUMONIA/person317_bacteria_1473.jpeg,1,flagged,0.004724439699202776,0.21317288279533386,7.3533565421579805
pneumonia,PNEUMONIA/person327_bacteria_1509.jpeg,1,flagged,0.0066587058827281,0.24438466131687164,7.396751043429254
pneumonia,PNEUMONIA/person343_bacteria_1584.jpeg,1,flagged,0.005297286901623011,0.2132999449968338,7.447253823992525
pneumonia,PNEUMONIA/person344_bacteria_1585.jpeg,1,flagged,0.005090019665658474,0.23610509932041168,7.436076738779127
pneumonia,PNEUMONIA/person357_bacteria_1639.jpeg,1,flagged,0.006888764910399914,0.2534145712852478,7.374357723266357
pneumonia,PNEUMONIA/person359_bacteria_1642.jpeg,1,flagged,0.005606944672763348,0.24015028774738312,7.285568551468481
pneumonia,PNEUMONIA/person384_bacteria_1755.jpeg,1,flagged,0.0057219224981963634,0.222849041223526,7.481885563257197
pneumonia,PNEUMONIA/person38_bacteria_196.jpeg,1,flagged,0.005094300024211407,0.20409779250621796,7.442695176334647
pneumonia,PNEUMONIA/person391_bacteria_1782.jpeg,1,flagged,0.008027713745832443,0.24921099841594696,7.293956885908321
pneumonia,PNEUMONIA/person409_bacteria_1824.jpeg,1,flagged,0.004722639452666044,0.25456732511520386,6.992148534819122
pneumonia,PNEUMONIA/person410_bacteria_1825.jpeg,1,flagged,0.004520089365541935,0.2342262864112854,7.139785745298413
pneumonia,PNEUMONIA/person411_bacteria_1826.jpeg,1,flagged,0.006741302087903023,0.22235941886901855,7.47266395650723
pneumonia,PNEUMONIA/person416_bacteria_1840.jpeg,1,flagged,0.005507197231054306,0.22801005840301514,7.5825439630509095
pneumonia,PNEUMONIA/person422_bacteria_1853.jpeg,1,flagged,0.005493727046996355,0.22498120367527008,7.282271669046103
pneumonia,PNEUMONIA/person423_virus_869.jpeg,1,flagged,0.004265997558832169,0.2510218024253845,7.420620234217412
pneumonia,PNEUMONIA/person432_virus_881.jpeg,1,flagged,0.003888059174641967,0.22262543439865112,7.335805735726759
pneumonia,PNEUMONIA/person444_bacteria_1927.jpeg,1,flagged,0.005895428359508514,0.20108693838119507,7.555354768066249
pneumonia,PNEUMONIA/person450_bacteria_1941.jpeg,1,flagged,0.004677186720073223,0.19796547293663025,7.423535243978945
pneumonia,PNEUMONIA/person454_virus_938.jpeg,1,flagged,0.005136307794600725,0.263850599527359,7.617195291798892
pneumonia,PNEUMONIA/person458_virus_945.jpeg,1,flagged,0.005575635004788637,0.2532348930835724,7.652489033850031
pneumonia,PNEUMONIA/person45_bacteria_222.jpeg,1,flagged,0.0034935125149786472,0.22658027708530426,6.763442589867171
pneumonia,PNEUMONIA/person46_bacteria_225.jpeg,1,flagged,0.005621589254587889,0.23341190814971924,7.321735846357293
pneumonia,PNEUMONIA/person472_virus_969.jpeg,1,flagged,0.0027516894042491913,0.2564583122730255,7.390956286725498
pneumonia,PNEUMONIA/person476_bacteria_2026.jpeg,1,flagged,0.007819532416760921,0.25626736879348755,7.379549817804682
pneumonia,PNEUMONIA/person477_bacteria_2031.jpeg,1,flagged,0.003961083944886923,0.24742743372917175,6.856408028285695
pneumonia,PNEUMONIA/person488_bacteria_2062.jpeg,1,flagged,0.004785330966114998,0.23931263387203217,7.257502281088503
pneumonia,PNEUMONIA/person489_bacteria_2067.jpeg,1,flagged,0.004279018379747868,0.23748274147510529,6.723652015437211
pneumonia,PNEUMONIA/person491_bacteria_2071.jpeg,1,flagged,0.005817956756800413,0.2170400768518448,7.223141156957015
pneumonia,PNEUMONIA/person492_bacteria_2085.jpeg,1,flagged,0.008563736453652382,0.2737346589565277,7.212757707003404
pneumonia,PNEUMONIA/person493_bacteria_2087.jpeg,1,flagged,0.005062823183834553,0.24970339238643646,7.1653662379310425
pneumonia,PNEUMONIA/person494_bacteria_2088.jpeg,1,flagged,0.005912306718528271,0.2516936957836151,7.479697053398782
pneumonia,PNEUMONIA/person496_bacteria_2095.jpeg,1,flagged,0.0060854582116007805,0.22161833941936493,7.597972705173709
pneumonia,PNEUMONIA/person504_bacteria_2127.jpeg,1,flagged,0.004720510449260473,0.19631165266036987,7.191157274349379
pneumonia,PNEUMONIA/person504_bacteria_2133.jpeg,1,flagged,0.0052829310297966,0.2490193247795105,6.952577876921463
pneumonia,PNEUMONIA/person506_bacteria_2138.jpeg,1,flagged,0.0070847924798727036,0.24417883157730103,7.319204814036287
pneumonia,PNEUMONIA/person534_bacteria_2251.jpeg,1,flagged,0.006747118197381496,0.24104748666286469,7.283786535528312
pneumonia,PNEUMONIA/person536_virus_1064.jpeg,1,flagged,0.004518856294453144,0.193206325173378,7.318416817718854
pneumonia,PNEUMONIA/person545_bacteria_2290.jpeg,1,flagged,0.005900549702346325,0.20717377960681915,7.444511963491715
pneumonia,PNEUMONIA/person549_bacteria_2303.jpeg,1,flagged,0.004282033070921898,0.21884961426258087,7.1318860193989
pneumonia,PNEUMONIA/person575_bacteria_2374.jpeg,1,flagged,0.005540152546018362,0.21847191452980042,7.163545432693038
pneumonia,PNEUMONIA/person58_bacteria_278.jpeg,1,flagged,0.003989603370428085,0.24402105808258057,7.241507200562142
pneumonia,PNEUMONIA/person590_bacteria_2428.jpeg,1,flagged,0.006040328647941351,0.182808980345726,7.195173409717504
pneumonia,PNEUMONIA/person610_bacteria_2475.jpeg,1,flagged,0.003717726096510887,0.22995200753211975,6.878129384192692
pneumonia,PNEUMONIA/person618_bacteria_2489.jpeg,1,flagged,0.006376075092703104,0.23937448859214783,7.29698756042715
pneumonia,PNEUMONIA/person630_bacteria_2512.jpeg,1,flagged,0.007771029137074947,0.23679661750793457,7.408837839046061
pneumonia,PNEUMONIA/person645_bacteria_2537.jpeg,1,flagged,0.004850936122238636,0.22353217005729675,7.384669853452917
pneumonia,PNEUMONIA/person652_bacteria_2544.jpeg,1,flagged,0.005912016145884991,0.2517623007297516,6.961789797881151
pneumonia,PNEUMONIA/person674_bacteria_2568.jpeg,1,flagged,0.003964332863688469,0.26471149921417236,7.231089353707901
pneumonia,PNEUMONIA/person68_bacteria_336.jpeg,1,flagged,0.007178547792136669,0.23238670825958252,7.690393679517642
pneumonia,PNEUMONIA/person703_virus_1300.jpeg,1,flagged,0.004906316287815571,0.21327680349349976,7.450393576227771
pneumonia,PNEUMONIA/person72_bacteria_354.jpeg,1,flagged,0.007163622882217169,0.23226286470890045,7.528068430386932
pneumonia,PNEUMONIA/person732_virus_1353.jpeg,1,flagged,0.006039314903318882,0.23625105619430542,7.451329074069006
pneumonia,PNEUMONIA/person734_bacteria_2637.jpeg,1,flagged,0.005660876631736755,0.21229152381420135,7.544515779731274
pneumonia,PNEUMONIA/person745_bacteria_2648.jpeg,1,flagged,0.005784970708191395,0.22213873267173767,7.537006526185905
pneumonia,PNEUMONIA/person74_bacteria_363.jpeg,1,flagged,0.006672377698123455,0.23309503495693207,7.512346942758801
pneumonia,PNEUMONIA/person781_virus_1412.jpeg,1,flagged,0.004392890725284815,0.2244032472372055,7.31936605148253
pneumonia,PNEUMONIA/person788_virus_1419.jpeg,1,flagged,0.004355006851255894,0.21771329641342163,7.499307903069527
pneumonia,PNEUMONIA/person802_bacteria_2708.jpeg,1,flagged,0.005711989477276802,0.2452155500650406,7.274231455115168
pneumonia,PNEUMONIA/person805_bacteria_2712.jpeg,1,flagged,0.005272658541798592,0.2522265315055847,7.223329415310208
pneumonia,PNEUMONIA/person813_virus_1449.jpeg,1,flagged,0.004689546301960945,0.2631032466888428,7.608005123927741
pneumonia,PNEUMONIA/person815_bacteria_2726.jpeg,1,flagged,0.006011262536048889,0.27948176860809326,7.1717008439608385
pneumonia,PNEUMONIA/person833_virus_1469.jpeg,1,flagged,0.006916929502040148,0.24325218796730042,7.424813358446973
pneumonia,PNEUMONIA/person844_virus_1487.jpeg,1,flagged,0.004578903317451477,0.22200503945350647,7.116583393331387
pneumonia,PNEUMONIA/person86_virus_159.jpeg,1,flagged,0.005316109862178564,0.2590574622154236,7.320093668465937
pneumonia,PNEUMONIA/person885_bacteria_2809.jpeg,1,flagged,0.004563370253890753,0.2213047444820404,7.403773994443089
pneumonia,PNEUMONIA/person8_bacteria_37.jpeg,1,flagged,0.0043031396344304085,0.2288942188024521,7.398056845381795
pneumonia,PNEUMONIA/person929_bacteria_2854.jpeg,1,flagged,0.004932858981192112,0.21025052666664124,7.585816594442268
pneumonia,PNEUMONIA/person94_virus_176.jpeg,1,flagged,0.0054267216473817825,0.21995271742343903,7.335030883029902
pneumonia,PNEUMONIA/person704_bacteria_2603.jpeg,1,control,0.0025086093228310347,0.17904727160930634,7.35504677631836
pneumonia,PNEUMONIA/person498_bacteria_2100.jpeg,1,control,0.00522469962015748,0.2312903106212616,7.062424252723402
pneumonia,NORMAL/NORMAL2-IM-0533-0001.jpeg,0,control,0.004379523918032646,0.23092900216579437,7.439504769801139
pneumonia,PNEUMONIA/person789_virus_1420.jpeg,1,control,0.003016534261405468,0.16970229148864746,6.575158218011609
pneumonia,PNEUMONIA/person890_virus_1540.jpeg,1,control,0.004450258798897266,0.28226301074028015,6.970786935124219
pneumonia,PNEUMONIA/person282_virus_579.jpeg,1,control,0.0009636017493903637,0.12529197335243225,6.63136386322604
pneumonia,PNEUMONIA/person905_virus_1561.jpeg,1,control,0.0030287648551166058,0.21485015749931335,7.0920836719238265
pneumonia,PNEUMONIA/person83_virus_156.jpeg,1,control,0.003441369393840432,0.26159265637397766,7.1802305442059255
pneumonia,NORMAL/NORMAL2-IM-0402-0001.jpeg,0,control,0.006650719791650772,0.24500048160552979,7.31098906940259
pneumonia,PNEUMONIA/person346_bacteria_1590.jpeg,1,control,0.0034256340004503727,0.20570845901966095,7.418316782653315
pneumonia,PNEUMONIA/person265_bacteria_1236.jpeg,1,control,0.0030322358943521976,0.2161124348640442,7.302769596437403
pneumonia,PNEUMONIA/person958_virus_1630.jpeg,1,control,0.00413730600848794,0.229910746216774,7.166569593663033
pneumonia,NORMAL/NORMAL2-IM-1329-0001.jpeg,0,control,0.008064500987529755,0.19191893935203552,7.474688254375829
pneumonia,PNEUMONIA/person1725_bacteria_4551.jpeg,1,control,0.0013397173024713993,0.17991423606872559,7.136701218088183
pneumonia,NORMAL/NORMAL2-IM-0647-0001.jpeg,0,control,0.005605660378932953,0.24835464358329773,7.5492482922010895
pneumonia,PNEUMONIA/person1507_bacteria_3948.jpeg,1,control,0.0023239091970026493,0.1969318389892578,7.354562519871117
pneumonia,NORMAL/NORMAL2-IM-0818-0001.jpeg,0,control,0.004101774655282497,0.23433473706245422,7.54090049157143
pneumonia,PNEUMONIA/person353_virus_728.jpeg,1,control,0.006849987432360649,0.2564677894115448,7.187299636750848
pneumonia,NORMAL/NORMAL2-IM-1244-0001.jpeg,0,control,0.00545546505600214,0.21426548063755035,7.502467005752103
pneumonia,PNEUMONIA/person357_bacteria_1640.jpeg,1,control,0.0029555715154856443,0.19270189106464386,6.9102078972980285
pneumonia,NORMAL/NORMAL2-IM-0399-0001.jpeg,0,control,0.0042772553861141205,0.21670959889888763,7.575942763302595
pneumonia,PNEUMONIA/person835_bacteria_2749.jpeg,1,control,0.004070213995873928,0.2194930613040924,7.397665287747887
pneumonia,PNEUMONIA/person739_bacteria_2642.jpeg,1,control,0.0036269216798245907,0.22496069967746735,7.25055286451793
pneumonia,PNEUMONIA/person483_virus_985.jpeg,1,control,0.003100704401731491,0.2617725729942322,7.058798861820494
pneumonia,NORMAL/NORMAL2-IM-0449-0001.jpeg,0,control,0.004809211939573288,0.23162741959095,7.302501255720286
pneumonia,PNEUMONIA/person280_virus_577.jpeg,1,control,0.006743783596903086,0.2066008597612381,7.302442220986257
pneumonia,PNEUMONIA/person373_bacteria_1707.jpeg,1,control,0.0012389052426442504,0.16797420382499695,6.4945136758037805
pneumonia,PNEUMONIA/person1945_bacteria_4872.jpeg,1,control,0.004197043366730213,0.2624375522136688,6.855837508103651
pneumonia,NORMAL/NORMAL2-IM-0929-0001.jpeg,0,control,0.00535030709579587,0.24211671948432922,7.447962776961765
pneumonia,PNEUMONIA/person394_bacteria_1792.jpeg,1,control,0.0014396676560863853,0.19824545085430145,7.228028491637503
pneumonia,PNEUMONIA/person1149_virus_1924.jpeg,1,control,0.0015447954647243023,0.2217692881822586,6.9253292984509445
pneumonia,NORMAL/NORMAL2-IM-0829-0001.jpeg,0,control,0.004494997672736645,0.22463320195674896,7.385672834311361
pneumonia,PNEUMONIA/person1270_virus_2163.jpeg,1,control,0.00835912860929966,0.29540812969207764,7.3441808323399
pneumonia,NORMAL/IM-0350-0001.jpeg,0,control,0.00909182708710432,0.2984825372695923,7.443884770349907
pneumonia,PNEUMONIA/person19_bacteria_61.jpeg,1,control,0.0018798604141920805,0.1891787350177765,7.30784583820332
pneumonia,PNEUMONIA/person1243_bacteria_3199.jpeg,1,control,0.002586381509900093,0.2772250771522522,7.2641697869816495
pneumonia,NORMAL/NORMAL2-IM-1294-0001-0002.jpeg,0,control,0.007482575252652168,0.2577786445617676,7.707828786021085
pneumonia,NORMAL/IM-0245-0001.jpeg,0,control,0.0038952473551034927,0.223184272646904,7.372292676863733
pneumonia,NORMAL/NORMAL2-IM-1084-0001.jpeg,0,control,0.0032520638778805733,0.2810613512992859,7.156953846068283
pneumonia,PNEUMONIA/person706_virus_1304.jpeg,1,control,0.0029621964786201715,0.2329338639974594,7.2312923109621465
pneumonia,PNEUMONIA/person1508_bacteria_3949.jpeg,1,control,0.004023715388029814,0.3055136799812317,6.839611282399364
pneumonia,PNEUMONIA/person1645_bacteria_4363.jpeg,1,control,0.0022710165940225124,0.24492259323596954,7.099203689365562
pneumonia,NORMAL/NORMAL2-IM-0873-0001.jpeg,0,control,0.005159235093742609,0.2159254550933838,7.714444818843561
pneumonia,PNEUMONIA/person25_bacteria_120.jpeg,1,control,0.002459841314703226,0.22388699650764465,7.343875370746164
pneumonia,NORMAL/IM-0420-0001.jpeg,0,control,0.005798663944005966,0.18991351127624512,7.333359258798116
pneumonia,NORMAL/IM-0539-0001-0002.jpeg,0,control,0.005068648606538773,0.21248671412467957,7.5399625448993115
pneumonia,PNEUMONIA/person1430_bacteria_3695.jpeg,1,control,0.0016361646121367812,0.27607372403144836,6.7600439447597935
pneumonia,PNEUMONIA/person51_bacteria_243.jpeg,1,control,0.002203021664172411,0.1425236165523529,6.989987811631446
pneumonia,NORMAL/IM-0506-0001.jpeg,0,control,0.004897889215499163,0.22906528413295746,7.592023728725654
pneumonia,PNEUMONIA/person727_bacteria_2629.jpeg,1,control,0.005655590910464525,0.19777163863182068,7.057213829444814
pneumonia,NORMAL/IM-0553-0001-0003.jpeg,0,control,0.0036713851150125265,0.25521227717399597,7.3866584594928995
pneumonia,NORMAL/IM-0140-0001.jpeg,0,control,0.00792877096682787,0.20101121068000793,7.596591422694993
pneumonia,PNEUMONIA/person256_bacteria_1189.jpeg,1,control,0.004897261969745159,0.22090372443199158,7.4129695742505035
pneumonia,PNEUMONIA/person543_bacteria_2283.jpeg,1,control,0.003204604610800743,0.16277092695236206,7.268889981289007
pneumonia,PNEUMONIA/person1010_virus_1695.jpeg,1,control,0.0017853935714811087,0.23656794428825378,7.277327022756351
pneumonia,PNEUMONIA/person816_bacteria_2727.jpeg,1,control,0.005585109815001488,0.1990196704864502,7.428894814685766
pneumonia,PNEUMONIA/person1947_bacteria_4876.jpeg,1,control,0.0025482275523245335,0.23292014002799988,7.283629870809364
pneumonia,PNEUMONIA/person1424_virus_2437.jpeg,1,control,0.0030495841056108475,0.25620487332344055,7.199974856956451
pneumonia,PNEUMONIA/person1663_bacteria_4412.jpeg,1,control,0.0031798919662833214,0.23531022667884827,7.319891500711775
pneumonia,NORMAL/IM-0191-0001.jpeg,0,control,0.00352343637496233,0.24409417808055878,7.4405395759918
pneumonia,PNEUMONIA/person1628_bacteria_4294.jpeg,1,control,0.0018128807423636317,0.1888655722141266,7.283840370924571
pneumonia,PNEUMONIA/person741_bacteria_2644.jpeg,1,control,0.0034221159294247627,0.2003447562456131,7.361990077651861
pneumonia,PNEUMONIA/person470_bacteria_1999.jpeg,1,control,0.0018583129858598113,0.1828143298625946,7.322444305091844
pneumonia,PNEUMONIA/person31_bacteria_160.jpeg,1,control,0.0019270966295152903,0.18454477190971375,7.2253768127955595
pneumonia,PNEUMONIA/person843_bacteria_2763.jpeg,1,control,0.0017986586317420006,0.21465051174163818,7.350447171246128
pneumonia,NORMAL/NORMAL2-IM-1073-0001.jpeg,0,control,0.0033015962690114975,0.25527656078338623,7.313070312081775
pneumonia,PNEUMONIA/person124_virus_245.jpeg,1,control,0.0023349851835519075,0.1824491024017334,6.996910668824463
pneumonia,NORMAL/NORMAL2-IM-0960-0001.jpeg,0,control,0.007279053330421448,0.2375318706035614,7.488912419605793
pneumonia,PNEUMONIA/person1599_bacteria_4201.jpeg,1,control,0.002524126786738634,0.2176479995250702,7.494073979902103
pneumonia,PNEUMONIA/person1470_bacteria_3830.jpeg,1,control,0.0014120263513177633,0.1494647115468979,6.453593761487177
pneumonia,NORMAL/NORMAL2-IM-1110-0001.jpeg,0,control,0.005289618391543627,0.2577606439590454,6.6292686996136005
pneumonia,PNEUMONIA/person1950_bacteria_4881.jpeg,1,control,0.004813334904611111,0.22583840787410736,7.505484268314259
pneumonia,PNEUMONIA/person43_bacteria_216.jpeg,1,control,0.001935835462063551,0.16737326979637146,7.212807988669878
pneumonia,PNEUMONIA/person509_virus_1024.jpeg,1,control,0.0020369798876345158,0.19298306107521057,7.1173675018992375
pneumonia,PNEUMONIA/person623_virus_1197.jpeg,1,control,0.006111856549978256,0.24031445384025574,7.394559956342902
pneumonia,PNEUMONIA/person596_bacteria_2449.jpeg,1,control,0.0025295205414295197,0.19343267381191254,7.394964990522594
pneumonia,PNEUMONIA/person32_bacteria_165.jpeg,1,control,0.003453579032793641,0.17503722012043,6.775458233507309
pneumonia,PNEUMONIA/person1933_bacteria_4844.jpeg,1,control,0.002151978202164173,0.21815316379070282,7.467611985740326
pneumonia,PNEUMONIA/person1391_bacteria_3536.jpeg,1,control,0.0033712941221892834,0.26723143458366394,7.126314417938939
pneumonia,PNEUMONIA/person1698_bacteria_4497.jpeg,1,control,0.002371573355048895,0.21405787765979767,7.288553169729997
pneumonia,PNEUMONIA/person1395_virus_2398.jpeg,1,control,0.002876363229006529,0.2480817586183548,7.33364136197979
pneumonia,PNEUMONIA/person1266_bacteria_3225.jpeg,1,control,0.002904000924900174,0.19664712250232697,7.344639939640794
pneumonia,PNEUMONIA/person1739_bacteria_4576.jpeg,1,control,0.0018734834156930447,0.17083142697811127,7.120605083217982
pneumonia,NORMAL/NORMAL2-IM-0423-0001.jpeg,0,control,0.0046629225835204124,0.25943222641944885,7.3966323716380895
pneumonia,PNEUMONIA/person1669_bacteria_4423.jpeg,1,control,0.0022918018512427807,0.16810449957847595,6.829165084258554
pneumonia,NORMAL/NORMAL2-IM-0509-0001.jpeg,0,control,0.005090947262942791,0.2784702777862549,7.200030890148027
pneumonia,PNEUMONIA/person565_bacteria_2348.jpeg,1,control,0.0011495035141706467,0.16941644251346588,7.187542177004535
pneumonia,NORMAL/IM-0388-0001.jpeg,0,control,0.004345543682575226,0.22302187979221344,7.407445549044469
pneumonia,PNEUMONIA/person627_virus_1204.jpeg,1,control,0.003133718390017748,0.23054884374141693,7.297039597543626
pneumonia,PNEUMONIA/person797_virus_1429.jpeg,1,control,0.0019612875767052174,0.1663464456796646,7.28920623881996
pneumonia,PNEUMONIA/person425_virus_871.jpeg,1,control,0.0007812519907020032,0.15256813168525696,6.84692643739126
pneumonia,NORMAL/NORMAL2-IM-1247-0001.jpeg,0,control,0.0028876028954982758,0.19635708630084991,7.3968418957470154
pneumonia,NORMAL/IM-0282-0001.jpeg,0,control,0.003524885745719075,0.2299402803182602,7.125722157834905
pneumonia,PNEUMONIA/person487_virus_991.jpeg,1,control,0.003181010950356722,0.2704164683818817,6.900224546425653
pneumonia,PNEUMONIA/person1261_virus_2147.jpeg,1,control,0.002875871490687132,0.17227165400981903,7.26300593772956
pneumonia,PNEUMONIA/person1563_bacteria_4092.jpeg,1,control,0.002895396901294589,0.2503083348274231,7.170637502861176
pneumonia,PNEUMONIA/person961_virus_1634.jpeg,1,control,0.0029241852462291718,0.2286318838596344,7.472161922258973
pneumonia,PNEUMONIA/person1324_virus_2284.jpeg,1,control,0.005158148240298033,0.24577510356903076,7.456370729995402
pneumonia,PNEUMONIA/person1227_bacteria_3182.jpeg,1,control,0.003896856214851141,0.2701234817504883,7.260554648724427
pneumonia,PNEUMONIA/person1372_bacteria_3500.jpeg,1,control,0.0019163659308105707,0.1811079978942871,6.6119226186516675
pneumonia,PNEUMONIA/person402_bacteria_1813.jpeg,1,control,0.002011700067669153,0.17149010300636292,7.226391330879438
pneumonia,PNEUMONIA/person1003_virus_1685.jpeg,1,control,0.002071206457912922,0.18993835151195526,7.258775816914424
pneumonia,PNEUMONIA/person633_bacteria_2522.jpeg,1,control,0.00501629151403904,0.21687892079353333,7.115287433587406
pneumonia,PNEUMONIA/person294_bacteria_1380.jpeg,1,control,0.002058639656752348,0.20663687586784363,7.319899935700409
pneumonia,NORMAL/IM-0712-0001.jpeg,0,control,0.0064862314611673355,0.24938146770000458,7.404176488012629
pneumonia,PNEUMONIA/person1571_virus_2728.jpeg,1,control,0.0022059218026697636,0.23369352519512177,7.2568032444375445
pneumonia,PNEUMONIA/person446_bacteria_1931.jpeg,1,control,0.002855381229892373,0.1918574869632721,7.444311173881075
pneumonia,PNEUMONIA/person601_bacteria_2459.jpeg,1,control,0.004837250802665949,0.24485386908054352,7.301777653519981
pneumonia,NORMAL/NORMAL2-IM-0680-0001.jpeg,0,control,0.0037918316666036844,0.26133161783218384,7.120210012387575
pneumonia,PNEUMONIA/person468_bacteria_1990.jpeg,1,control,0.0024822072591632605,0.16786563396453857,7.301718838126295
pneumonia,PNEUMONIA/person625_bacteria_2499.jpeg,1,control,0.001815066090784967,0.19374600052833557,7.41880519670939
pneumonia,PNEUMONIA/person700_bacteria_2599.jpeg,1,control,0.0035058483481407166,0.238307923078537,7.146934667938644
pneumonia,PNEUMONIA/person1493_bacteria_3898.jpeg,1,control,0.0018437565304338932,0.2009311020374298,7.466803115493928
pneumonia,PNEUMONIA/person935_virus_1597.jpeg,1,control,0.0029669031500816345,0.22529125213623047,7.321803818182162
pneumonia,NORMAL/NORMAL2-IM-0512-0001.jpeg,0,control,0.006878979969769716,0.21723513305187225,7.662417986961344
pneumonia,NORMAL/IM-0716-0001.jpeg,0,control,0.005702533759176731,0.22877782583236694,7.307448012938537
pneumonia,PNEUMONIA/person1907_bacteria_4806.jpeg,1,control,0.00331154209561646,0.19965356588363647,7.23934505378204
pneumonia,NORMAL/NORMAL2-IM-0481-0001.jpeg,0,control,0.005729410797357559,0.24215975403785706,7.609198125927302
pneumonia,PNEUMONIA/person853_virus_1498.jpeg,1,control,0.002961055375635624,0.2398909330368042,7.299790561001646
pneumonia,PNEUMONIA/person287_bacteria_1354.jpeg,1,control,0.0017925554420799017,0.1837398260831833,7.29705338200393
pneumonia,NORMAL/IM-0437-0001-0001.jpeg,0,control,0.0042499881237745285,0.22364260256290436,7.491032070777448
pneumonia,PNEUMONIA/person441_virus_896.jpeg,1,control,0.0012320082169026136,0.17301681637763977,7.246342295995932
pneumonia,PNEUMONIA/person707_bacteria_2606.jpeg,1,control,0.0049706134013831615,0.22097492218017578,7.344658586024188
pneumonia,PNEUMONIA/person435_virus_885.jpeg,1,control,0.003703214693814516,0.2368192821741104,7.339495372636773
pneumonia,PNEUMONIA/person1911_bacteria_4815.jpeg,1,control,0.0023147650063037872,0.252267062664032,7.195676035636049
pneumonia,PNEUMONIA/person54_bacteria_258.jpeg,1,control,0.004388792440295219,0.25504449009895325,7.259332385279252
pneumonia,PNEUMONIA/person608_bacteria_2471.jpeg,1,control,0.0012726400746032596,0.1526769995689392,7.159433797412921
pneumonia,PNEUMONIA/person335_virus_690.jpeg,1,control,0.0030225529335439205,0.23448556661605835,7.362956078307072
pneumonia,PNEUMONIA/person952_bacteria_2877.jpeg,1,control,0.003093488048762083,0.20606276392936707,7.574923998293828
pneumonia,PNEUMONIA/person1017_bacteria_2948.jpeg,1,control,0.0039413985796272755,0.21227166056632996,7.153681687850262
pneumonia,PNEUMONIA/person628_virus_1206.jpeg,1,control,0.0050324732437729836,0.25391504168510437,7.408616270332024
pneumonia,PNEUMONIA/person630_bacteria_2513.jpeg,1,control,0.002254355698823929,0.13920892775058746,7.06506815080681
pneumonia,PNEUMONIA/person51_bacteria_241.jpeg,1,control,0.0018297312781214714,0.22666136920452118,7.224627311764404
pneumonia,PNEUMONIA/person567_bacteria_2354.jpeg,1,control,0.003296559676527977,0.22394071519374847,7.384043747021981
pneumonia,PNEUMONIA/person1352_bacteria_3444.jpeg,1,control,0.004386112093925476,0.24678991734981537,7.39176108488503
pneumonia,PNEUMONIA/person544_virus_1080.jpeg,1,control,0.0022171163000166416,0.23259569704532623,7.479683273010858
pneumonia,PNEUMONIA/person989_virus_1667.jpeg,1,control,0.004756676498800516,0.23729032278060913,7.173759927722075
pneumonia,NORMAL/NORMAL2-IM-0520-0001.jpeg,0,control,0.006846150383353233,0.2504597008228302,7.566485229001383
pneumonia,PNEUMONIA/person493_bacteria_2086.jpeg,1,control,0.0022259883116930723,0.20175810158252716,7.398796739261888
pneumonia,PNEUMONIA/person1259_bacteria_3217.jpeg,1,control,0.006438441574573517,0.23791633546352386,7.1095680561041785
pneumonia,NORMAL/IM-0383-0001.jpeg,0,control,0.004930801689624786,0.25092968344688416,7.598473496244005
pneumonia,NORMAL/NORMAL2-IM-0683-0001.jpeg,0,control,0.00473853200674057,0.22898860275745392,7.181282466179667
pneumonia,PNEUMONIA/person1414_virus_2424.jpeg,1,control,0.002132934983819723,0.2686013877391815,7.14383158807204
pneumonia,NORMAL/IM-0652-0001-0002.jpeg,0,control,0.004141338635236025,0.25302907824516296,7.386865879793707
pneumonia,PNEUMONIA/person1667_bacteria_4417.jpeg,1,control,0.002178954891860485,0.17663368582725525,7.224562401996825
pneumonia,PNEUMONIA/person1502_bacteria_3925.jpeg,1,control,0.001269486267119646,0.2280605286359787,7.382837813369914
pneumonia,PNEUMONIA/person1549_virus_2690.jpeg,1,control,0.0031021907925605774,0.2415965348482132,6.756339870809878
pneumonia,PNEUMONIA/person1429_virus_2443.jpeg,1,control,0.0034297488164156675,0.24525998532772064,7.385184526405701
pneumonia,PNEUMONIA/person1565_bacteria_4095.jpeg,1,control,0.0032027855049818754,0.2690248191356659,7.188634840442755
pneumonia,PNEUMONIA/person663_virus_1247.jpeg,1,control,0.0017199141439050436,0.21889962255954742,6.964103702148507
pneumonia,PNEUMONIA/person1135_bacteria_3077.jpeg,1,control,0.00283391447737813,0.31233349442481995,7.231419948453862
pneumonia,NORMAL/IM-0570-0001.jpeg,0,control,0.004853774793446064,0.23476260900497437,7.52080910881767
pneumonia,PNEUMONIA/person1582_bacteria_4137.jpeg,1,control,0.00281221279874444,0.21882615983486176,7.508361872515656
pneumonia,NORMAL/NORMAL2-IM-1271-0001.jpeg,0,control,0.00446547195315361,0.24525362253189087,7.281444289881536
pneumonia,PNEUMONIA/person1885_bacteria_4772.jpeg,1,control,0.006064186338335276,0.2765883505344391,7.427574695469461
pneumonia,NORMAL/IM-0318-0001.jpeg,0,control,0.0059813400730490685,0.23390716314315796,7.370928802651293
pneumonia,PNEUMONIA/person1260_bacteria_3218.jpeg,1,control,0.0019633336924016476,0.1720496565103531,7.332601616025529
pneumonia,PNEUMONIA/person757_bacteria_2661.jpeg,1,control,0.0023878326173871756,0.19925251603126526,7.330665565937077
pneumonia,PNEUMONIA/person613_bacteria_2479.jpeg,1,control,0.0029215533286333084,0.23998379707336426,7.311371112788789
pneumonia,PNEUMONIA/person1687_bacteria_4468.jpeg,1,control,0.0024898513220250607,0.2673802673816681,7.052116615361141
pneumonia,PNEUMONIA/person277_bacteria_1305.jpeg,1,control,0.002297022845596075,0.21898053586483002,7.397823043073096
pneumonia,NORMAL/IM-0612-0001.jpeg,0,control,0.007064741104841232,0.2511543333530426,7.560989841939261
pneumonia,PNEUMONIA/person293_virus_605.jpeg,1,control,0.001864376594312489,0.12181305140256882,6.910644973821262
pneumonia,PNEUMONIA/person663_bacteria_2555.jpeg,1,control,0.006036917679011822,0.25854721665382385,7.329571547428149
pneumonia,PNEUMONIA/person1444_bacteria_3732.jpeg,1,control,0.004285339266061783,0.2776028513908386,7.334785835056997
pneumonia,PNEUMONIA/person329_virus_682.jpeg,1,control,0.003691169898957014,0.23262232542037964,6.963574795889303
pneumonia,PNEUMONIA/person103_virus_190.jpeg,1,control,0.002561945002526045,0.2254139930009842,7.2885878175788195
pneumonia,NORMAL/IM-0440-0001.jpeg,0,control,0.004667972214519978,0.2451103776693344,7.375694315510901
pneumonia,PNEUMONIA/person1147_virus_1919.jpeg,1,control,0.002913126489147544,0.2092050313949585,7.2374333378264595
pneumonia,NORMAL/IM-0520-0001.jpeg,0,control,0.005274380091577768,0.2510761320590973,7.305224999078816
pneumonia,PNEUMONIA/person771_virus_1399.jpeg,1,control,0.0020568808540701866,0.17206859588623047,7.319604341918119
pneumonia,PNEUMONIA/person1639_bacteria_4344.jpeg,1,control,0.0034976520109921694,0.2153060883283615,7.4639741028736655
pneumonia,PNEUMONIA/person738_virus_1360.jpeg,1,control,0.00559319369494915,0.21028654277324677,7.439293947544081
pneumonia,PNEUMONIA/person1002_bacteria_2933.jpeg,1,control,0.004113725386559963,0.1700100302696228,7.1836671246964485
pneumonia,NORMAL/NORMAL2-IM-0409-0001.jpeg,0,control,0.004742844495922327,0.23939067125320435,7.536156803747304
pneumonia,PNEUMONIA/person1343_bacteria_3414.jpeg,1,control,0.0026321643963456154,0.24162952601909637,7.244666217666304
pneumonia,PNEUMONIA/person505_bacteria_2135.jpeg,1,control,0.005438477732241154,0.25287503004074097,7.105841731854165
pneumonia,PNEUMONIA/person294_bacteria_1381.jpeg,1,control,0.002786685712635517,0.2055339515209198,7.46842992124979
pneumonia,PNEUMONIA/person617_virus_1187.jpeg,1,control,0.002356570214033127,0.2647545635700226,7.183387457424032
pneumonia,NORMAL/IM-0650-0001-0002.jpeg,0,control,0.004989070817828178,0.24691252410411835,7.373647213722531
pneumonia,PNEUMONIA/person510_bacteria_2149.jpeg,1,control,0.0017707808874547482,0.19071176648139954,7.341881178070054
pneumonia,PNEUMONIA/person1567_bacteria_4100.jpeg,1,control,0.0026985942386090755,0.23245781660079956,7.394354154665098
pneumonia,PNEUMONIA/person637_bacteria_2529.jpeg,1,control,0.00292760762386024,0.19487297534942627,7.445881797325234
pneumonia,PNEUMONIA/person1441_bacteria_3724.jpeg,1,control,0.004036486614495516,0.2159302681684494,6.966398307698699
pneumonia,PNEUMONIA/person849_virus_1494.jpeg,1,control,0.0020147713366895914,0.30508485436439514,6.867635742040158
pneumonia,PNEUMONIA/person1504_bacteria_3931.jpeg,1,control,0.0030139212030917406,0.2752271890640259,7.311712759090358
pneumonia,PNEUMONIA/person713_bacteria_2614.jpeg,1,control,0.005239907652139664,0.2010735273361206,7.465852104600184
pneumonia,NORMAL/IM-0329-0001.jpeg,0,control,0.00428369827568531,0.1841893345117569,7.432698281547749
pneumonia,PNEUMONIA/person535_bacteria_2256.jpeg,1,control,0.005595110356807709,0.2630542814731598,7.155396670351105
pneumonia,PNEUMONIA/person1292_virus_2218.jpeg,1,control,0.006999122444540262,0.29154932498931885,7.3031539074075615
pneumonia,PNEUMONIA/person1343_bacteria_3411.jpeg,1,control,0.0025765986647456884,0.23971357941627502,6.712126989668323
pneumonia,PNEUMONIA/person1488_bacteria_3887.jpeg,1,control,0.0022658356465399265,0.23065119981765747,7.145837589594846
pneumonia,NORMAL/IM-0713-0001.jpeg,0,control,0.0041972273029387,0.22871610522270203,7.130221598852151
pneumonia,PNEUMONIA/person475_bacteria_2021.jpeg,1,control,0.0015734315384179354,0.16774094104766846,7.007675073493116
pneumonia,PNEUMONIA/person1594_virus_2768.jpeg,1,control,0.0036367361899465322,0.29542720317840576,7.471767938369234
pneumonia,PNEUMONIA/person88_virus_164.jpeg,1,control,0.0018862620927393436,0.1024208590388298,6.630451876774666
pneumonia,PNEUMONIA/person632_virus_1211.jpeg,1,control,0.004851907026022673,0.230967715382576,7.580377020308364
pneumonia,NORMAL/IM-0559-0001.jpeg,0,control,0.0037029441446065903,0.243968665599823,7.246366131332761
pneumonia,PNEUMONIA/person1283_bacteria_3246.jpeg,1,control,0.003061628667637706,0.17161935567855835,6.828601952442942
pneumonia,PNEUMONIA/person351_bacteria_1624.jpeg,1,control,0.0030537648126482964,0.22720114886760712,7.381991342957192
pneumonia,PNEUMONIA/person1177_virus_2001.jpeg,1,control,0.0007572771864943206,0.12828069925308228,6.91506692731252
pneumonia,PNEUMONIA/person67_bacteria_334.jpeg,1,control,0.00277117732912302,0.22294962406158447,7.202226468749011
pneumonia,PNEUMONIA/person1000_virus_1681.jpeg,1,control,0.0022901687771081924,0.22321785986423492,7.302351667211944
pneumonia,NORMAL/IM-0681-0001.jpeg,0,control,0.006315062753856182,0.22471757233142853,7.373347025804236
pneumonia,PNEUMONIA/person1551_bacteria_4053.jpeg,1,control,0.0038032340817153454,0.22494347393512726,7.087244628937536
pneumonia,PNEUMONIA/person1036_bacteria_2970.jpeg,1,control,0.0032535772770643234,0.1867884248495102,7.384591553503899
pneumonia,PNEUMONIA/person775_bacteria_2679.jpeg,1,control,0.001812625559978187,0.14540906250476837,7.027441039957838
pneumonia,PNEUMONIA/person1389_virus_2387.jpeg,1,control,0.0037845084443688393,0.26906976103782654,7.184131343287556
pneumonia,PNEUMONIA/person1128_bacteria_3069.jpeg,1,control,0.0021568385418504477,0.1854037493467331,7.347109358875784
pneumonia,NORMAL/IM-0531-0001-0001.jpeg,0,control,0.0046104262582957745,0.26073580980300903,7.204469297608247
pneumonia,PNEUMONIA/person348_bacteria_1601.jpeg,1,control,0.0018281375523656607,0.18685604631900787,7.333595344986216
pneumonia,PNEUMONIA/person960_bacteria_2885.jpeg,1,control,0.0020096295047551394,0.18356001377105713,7.35799271127167
pneumonia,PNEUMONIA/person528_bacteria_2227.jpeg,1,control,0.001031161518767476,0.13500665128231049,6.87739130020094
pneumonia,PNEUMONIA/person1670_bacteria_4426.jpeg,1,control,0.001694422448053956,0.19411371648311615,7.082421389592516
pneumonia,PNEUMONIA/person1037_bacteria_2971.jpeg,1,control,0.0015605404041707516,0.17343240976333618,7.278881279445317
pneumonia,PNEUMONIA/person543_bacteria_2280.jpeg,1,control,0.0017692171968519688,0.21068575978279114,7.371706300467799
pneumonia,PNEUMONIA/person1338_bacteria_3397.jpeg,1,control,0.005575650371611118,0.3209182024002075,7.2627517763772795
pneumonia,NORMAL/IM-0666-0001-0002.jpeg,0,control,0.004815547727048397,0.21521010994911194,7.5138839394857575
pneumonia,PNEUMONIA/person940_virus_1609.jpeg,1,control,0.0017949733883142471,0.1937198042869568,7.410714147225948
pneumonia,PNEUMONIA/person740_virus_1363.jpeg,1,control,0.0029684496112167835,0.25850847363471985,7.2028242354217955
pneumonia,NORMAL/IM-0439-0001.jpeg,0,control,0.004222658462822437,0.236646369099617,7.5242424410937145
pneumonia,PNEUMONIA/person1551_bacteria_4054.jpeg,1,control,0.0029619205743074417,0.22964626550674438,7.105358419714197
pneumonia,PNEUMONIA/person709_bacteria_2608.jpeg,1,control,0.0013107527047395706,0.12118644267320633,6.7606001500905215
pneumonia,PNEUMONIA/person1372_bacteria_3499.jpeg,1,control,0.0033826911821961403,0.22509051859378815,6.934972861922196
pneumonia,PNEUMONIA/person531_bacteria_2235.jpeg,1,control,0.003247292246669531,0.2080201357603073,7.343006017876889
pneumonia,PNEUMONIA/person1449_virus_2474.jpeg,1,control,0.0017531063640490174,0.17287348210811615,7.20616592860655
pneumonia,PNEUMONIA/person387_bacteria_1769.jpeg,1,control,0.0033463584259152412,0.18051666021347046,7.3287548893972225
pneumonia,PNEUMONIA/person1567_virus_2722.jpeg,1,control,0.003923492971807718,0.24286875128746033,7.499904749292253
pneumonia,PNEUMONIA/person307_virus_629.jpeg,1,control,0.0024303020909428596,0.28359124064445496,7.04254242296294
pneumonia,NORMAL/IM-0542-0001.jpeg,0,control,0.0043272534385323524,0.23750491440296173,7.425035025876717
pneumonia,PNEUMONIA/person508_virus_1021.jpeg,1,control,0.002015976468101144,0.19288642704486847,7.141350344647459
pneumonia,PNEUMONIA/person334_bacteria_1541.jpeg,1,control,0.004338960163295269,0.17215128242969513,7.269859507179822
pneumonia,PNEUMONIA/person1597_bacteria_4188.jpeg,1,control,0.0017392425797879696,0.22248712182044983,6.870396028255207
pneumonia,NORMAL/NORMAL2-IM-0652-0001.jpeg,0,control,0.004552362021058798,0.2402484118938446,7.181766342579769
pneumonia,PNEUMONIA/person328_bacteria_1514.jpeg,1,control,0.00283442297950387,0.22361628711223602,7.321311128417292
pneumonia,PNEUMONIA/person534_bacteria_2254.jpeg,1,control,0.0029943075496703386,0.16384612023830414,7.243586397801097
pneumonia,PNEUMONIA/person469_bacteria_1995.jpeg,1,control,0.0032242992892861366,0.20912446081638336,7.504703294219295
pneumonia,PNEUMONIA/person592_virus_1141.jpeg,1,control,0.0028436854481697083,0.25139904022216797,7.506433735975949
pneumonia,PNEUMONIA/person60_bacteria_286.jpeg,1,control,0.0036222210619598627,0.19908276200294495,7.223540331176435
pneumonia,PNEUMONIA/person296_bacteria_1392.jpeg,1,control,0.004063519649207592,0.2169814258813858,7.429129331854803
pneumonia,PNEUMONIA/person1787_bacteria_4634.jpeg,1,control,0.0030439654365181923,0.2654297649860382,7.266000726350236
pneumonia,PNEUMONIA/person1468_virus_2545.jpeg,1,control,0.0026143493596464396,0.17854301631450653,6.974722521371636
pneumonia,PNEUMONIA/person23_bacteria_78.jpeg,1,control,0.0023642894811928272,0.20668548345565796,7.433362858695894
pneumonia,PNEUMONIA/person647_bacteria_2539.jpeg,1,control,0.0018406440503895283,0.18932035565376282,7.284018832792119
pneumonia,PNEUMONIA/person1488_virus_2593.jpeg,1,control,0.0037574926391243935,0.2107274830341339,7.347889563837664
pneumonia,PNEUMONIA/person598_bacteria_2453.jpeg,1,control,0.002228759229183197,0.15865673124790192,7.2649525489659235
pneumonia,PNEUMONIA/person1348_virus_2326.jpeg,1,control,0.0018316442146897316,0.20414882898330688,6.960813601534101
pneumonia,NORMAL/NORMAL2-IM-1286-0001.jpeg,0,control,0.0058959126472473145,0.21895363926887512,7.367095688832047
pneumonia,PNEUMONIA/person1118_bacteria_3059.jpeg,1,control,0.002291539218276739,0.2233322709798813,7.426029776161664
pneumonia,PNEUMONIA/person337_bacteria_1563.jpeg,1,control,0.002626752480864525,0.2345687747001648,7.142661529388725
pneumonia,PNEUMONIA/person656_virus_1238.jpeg,1,control,0.004292266443371773,0.24199748039245605,7.2878674164308475
pneumonia,PNEUMONIA/person431_bacteria_1872.jpeg,1,control,0.003597273724153638,0.24934184551239014,6.762050508173383
pneumonia,PNEUMONIA/person741_virus_1364.jpeg,1,control,0.002607587492093444,0.2036854475736618,7.4338590074413435
pneumonia,NORMAL/NORMAL2-IM-0865-0001.jpeg,0,control,0.0039618308655917645,0.2783149778842926,7.57605362845222
pneumonia,NORMAL/NORMAL2-IM-1037-0001.jpeg,0,control,0.004351289942860603,0.25996944308280945,7.498594987183394
pneumonia,NORMAL/NORMAL2-IM-0525-0001.jpeg,0,control,0.00934572983533144,0.29471355676651,7.625308226552729
pneumonia,PNEUMONIA/person423_bacteria_1855.jpeg,1,control,0.0028200806118547916,0.2014426440000534,7.408973334313941
pneumonia,PNEUMONIA/person1657_bacteria_4399.jpeg,1,control,0.0022064493969082832,0.22383762896060944,7.4602728051857845
pneumonia,PNEUMONIA/person487_bacteria_2060.jpeg,1,control,0.005603640340268612,0.2292952835559845,7.436022671744945
pneumonia,NORMAL/NORMAL2-IM-1135-0001.jpeg,0,control,0.00586680555716157,0.18399786949157715,7.404129653371161
pneumonia,PNEUMONIA/person379_virus_762.jpeg,1,control,0.005703437142074108,0.2603992521762848,7.206861949906554
pneumonia,NORMAL/IM-0757-0001.jpeg,0,control,0.0068572466261684895,0.24029961228370667,7.511973013765429
pneumonia,NORMAL/IM-0312-0001.jpeg,0,control,0.004775634501129389,0.24367333948612213,7.138690737282151
pneumonia,PNEUMONIA/person30_bacteria_147.jpeg,1,control,0.002532683778554201,0.22128833830356598,7.471408742116885
pneumonia,PNEUMONIA/person382_bacteria_1745.jpeg,1,control,0.0017304869834333658,0.20222929120063782,7.330278033067071
pneumonia,PNEUMONIA/person38_bacteria_191.jpeg,1,control,0.003322435775771737,0.20480716228485107,7.507564717704156
pneumonia,PNEUMONIA/person1175_virus_1981.jpeg,1,control,0.004907264374196529,0.2536829710006714,7.316989383172168
pneumonia,NORMAL/IM-0182-0001.jpeg,0,control,0.0040792059153318405,0.26184284687042236,7.190125452612166
pneumonia,PNEUMONIA/person1039_bacteria_2973.jpeg,1,control,0.0038187631871551275,0.28081992268562317,7.28690017847948
pneumonia,NORMAL/IM-0489-0001.jpeg,0,control,0.004438027739524841,0.22286824882030487,7.593102373392428
pneumonia,PNEUMONIA/person578_virus_1122.jpeg,1,control,0.007375039160251617,0.26005592942237854,7.009572698294284
pneumonia,PNEUMONIA/person301_virus_622.jpeg,1,control,0.003964378498494625,0.26673421263694763,7.198595218175248
pneumonia,PNEUMONIA/person90_virus_169.jpeg,1,control,0.003377494402229786,0.19904287159442902,7.328255573573818
pneumonia,PNEUMONIA/person1689_bacteria_4472.jpeg,1,control,0.002698218682780862,0.28955352306365967,6.7713392951950455
pneumonia,PNEUMONIA/person297_virus_614.jpeg,1,control,0.0030162325128912926,0.19957688450813293,6.982900445848047
pneumonia,PNEUMONIA/person831_bacteria_2742.jpeg,1,control,0.0021819360554218292,0.207502543926239,7.210127646654216
pneumonia,PNEUMONIA/person1312_bacteria_3319.jpeg,1,control,0.002308603608980775,0.20567411184310913,7.124179208076619
pneumonia,NORMAL/NORMAL2-IM-1179-0001.jpeg,0,control,0.004814128391444683,0.2243657112121582,7.610694828750962
pneumonia,PNEUMONIA/person418_bacteria_1843.jpeg,1,control,0.004277020692825317,0.23562626540660858,7.158650185147925
pneumonia,NORMAL/IM-0508-0001.jpeg,0,control,0.00470011355355382,0.2591995298862457,7.344807832472825
pneumonia,PNEUMONIA/person902_bacteria_2827.jpeg,1,control,0.0052637504413723946,0.2289918065071106,7.221496911749591
pneumonia,PNEUMONIA/person337_bacteria_1560.jpeg,1,control,0.002154247835278511,0.2004055678844452,7.3195486408503845
pneumonia,PNEUMONIA/person56_bacteria_267.jpeg,1,control,0.0022373776882886887,0.14157503843307495,7.075078518940754
pneumonia,PNEUMONIA/person290_virus_594.jpeg,1,control,0.0016842851182445884,0.1714969128370285,7.116347535909554
pneumonia,NORMAL/NORMAL2-IM-0383-0001.jpeg,0,control,0.005426633171737194,0.25980138778686523,7.335031544099767
pneumonia,PNEUMONIA/person923_bacteria_2848.jpeg,1,control,0.0014565445017069578,0.16979490220546722,7.079059508892319
pneumonia,PNEUMONIA/person1108_virus_1833.jpeg,1,control,0.005136547610163689,0.20955020189285278,7.299249740761276
pneumonia,NORMAL/NORMAL2-IM-1182-0001.jpeg,0,control,0.004721204750239849,0.24681535363197327,7.378147534317152
pneumonia,PNEUMONIA/person1108_bacteria_3049.jpeg,1,control,0.003439901163801551,0.2856481969356537,7.155187264941894
pneumonia,PNEUMONIA/person946_bacteria_2871.jpeg,1,control,0.003952575847506523,0.23128502070903778,7.153822168331044
pneumonia,PNEUMONIA/person1141_bacteria_3085.jpeg,1,control,0.0016226164298132062,0.20399487018585205,7.376854642907704
pneumonia,PNEUMONIA/person434_virus_884.jpeg,1,control,0.0017219828441739082,0.1616632640361786,6.810857433291115
pneumonia,NORMAL/NORMAL2-IM-0841-0001.jpeg,0,control,0.005563209764659405,0.24403773248195648,7.359676945066692
pneumonia,PNEUMONIA/person574_virus_1118.jpeg,1,control,0.0028610206209123135,0.2585793435573578,6.996999330965846
pneumonia,PNEUMONIA/person949_virus_1620.jpeg,1,control,0.0038513022009283304,0.20143233239650726,7.405539461069357
pneumonia,PNEUMONIA/person1338_bacteria_3395.jpeg,1,control,0.0054779695346951485,0.3176897168159485,7.182146709405362
pneumonia,PNEUMONIA/person976_virus_1651.jpeg,1,control,0.0037587988190352917,0.2257692515850067,7.361610883952171
pneumonia,NORMAL/NORMAL2-IM-1288-0001.jpeg,0,control,0.005694014951586723,0.26026707887649536,7.460224818886305
pneumonia,PNEUMONIA/person368_bacteria_1667.jpeg,1,control,0.00208137184381485,0.20371276140213013,7.367298219880329
pneumonia,PNEUMONIA/person819_bacteria_2730.jpeg,1,control,0.001651592319831252,0.1636487990617752,7.051244750041533
pneumonia,PNEUMONIA/person556_bacteria_2326.jpeg,1,control,0.004869553260505199,0.19576013088226318,7.381833947472002
pneumonia,PNEUMONIA/person735_bacteria_2638.jpeg,1,control,0.006004072725772858,0.2945767939090729,7.070169441428652
pneumonia,NORMAL/NORMAL2-IM-0881-0001.jpeg,0,control,0.004342140629887581,0.22051195800304413,7.619955278758783
pneumonia,NORMAL/NORMAL2-IM-1401-0001.jpeg,0,control,0.0059641203843057156,0.2543593645095825,7.294909417646234
pneumonia,PNEUMONIA/person620_virus_1192.jpeg,1,control,0.004990641959011555,0.22882962226867676,7.159149791977118
pneumonia,PNEUMONIA/person1022_virus_1712.jpeg,1,control,0.0032044677063822746,0.21997830271720886,7.367367624894826
pneumonia,PNEUMONIA/person537_bacteria_2265.jpeg,1,control,0.0037035318091511726,0.21573805809020996,7.292084801976374
pneumonia,NORMAL/IM-0535-0001.jpeg,0,control,0.006611540447920561,0.24689112603664398,7.552599279889594
pneumonia,PNEUMONIA/person276_bacteria_1298.jpeg,1,control,0.0026581650599837303,0.17359337210655212,7.316265983689749
pneumonia,NORMAL/NORMAL2-IM-1025-0001.jpeg,0,control,0.0028620059601962566,0.20719844102859497,6.905996474228631
pneumonia,PNEUMONIA/person1812_bacteria_4667.jpeg,1,control,0.0020054280757904053,0.16383548080921173,6.940735922305338
pneumonia,PNEUMONIA/person940_virus_1604.jpeg,1,control,0.0018094135448336601,0.16733968257904053,7.127382225678101
pneumonia,PNEUMONIA/person789_bacteria_2694.jpeg,1,control,0.001459405291825533,0.17200104892253876,6.984367945256088
pneumonia,NORMAL/IM-0215-0001.jpeg,0,control,0.007175025530159473,0.25508755445480347,7.423209729569904
pneumonia,PNEUMONIA/person368_bacteria_1672.jpeg,1,control,0.003463622648268938,0.14338618516921997,7.153413286910917
pneumonia,PNEUMONIA/person563_bacteria_2334.jpeg,1,control,0.002160951728001237,0.20870204269886017,7.4390002401352024
pneumonia,PNEUMONIA/person1088_virus_1800.jpeg,1,control,0.0015703056706115603,0.15780958533287048,7.164395383511121
pneumonia,NORMAL/IM-0430-0001.jpeg,0,control,0.005409833509474993,0.24113930761814117,7.546439091978624
pneumonia,NORMAL/NORMAL2-IM-1252-0001.jpeg,0,control,0.0037569236010313034,0.21665801107883453,7.554905445583273
pneumonia,PNEUMONIA/person931_bacteria_2856.jpeg,1,control,0.0018009921768680215,0.1748788207769394,7.261174476739519
pneumonia,PNEUMONIA/person997_virus_1678.jpeg,1,control,0.003774418029934168,0.25451427698135376,6.815442420000732
pneumonia,NORMAL/NORMAL2-IM-1161-0001.jpeg,0,control,0.006758349947631359,0.24567653238773346,7.44576199135269
pneumonia,PNEUMONIA/person1060_virus_1760.jpeg,1,control,0.004614496603608131,0.2798680067062378,7.025300550337418
pneumonia,PNEUMONIA/person332_bacteria_1536.jpeg,1,control,0.006201819982379675,0.17286041378974915,7.29014494693486
pneumonia,PNEUMONIA/person710_bacteria_2611.jpeg,1,control,0.007239191327244043,0.1472052037715912,7.028033035685608
pneumonia,PNEUMONIA/person547_bacteria_2292.jpeg,1,control,0.0008680180762894452,0.11726434528827667,6.825124085787573
pneumonia,PNEUMONIA/person445_virus_914.jpeg,1,control,0.0022398405708372593,0.2133364975452423,7.112703792653511
pneumonia,PNEUMONIA/person913_bacteria_2838.jpeg,1,control,0.001436917344108224,0.1590481698513031,7.18596510130596
pneumonia,NORMAL/IM-0410-0001.jpeg,0,control,0.006570341065526009,0.2353685051202774,7.512328517423491
pneumonia,PNEUMONIA/person61_bacteria_293.jpeg,1,control,0.0029740985482931137,0.21444222331047058,7.441345119566933
pneumonia,PNEUMONIA/person437_bacteria_1887.jpeg,1,control,0.0030482455622404814,0.1894787698984146,7.368279672987288
pneumonia,PNEUMONIA/person1397_virus_2400.jpeg,1,control,0.0026748464442789555,0.16427884995937347,7.21987128135695
pneumonia,NORMAL/IM-0243-0001.jpeg,0,control,0.003909371793270111,0.25617098808288574,7.642871534158273
pneumonia,NORMAL/IM-0238-0001.jpeg,0,control,0.00852019153535366,0.22213013470172882,7.460461825031752
pneumonia,PNEUMONIA/person372_bacteria_1706.jpeg,1,control,0.004117764066904783,0.16845662891864777,7.3293089810249565
pneumonia,NORMAL/IM-0435-0001-0001.jpeg,0,control,0.00462732557207346,0.2215477079153061,7.206041049263685
pneumonia,PNEUMONIA/person336_bacteria_1553.jpeg,1,control,0.0018730665324255824,0.1725100874900818,7.140797244717927
pneumonia,NORMAL/NORMAL2-IM-0872-0001.jpeg,0,control,0.002877649152651429,0.22401879727840424,7.08876120318584
pneumonia,PNEUMONIA/person1619_bacteria_4266.jpeg,1,control,0.003928391262888908,0.23374342918395996,7.493194201703243
pneumonia,PNEUMONIA/person1601_bacteria_4209.jpeg,1,control,0.0020057132933288813,0.20027650892734528,7.276741770655762
pneumonia,PNEUMONIA/person511_virus_1027.jpeg,1,control,0.0024061324074864388,0.23518380522727966,7.420255625517722
pneumonia,PNEUMONIA/person1502_bacteria_3923.jpeg,1,control,0.0015494059771299362,0.20091885328292847,7.402560811019494
pneumonia,PNEUMONIA/person628_bacteria_2505.jpeg,1,control,0.005904086399823427,0.22764834761619568,7.236720648768158
pneumonia,PNEUMONIA/person1543_virus_2684.jpeg,1,control,0.0024212293792515993,0.28166821599006653,7.10820338381591
pneumonia,PNEUMONIA/person58_bacteria_273.jpeg,1,control,0.0014287361409515142,0.16200947761535645,7.164380065934389
pneumonia,PNEUMONIA/person73_bacteria_357.jpeg,1,control,0.0024189373943954706,0.18241550028324127,7.336786318919879
pneumonia,PNEUMONIA/person473_bacteria_2018.jpeg,1,control,0.002501316135749221,0.18420079350471497,7.363678796817448
pneumonia,NORMAL/NORMAL2-IM-1102-0001-0002.jpeg,0,control,0.0056615304201841354,0.1979755163192749,7.487549216685763
pneumonia,PNEUMONIA/person441_bacteria_1911.jpeg,1,control,0.0018639618065208197,0.18829794228076935,7.41203397301563
pneumonia,PNEUMONIA/person1321_bacteria_3359.jpeg,1,control,0.0024795657955110073,0.2863471210002899,7.034555126787537
pneumonia,PNEUMONIA/person55_bacteria_265.jpeg,1,control,0.003933688625693321,0.21357545256614685,7.344565508696899
pneumonia,NORMAL/IM-0409-0001.jpeg,0,control,0.0038719538133591413,0.18387636542320251,7.402921003653831
pneumonia,PNEUMONIA/person1576_bacteria_4120.jpeg,1,control,0.0029822946526110172,0.21508611738681793,7.379414869932243
pneumonia,PNEUMONIA/person266_bacteria_1239.jpeg,1,control,0.0019790055230259895,0.1961805820465088,7.241487534531341
pneumonia,NORMAL/IM-0492-0001.jpeg,0,control,0.0041234856471419334,0.23777024447917938,7.551760953141883
pneumonia,NORMAL/IM-0399-0001.jpeg,0,control,0.006161690689623356,0.20226234197616577,7.526757953385838
pneumonia,PNEUMONIA/person391_virus_781.jpeg,1,control,0.004226983990520239,0.2825564742088318,7.311715576911284
pneumonia,PNEUMONIA/person440_virus_893.jpeg,1,control,0.0020519979298114777,0.15971015393733978,7.216902304263873
pneumonia,PNEUMONIA/person1129_bacteria_3070.jpeg,1,control,0.0013745391042903066,0.20328250527381897,7.384623513332484
pneumonia,PNEUMONIA/person1235_bacteria_3191.jpeg,1,control,0.002620091661810875,0.19873258471488953,6.980452648148103
pneumonia,PNEUMONIA/person364_bacteria_1659.jpeg,1,control,0.0030812611803412437,0.2289353907108307,7.462327897378781
pneumonia,PNEUMONIA/person574_bacteria_2373.jpeg,1,control,0.003170644398778677,0.1715882271528244,7.260104335142137
pneumonia,PNEUMONIA/person1525_virus_2659.jpeg,1,control,0.0029628986958414316,0.2795507609844208,7.268825320916017
pneumonia,PNEUMONIA/person1823_bacteria_4682.jpeg,1,control,0.0021492375526577234,0.18953919410705566,7.181426285196268
pneumonia,PNEUMONIA/person1081_virus_1793.jpeg,1,control,0.002985273953527212,0.24760936200618744,7.32773455034109
pneumonia,PNEUMONIA/person1453_bacteria_3771.jpeg,1,control,0.004928327165544033,0.2963208258152008,7.458856180888511
pneumonia,NORMAL/IM-0495-0001.jpeg,0,control,0.005706684663891792,0.26419928669929504,7.303796898388413
pneumonia,NORMAL/NORMAL2-IM-1051-0001.jpeg,0,control,0.00630037160590291,0.2370755523443222,7.5107850062437995
pneumonia,PNEUMONIA/person1518_bacteria_3969.jpeg,1,control,0.004533918108791113,0.2900271415710449,7.226930416530264
pneumonia,PNEUMONIA/person53_bacteria_253.jpeg,1,control,0.0026189505588263273,0.20941604673862457,7.474462733100788
pneumonia,PNEUMONIA/person481_bacteria_2041.jpeg,1,control,0.0020491820760071278,0.2273567020893097,7.133831896838331
pneumonia,NORMAL/IM-0608-0001.jpeg,0,control,0.005468487273901701,0.24713678658008575,7.4959806200666526
pneumonia,PNEUMONIA/person1777_bacteria_4622.jpeg,1,control,0.00444143358618021,0.18632110953330994,7.313471217682974
pneumonia,PNEUMONIA/person1952_bacteria_4883.jpeg,1,control,0.0024754339829087257,0.21420812606811523,7.1134352970274595
pneumonia,NORMAL/NORMAL2-IM-1120-0001.jpeg,0,control,0.006029931828379631,0.23683050274848938,7.638754409908187
pneumonia,PNEUMONIA/person500_bacteria_2107.jpeg,1,control,0.0014740033075213432,0.16866444051265717,7.162373174500189
pneumonia,PNEUMONIA/person650_virus_1232.jpeg,1,control,0.003017193404957652,0.2873311936855316,6.580309688324907
pneumonia,PNEUMONIA/person1306_bacteria_3277.jpeg,1,control,0.003269890556111932,0.2465699166059494,7.072836165376449
pneumonia,PNEUMONIA/person518_bacteria_2198.jpeg,1,control,0.0020622177980840206,0.2006225734949112,7.389602546857013
pneumonia,NORMAL/IM-0551-0001-0001.jpeg,0,control,0.004412592388689518,0.2519790828227997,7.20617054610159
pneumonia,NORMAL/NORMAL2-IM-0880-0001.jpeg,0,control,0.00509294681251049,0.2563480734825134,6.955551825898587
pneumonia,NORMAL/IM-0475-0001.jpeg,0,control,0.004570777993649244,0.23870223760604858,7.437343664159396
pneumonia,NORMAL/NORMAL2-IM-0917-0001.jpeg,0,control,0.004270617850124836,0.22066067159175873,7.48360531433615
pneumonia,PNEUMONIA/person1155_virus_1934.jpeg,1,control,0.0035434970632195473,0.21834054589271545,7.321177076911088
pneumonia,PNEUMONIA/person71_bacteria_347.jpeg,1,control,0.0034043570049107075,0.21507252752780914,7.479636892732652
pneumonia,PNEUMONIA/person1238_bacteria_3194.jpeg,1,control,0.0013078750343993306,0.17796973884105682,7.1831452295418545
pneumonia,PNEUMONIA/person464_virus_954.jpeg,1,control,0.0014038302469998598,0.19497987627983093,7.329133031292077
pneumonia,PNEUMONIA/person1597_bacteria_4192.jpeg,1,control,0.0017507089069113135,0.15254656970500946,6.914039481735679
pneumonia,PNEUMONIA/person1293_virus_2219.jpeg,1,control,0.0061117191798985004,0.28065812587738037,7.522551347814183
pneumonia,PNEUMONIA/person278_virus_573.jpeg,1,control,0.0029919215012341738,0.21301285922527313,6.996403268861213
pneumonia,PNEUMONIA/person1511_bacteria_3955.jpeg,1,control,0.002023849869146943,0.28790828585624695,7.037027734668039
pneumonia,PNEUMONIA/person1320_bacteria_3348.jpeg,1,control,0.0027086883783340454,0.23383960127830505,7.076420060549909
pneumonia,PNEUMONIA/person855_virus_1500.jpeg,1,control,0.0054027726873755455,0.23367084562778473,7.389518956746008
pneumonia,PNEUMONIA/person258_bacteria_1210.jpeg,1,control,0.0026119579561054707,0.19768428802490234,7.4196909160625895
pneumonia,PNEUMONIA/person336_bacteria_1548.jpeg,1,control,0.0020881392993032932,0.21925963461399078,7.316444907809024
pneumonia,NORMAL/NORMAL2-IM-0521-0001.jpeg,0,control,0.006823761388659477,0.25314509868621826,7.264711744707417
pneumonia,PNEUMONIA/person1544_bacteria_4037.jpeg,1,control,0.0012366787996143103,0.12789030373096466,6.439341973120498
pneumonia,NORMAL/IM-0517-0001.jpeg,0,control,0.0047178445383906364,0.24873313307762146,7.278818395260671
pneumonia,PNEUMONIA/person693_bacteria_2590.jpeg,1,control,0.003256657626479864,0.19340287148952484,7.39819060714088
pneumonia,NORMAL/NORMAL2-IM-1315-0001.jpeg,0,control,0.004566212650388479,0.2557537853717804,7.3161068868724906
pneumonia,NORMAL/IM-0195-0001.jpeg,0,control,0.005933910608291626,0.23516738414764404,7.635880319985867
pneumonia,PNEUMONIA/person75_bacteria_365.jpeg,1,control,0.003466376569122076,0.18973089754581451,7.453256899895602
pneumonia,PNEUMONIA/person26_bacteria_126.jpeg,1,control,0.0037146341055631638,0.2216441035270691,7.413661543712885
pneumonia,NORMAL/IM-0448-0001.jpeg,0,control,0.004527582321316004,0.23282814025878906,6.96405902993018
pneumonia,PNEUMONIA/person987_bacteria_2914.jpeg,1,control,0.0013435827568173409,0.16117621958255768,7.232536651966076
pneumonia,PNEUMONIA/person328_virus_681.jpeg,1,control,0.0055011725053191185,0.24383193254470825,7.347640533908359
pneumonia,PNEUMONIA/person1879_bacteria_4764.jpeg,1,control,0.0021564215421676636,0.2189142107963562,7.504622583571147
pneumonia,PNEUMONIA/person835_virus_1472.jpeg,1,control,0.0024916594848036766,0.21194054186344147,7.459386499146683
pneumonia,NORMAL/IM-0509-0001.jpeg,0,control,0.006926830392330885,0.26919466257095337,7.437548146037643
pneumonia,PNEUMONIA/person394_virus_786.jpeg,1,control,0.0051613058894872665,0.27893152832984924,7.361010035006003
pneumonia,PNEUMONIA/person608_virus_1175.jpeg,1,control,0.002131472574546933,0.21860648691654205,7.361977190636397
pneumonia,PNEUMONIA/person1691_bacteria_4479.jpeg,1,control,0.0028543598018586636,0.276716411113739,7.31960434456359
pneumonia,NORMAL/NORMAL2-IM-0816-0001.jpeg,0,control,0.005305980797857046,0.20157864689826965,7.433573263478099
pneumonia,PNEUMONIA/person1537_virus_2674.jpeg,1,control,0.00396287627518177,0.22268858551979065,7.503144846755315
pneumonia,PNEUMONIA/person568_bacteria_2359.jpeg,1,control,0.002167664933949709,0.19007939100265503,7.398728766775952
pneumonia,PNEUMONIA/person260_bacteria_1223.jpeg,1,control,0.0025321803987026215,0.2323777824640274,7.077170980385837
pneumonia,PNEUMONIA/person474_virus_971.jpeg,1,control,0.004208779893815517,0.24530984461307526,7.4078333552297515
pneumonia,PNEUMONIA/person1628_bacteria_4295.jpeg,1,control,0.0019824407063424587,0.17891272902488708,7.272112274134756
pneumonia,PNEUMONIA/person1492_virus_2599.jpeg,1,control,0.0017805107636377215,0.1563340574502945,6.807615743320289
pneumonia,PNEUMONIA/person551_bacteria_2311.jpeg,1,control,0.002233737614005804,0.20110271871089935,7.391349548927666
pneumonia,PNEUMONIA/person1318_virus_2274.jpeg,1,control,0.0034265778958797455,0.2500826120376587,7.666966819567793
pneumonia,PNEUMONIA/person927_bacteria_2852.jpeg,1,control,0.0011244607158005238,0.17072361707687378,7.1711749908889795
pneumonia,PNEUMONIA/person830_virus_1466.jpeg,1,control,0.0018361948896199465,0.18501174449920654,7.328932632943426
pneumonia,NORMAL/NORMAL2-IM-1346-0001.jpeg,0,control,0.0032821116037666798,0.19376200437545776,7.224566924926041
pneumonia,NORMAL/IM-0629-0001-0003.jpeg,0,control,0.005284721963107586,0.2202044129371643,7.5376452916793895
pneumonia,PNEUMONIA/person401_virus_797.jpeg,1,control,0.003099811030551791,0.20380309224128723,7.424142506290236
pneumonia,NORMAL/IM-0590-0001.jpeg,0,control,0.0033572856336832047,0.21852338314056396,7.48961213855147
pneumonia,NORMAL/IM-0381-0001.jpeg,0,control,0.004174440633505583,0.23388542234897614,7.405182661336342
pneumonia,NORMAL/IM-0698-0001.jpeg,0,control,0.007436073385179043,0.248884916305542,7.253012910058033
pneumonia,PNEUMONIA/person261_virus_543.jpeg,1,control,0.0019185999408364296,0.254962295293808,6.981749545841621
pneumonia,PNEUMONIA/person348_virus_714.jpeg,1,control,0.0022352393716573715,0.2659277617931366,6.87337477402317
pneumonia,PNEUMONIA/person985_bacteria_2912.jpeg,1,control,0.0027359824161976576,0.19001832604408264,7.253589886234575
pneumonia,PNEUMONIA/person569_bacteria_2364.jpeg,1,control,0.0028820084407925606,0.21387921273708344,7.396205070001805
pneumonia,PNEUMONIA/person108_virus_201.jpeg,1,control,0.0005032375920563936,0.14872129261493683,6.9719955049086675
pneumonia,PNEUMONIA/person87_virus_160.jpeg,1,control,0.007977147586643696,0.22274726629257202,7.647330518400197
pneumonia,PNEUMONIA/person966_virus_1639.jpeg,1,control,0.0034314366057515144,0.2242220640182495,7.162908640843656
pneumonia,PNEUMONIA/person460_bacteria_1958.jpeg,1,control,0.002336475532501936,0.19791598618030548,7.425780096914966
pneumonia,PNEUMONIA/person381_bacteria_1730.jpeg,1,control,0.0025696284137666225,0.18189774453639984,7.266043963208931
pneumonia,PNEUMONIA/person253_bacteria_1152.jpeg,1,control,0.0020430018194019794,0.1528940498828888,7.114125785636054
pneumonia,PNEUMONIA/person301_bacteria_1427.jpeg,1,control,0.004340706393122673,0.22851790487766266,7.381493408682456
pneumonia,PNEUMONIA/person1486_bacteria_3881.jpeg,1,control,0.0016838177107274532,0.2030406892299652,7.485795453318364
pneumonia,PNEUMONIA/person1333_bacteria_3384.jpeg,1,control,0.0018701418302953243,0.18393318355083466,7.267843985640313
pneumonia,NORMAL/NORMAL2-IM-1157-0001.jpeg,0,control,0.004682350438088179,0.1694585382938385,7.208861180900993
pneumonia,PNEUMONIA/person1214_bacteria_3166.jpeg,1,control,0.005455023609101772,0.20646782219409943,7.087382512355233
pneumonia,NORMAL/IM-0311-0001.jpeg,0,control,0.004452447406947613,0.25194886326789856,7.21941669736811
pneumonia,PNEUMONIA/person19_bacteria_59.jpeg,1,control,0.0037463281769305468,0.19310450553894043,7.4475578352755525
pneumonia,PNEUMONIA/person17_bacteria_56.jpeg,1,control,0.003636507084593177,0.25019600987434387,7.181797043404782
pneumonia,PNEUMONIA/person441_bacteria_1905.jpeg,1,control,0.0051115164533257484,0.17305678129196167,7.389703691724237
pneumonia,PNEUMONIA/person73_bacteria_358.jpeg,1,control,0.002615678124129772,0.18231576681137085,7.105073921452999
pneumonia,PNEUMONIA/person437_bacteria_1884.jpeg,1,control,0.0019195631612092257,0.176200732588768,7.391836443023137
pneumonia,PNEUMONIA/person526_bacteria_2221.jpeg,1,control,0.0010186193976551294,0.14980287849903107,6.841828080880143
pneumonia,PNEUMONIA/person355_bacteria_1637.jpeg,1,control,0.003435762133449316,0.1574717015028,7.209846233092444
pneumonia,PNEUMONIA/person1342_bacteria_3407.jpeg,1,control,0.0033607473596930504,0.2544167637825012,7.245207341274668
pneumonia,NORMAL/IM-0691-0001.jpeg,0,control,0.006318310741335154,0.23040659725666046,7.387748634894164
pneumonia,PNEUMONIA/person1253_bacteria_3211.jpeg,1,control,0.0014770613051950932,0.15542693436145782,7.000957062603318
pneumonia,PNEUMONIA/person542_bacteria_2276.jpeg,1,control,0.0008203163743019104,0.11759104579687119,6.767750851167733
pneumonia,PNEUMONIA/person886_virus_1536.jpeg,1,control,0.003587970044463873,0.1939300000667572,7.325996672345824
pneumonia,PNEUMONIA/person623_bacteria_2495.jpeg,1,control,0.0028411943931132555,0.1835402101278305,6.8957199165026415
pneumonia,PNEUMONIA/person1200_virus_2042.jpeg,1,control,0.0011936196824535728,0.22418978810310364,7.357113692025484
pneumonia,NORMAL/NORMAL2-IM-1090-0001.jpeg,0,control,0.0051086703315377235,0.24900983273983002,7.564795886844274
pneumonia,PNEUMONIA/person471_bacteria_2006.jpeg,1,control,0.0020967128220945597,0.19382986426353455,7.424237486907424
pneumonia,PNEUMONIA/person1644_bacteria_4357.jpeg,1,control,0.0019478404428809881,0.21553164720535278,6.9019482205639076
pneumonia,NORMAL/IM-0553-0001.jpeg,0,control,0.004310457035899162,0.2519899606704712,7.319887448189908
pneumonia,NORMAL/IM-0612-0001-0001.jpeg,0,control,0.003873613430187106,0.26783642172813416,6.992397629623133
pneumonia,PNEUMONIA/person1399_bacteria_3549.jpeg,1,control,0.004541212692856789,0.2692581117153168,7.533335057568675
pneumonia,PNEUMONIA/person1038_bacteria_2972.jpeg,1,control,0.0035249367356300354,0.28048866987228394,7.1204679390325625
pneumonia,NORMAL/NORMAL2-IM-0974-0001.jpeg,0,control,0.004224428907036781,0.24541503190994263,7.292089867206669
pneumonia,PNEUMONIA/person1235_virus_2095.jpeg,1,control,0.003593016415834427,0.2851409316062927,7.23706723076591
pneumonia,PNEUMONIA/person723_virus_1342.jpeg,1,control,0.0028862906619906425,0.22529035806655884,7.206642817305758
pneumonia,PNEUMONIA/person1516_virus_2643.jpeg,1,control,0.004210413433611393,0.22291456162929535,7.635374415710108
pneumonia,NORMAL/NORMAL2-IM-1442-0001.jpeg,0,control,0.0044620404951274395,0.20883981883525848,7.048043116129507
pneumonia,PNEUMONIA/person793_virus_1424.jpeg,1,control,0.003738154424354434,0.20480823516845703,7.372468291870083
pneumonia,NORMAL/IM-0541-0001.jpeg,0,control,0.004736215807497501,0.28129464387893677,7.016271844495028
pneumonia,NORMAL/NORMAL2-IM-0659-0001.jpeg,0,control,0.004337409511208534,0.21226829290390015,7.514492485849725
pneumonia,PNEUMONIA/person385_virus_770.jpeg,1,control,0.002190224127843976,0.19731831550598145,7.227329904319799
pneumonia,PNEUMONIA/person504_bacteria_2129.jpeg,1,control,0.002004977548494935,0.18130116164684296,7.316090847714437
pneumonia,PNEUMONIA/person23_bacteria_84.jpeg,1,control,0.001998185645788908,0.20667928457260132,7.419820024772035
pneumonia,PNEUMONIA/person1103_virus_1825.jpeg,1,control,0.00436024647206068,0.2803974747657776,6.607335141041179
pneumonia,PNEUMONIA/person478_bacteria_2032.jpeg,1,control,0.001510315341874957,0.19084922969341278,6.9948394093425055
pneumonia,PNEUMONIA/person403_virus_803.jpeg,1,control,0.001167733920738101,0.15726085007190704,6.950565448812109
pneumonia,PNEUMONIA/person1936_bacteria_4852.jpeg,1,control,0.003910081926733255,0.20899634063243866,7.377155946833862
pneumonia,PNEUMONIA/person1314_virus_2268.jpeg,1,control,0.0012085908092558384,0.21001888811588287,6.8853795987518955
pneumonia,PNEUMONIA/person1877_bacteria_4761.jpeg,1,control,0.0036631044931709766,0.20641502737998962,7.408400400729987
pneumonia,PNEUMONIA/person46_bacteria_224.jpeg,1,control,0.003399456851184368,0.22797630727291107,7.30156047353699
pneumonia,PNEUMONIA/person575_virus_1119.jpeg,1,control,0.003371273400261998,0.25796031951904297,7.308033877873316
pneumonia,PNEUMONIA/person23_bacteria_97.jpeg,1,control,0.003224011743441224,0.19265294075012207,7.369470301501444
pneumonia,PNEUMONIA/person419_virus_861.jpeg,1,control,0.0017607110785320401,0.18803063035011292,7.305199914820723
pneumonia,NORMAL/IM-0523-0001-0002.jpeg,0,control,0.004437008872628212,0.23347164690494537,7.424922608986837
pneumonia,NORMAL/NORMAL2-IM-0463-0001.jpeg,0,control,0.0064465440809726715,0.24964876472949982,7.341684056732787
pneumonia,PNEUMONIA/person1482_virus_2571.jpeg,1,control,0.0013596503995358944,0.1844521462917328,7.252932414706432
pneumonia,PNEUMONIA/person264_bacteria_1228.jpeg,1,control,0.002550790086388588,0.20266219973564148,7.349786713815054
pneumonia,PNEUMONIA/person298_virus_618.jpeg,1,control,0.002024255460128188,0.1840740144252777,7.295534552981619
pneumonia,PNEUMONIA/person1619_bacteria_4267.jpeg,1,control,0.0023190919309854507,0.24973763525485992,6.9616106391553885
pneumonia,PNEUMONIA/person370_bacteria_1688.jpeg,1,control,0.0027982292231172323,0.20622721314430237,7.380261102460021
pneumonia,PNEUMONIA/person479_virus_978.jpeg,1,control,0.003346423851326108,0.25087615847587585,7.309236521947684
pneumonia,PNEUMONIA/person415_bacteria_1838.jpeg,1,control,0.0030550863593816757,0.19518934190273285,7.377761166818605
pneumonia,PNEUMONIA/person3_bacteria_12.jpeg,1,control,0.0036496948450803757,0.25547221302986145,7.2765509874429055
pneumonia,PNEUMONIA/person581_bacteria_2400.jpeg,1,control,0.0014891040045768023,0.13020165264606476,6.935663842787778
pneumonia,PNEUMONIA/person491_bacteria_2080.jpeg,1,control,0.002751507330685854,0.11890324205160141,6.827867955273217
pneumonia,NORMAL/IM-0166-0001.jpeg,0,control,0.006509836763143539,0.2569088935852051,7.382216781189269
